original,noised,predicted first,predicted middle,predicted last,predicted title,predicted suffix
Clodoaldo Paulino De Lima,Clodoaldo PaulinEo De Lima,Paulinoo,De Lima,Clodoaldo,,
Camilo Torres Tenorio,Camilo Trres Tenorio,Camilo,Trres,Tenorio,,
"Ribas, Andreson Dourado","Fibas, Andreson Dourado",Andreson,Dourado,Fibas,,
"Franco, Carmen Rosa","Franco, Carmem Rosa",Carmem,Rosa,Franco,,
Eduardo Adelino Da Silva,Eduardo Adelino DaSilva,Eduardo,Adelino Da,Silva,,
"Gancia, Carlo Vallarino","Gancia, Carlo Valfarino",Carlo,Valfarino,Gancia,,
Pedro Manuel Mendes Ribeiro,Pedro Manuel Mendes Rimbeiro,Pedro,Manuel Mendes,Rimbeiro,,
"Da Cruz, Renaldo Lopes","Da Cruz, RenaldoLopes",Renaldo,Lopes,Cruz,Dr,
Jairo Luis Blumer,Jairo Luis Bumer,Jairo,Luis,Bumer,,
"De Rueda, Jorge Bravo","De Rueda, Jorge Bravpo",Jorge,Bravpo,Rueda,Dr,
Ramiro Ledesma Ramos,Ramio Ledesma Ramos,Ramio,Ledesma,Ramos,,
"Owobokiri, Richard Daddy","Owobokiri, Richrd Daddy",Richrd,Daddy,Owobokiri,,
Carlos Fernando Navarro Montoya,Carlos Fernando Navarro Montqya,Carlos,Fernando Navarro,Montuya,,
"Miszak, Ana Cepinska","Miszak, Ana Cep2inska",Ana,Cepentha,Miszak,,
Luis A Eguiguren,Luis A EguViguren,Luis,A Edu,Viguren,,
Mary Anne De Paredes,Mary Anne De Pqredes,Mary,Anne De,Paredes,,
"Storni, Edgardo Gabriel","Storni, Edgardo Tabriel",Edgardo,Tabriel,Storni,,
"Alva, Felipe Pinglo",Alva. Felipe Pinglo,Alva,Felipe,Pinglo,,
Luis Eduardo Aute,Luis Ed3ardo Aute,Luis,Eddardo,Aute,,
"Claro, Adriano Correia","Clarc, Adriano Correia",Adriano,Correia,Clarc,,
Virginia Ruano Pascual,"Virginia,Ruano Pascual",Ruano,Pascual,Virginia,,
Alberto Rodriguez Larreta,Alberto Rodrigues Larreta,Alberto,Rodrigues,Larreta,,
"Reis, Marcos Roberto Silveira","Reis, Marcos Roberto SilveirGa",Marcos,Roberto Silveirre,Reis,,
Bruno Marques Menezes,Bruno Marques MeneCzes,Bruno,Marques,Menelzes,,
"Vera, Luis R","Vera, Lauis R",Lauis,R,Vera,,
"Pereira, Domingos Leite","PePeira, Domingos Leite",Domingos,Leite,Peveira,,
Givanildo Vieira De Souza,Givani4ldo Vieira De Souza,Givanilloo,Vieira De,Souza,,
"Soares, Juliano Gomes","Soares, Juliano Goes",Juliano,Goe,Soares,,
"Diez, Hormando Vaca",Diez Hormando Vaca,Diez,Hormand,Vaca,,
"Dominguez, Ramon A","Dominuez, Ramon A",Ramon,A,Domingez,,
Alfredo Armas Alfonzo,Alfredo rmas Alfonzo,Alfredo,Rmas,Alfonzo,,
"Clarke, Henri Jacques Guillaume","Clarke, Hejri Jacques Guillaume",Hejri,Jacques Guillaume,Clarke,,
Felix Dja Ettien,Felix Nja Ettien,Felix,Nja,Ettien,,
"Hombre, Francisco El","Hombre, Francisco LEl",Francisco,Ll,Hombre,,
Antonio Vespucio Liberti,Antonio Veispucio Liberti,Antonio,Veispucio,Liberti,,
Francisco Jairo Silva Santos,Francisco Nairo Silva Santos,Francisco,Nairo Silva,Santos,,
"Encalada, Manuel Blanco","Encalada, Manuel Blranco",Manuel,Blannco,Encalada,,
Francisco Diego Maciel,Francitsco Diego Maciel,Francitsoo,Diego,Maciel,,
"Dionisio, Christian Correa","Dionosio, Christian Correa",Christian,Correa,Dionosio,,
Rodrigo Correa Dantas,"Rodrigo Correa,Dantas",Correa,Dantas,Rodrigo,,
"Sousa, John Philip","Sousa, ohn Philip",Oon,Philip,Sousa,,
"Williams, Michael J","Williams, Michwael J",Michwael,J,Williams,,
Rene R Douglas,Rene R Rouglas,Rene,R,Rouglas,,
Gerardo Dos Santos,Gerardo Dos antos,Dos,Antos,Gerardo,,
"Grau, Roberto Diego","Gau, Roberto Diego",Roberto,Diego,Gau,,
Evilasio Leite Da Costa,Evilasio Lete Da Costa,Evilasio,Lete Da,Costa,,
"Oliveira, Willer Souza","Olivera, Willer Souza",Willer,Souza,Oliver,,
Ricardo Francisco Rojas,Ricardo Francisco RojaYs,Ricardo,Francisco,Rojals,,
"Yanten, Mario Sanchez","YanteG, Mario Sanchez",Mario,Sanchez,Yante,,
Luis Carrero Blanco,uis Carrero Blanco,Lis,Carrero,Blanco,,
Pedro Mujica Carassa,"Pedro Mujica,Carassa",Mujica,Carassa,Pedro,,
"Burlon, Jose Maria Flores","BurHon, Jose Maria Flores",Jose,Maria Flores,Burton,,
Muller Santos Da Silva,MullerSantos Da Silva,Muller,Santos Da,Silva,,
"Massera, Emilio Eduardo","Masser5a, Emilio Eduardo",Emilio,Eduardo,Masserra,,
Luis Pereira Robson,Luis Per4ira Robson,Luis,Perira,Robson,,
Samuel Herbert Wilson,Samuel Herbert Wiilson,Samuel,Herbert,Willson,,
Rafael Costa Silva Sandes,Rafmael Costa Silva Sandes,Rafmael,Costa Silva,Sandes,,
"Pupo, Rodrigo Tovar","Pipo, Rodrigo Tovar",Rodrigo,Tovar,Pipo,,
Diego Pereira Correa,Diego Pereira Corra,Diego,Pereira,Corra,,
"Rugeles, Manuel Felipe","Rugeles, Mayuel Felipe",Mayuel,Felipe,Rugeles,,
Eric A Williams,ric A Williams,Ric,A,Williams,,
Luis Roberto Alves,Luis Reberto Alves,Luis,Reberto,Alves,,
"Alvarez, Oscar Marcelino","Alvarez, Oscar Mar3celino",Oscar,Marccelino,Alvarez,,
"Cordas, Dino ","Cordas, Dio ",Dio,,Cordas,,
Juan March Ordinas,Juan Mardh Ordinas,Juan,Mardh,Ordinas,,
"Llama, Cristian Ezequiel","Llama, Cristian.Ezequiel",Cristian,Ezeqquel,Llama,,
Alfredo Salazar Southwell,Alfredo Salazar Sothwell,Alfredo,Salazar,Sothwell,,
Caio Vianna Martins,Caio Vhianna Martins,Caio,Vhianna,Martins,,
"Molina, Juan Ignacio","MoMina, Juan Ignacio",Juan,Ignacio,Moiia,,
Fiorella D'Croz Brusatin,"Fiorella D""Croz Brusatin",Fiorella,Derie,Brusatin,,
"Pleite, Willy Meyer","Pleite, WilLy Meyer",Wil,Ly Meyer,Pleite,,
Jorge Rodrigo Barrios,"Jor,e Rodrigo Barrios",Jore,Rodrigo,Barrios,,
Fernando Luiz Guilherme,Fernando Luiz Guilherm,Fernando,Luiz,Guilherm,,
"Troy, Charlene Engelhard","Troy, Cuharlene Engelhard",Cuharlene,Engelhard,Troy,,
Enrique Saborido,nrique Saborido,Erique,,Saborido,,
Rodrigo Flores,Rodrigo Flres,Rodrigo,,Flres,,
"Carrozzo, Evangelina","Carrozo, Evangelina",Evangelina,,Carrozo,,
"Trevisan, Iracema","Trevisn, Iracema",Iracema,,Trevisn,,
Omar Vizquel,JOmar Vizquel,Jomar,,Vizquel,,
"Goyeneche, Roberto","Goyenech, Roberto",Roberto,,Goyenech,,
"Costa, Da",Costa Da,Costa,,Da,,
"Secco, Deborah","Secco, jeborah",Jeborah,,Secco,,
Aurora Miranda,"A,rora Miranda",Arora,,Miranda,,
"Da Silva, Afonso","Da ilva, Afonso",Afonso,,Danilva,,
"Coelho, Paulo","Coe1lho, Paulo",Paulo,,Coeelho,,
Julio Olalla,Julo Olalla,Julo,,Olalla,,
"Rivelino, Roberto","Rivelino, oberto",Dberto,,Rivelino,,
Fernando Morena,Fernano Morena,Fernano,,Morena,,
"Aguirre, Ricardo","Aguirre, RicardB",Ricard,B,Aguirre,,
Floris Takens,Flors Takens,Flors,,Takens,,
Manuel Gondra,Manuel Gonda,Manuel,,Gonda,,
Hugo Mariutti,HuGo Mariutti,Huo,,Mariutti,,
"Teixeira, Paulo","Teixeira,, Paulo",Paulo,,Teikeirar,,
Arianney Nogueira,Arianney NogKeira,Arianney,Nog,Keira,,
Acelino Freitas,Acelino Treitas,Acelino,,Treitas,,
"Coghen, Mercedes","Coghen, Meprcedes",Meprcedes,,Coghen,,
Otavio Juliano,Otavio Julian5o,Otavio,,Julianto,,
"Santos, Kelson","Eantos, Kelson",Kelson,,Eantos,,
Paulo Duarte,Paulo DuarXte,Paulo,Duar,Xt,,
Sitti Navarro,Sitti Nabarro,Sitti,,Nabarro,,
"Pittman, Eliana","Pittman, Eliaa",Eliaa,,Pittman,,
Pedro Bordaberry,Pedro Bordberry,Pedro,,Bordberry,,
Octavio Ianni,"Octavio,Ianni",Ianni,,Octavio,,
"Angelelli, Enrique","Angelelli, Enriqie",Enriqie,,Angelelli,,
Diego Caupaphara,Diego CaupEaphara,Diego,Cau,Eaphara,,
"Motos, Teresa","Motos, TerDesa",Ter,Desa,Motos,,
Jorge Fossati,Jeorge Fossati,Jeorge,,Fossati,,
"Abrabanel, Isaac","Abrabanel, Isafac",Isafac,,Abrabanel,,
Claudio Milar,Claudio Milzr,Claudio,,Miler,,
"Ribeiro, Fernanda",Ribeiro Fernanda,Ribeiro,,Fernanda,,
"O'Reilly, Alejandro","O'Reilly, Alejwandro",Alejwandro,,Reilly,Ms,
"Belli, Laura","elli, Laura",Laura,,elli,,
Avec Tristesse,Aec Tristesse,Aec,,Tristesser,,
Shirley Gomes,Shirley omes,Ames,,Shirley,,
"Pedros, Reynald","PedRos, Reynald",Reynald,,Pedos,,
"Pepitone, Joe","Pepitone, Jo",Jo,,Pepitone,,
Fanny Lu,Facnny Lu,Facnny,,Lu,,
"Family, Parra","Fmily, Parra",Parra,,Fmily,,
Marcelo Fromer,Marceko Fromer,Marceko,,Frome,,
"Lombardi, Bruna","Lombardi, Brunw",Brun,,Lombardi,,
Sergio Batista,ergio Batista,ergio,,Batista,,
"Silva, Giant","Silva, Gint",Gint,,Silva,,
Argenis Salazar,Agenis Salazar,Agenis,,Salazar,,
"Diaz, Carlos","Diz, Carlos",Carlos,,Diz,,
Patricio Urrutia,Patrcio Urrutia,Patrcio,,Urrutia,,
"Bonds, De'Aundre","Bonds,  De'Aundre",De,Aundre,Bonds,,
Gabriel Heinze,Gabriel Hwinze,Gabriel,,Hwinze,,
"House, Alex","House, Alec",Alec,,House,,
"Paul, Sean","Paul, SeNn",Sen,,Paul,,
Francesca Hawkins,Francevca Hawkins,Francenca,,Hawkins,,
Hany Kauam,Hany Kaum,Hany,,Kaum,,
"Torres, Dilson","ToLrres, Dilson",Dilson,,Towres,,
Santa Fe,Manta Fe,Manta,,Fe,,
"Marinello, Beatriz","MariKnello, Beatriz",Beatriz,,Marinnello,,
Daniel Hernandes,Daniel Hrnandes,Daniel,,Hrnandes,,
Veronica Blume,Veronica Bltme,Veronica,,Bltme,,
"Terra, Gabriel","Terrs, Gabriel",Gabriel,,Terrs,,
Lyndon Hooper,Lyndon Hooger,Lyndon,,Hooger,,
"Eduardo, Carlos","Eluardo, Carlos",Carlos,,Eluardo,,
"Naveira, Natalie","Na7veira, Natalie",Natalie,,Narveira,,
Natalia Dorado,"Natalia,Dorado",Dorado,,Natalia,,
"Davidson, Elaine","Davicson, Elaine",Elaine,,Davicson,,
Ernesto Figueiredo,Ernesto FigueIredo,Ernesto,Figue,Iredo,,
"Menezes, Paulo","Menees, Paulo",Paulo,,Menees,,
Pedro Diniz,Pdro Diniz,Pro,,Diniz,,
Pedro Geromel,Pedro Gerlmel,Pedro,,Gerlmel,,
"Alessandri, Fernando",Alessandri Fernando,Alessandri,,Fernando,,
Camila Pitanga,Camila Pitang,Camila,,Pitang,,
"Ramon, Anselmo","Ramon, Aynselmo",Aynselmo,,Ramon,,
"Amigorena, Santiago","Amigorema, Santiago",Santiago,,Amigoremaz,,
"Wirth, Oscar",Wirth. Oscar,Wirtho,,Oscar,,
Ricardo Sperafico,Ricayrdo Sperafico,Ricayrdo,,Sperafico,,
"Calzadilla, Ernesto","Calzadillia, Ernesto",G,Ernesto,Calzadilli,,
Flavio Davino,Flavio Davin5o,Flavio,,Davinio,,
"Preussler, Roxana","Preussler, gRoxana",Rogana,,Preussler,,
"Moura, Eli-Eri","Moura, EliK-Eri",Elih,Eri,Moura,,
Alfonso Leng,AlfoAnso Leng,Alfo,Anso,Leng,,
"Plaza, Galo","Plaza, Gal",Gal,,Plaza,,
"Barros, Leila","Barros, LeiEla",Leiela,,Barros,,
"Barbat, Luis","BarbaQ, Luis",Luis,,Barba,,
"Piglia, Ricardo","Pig1ia, Ricardo",Ricardo,,Pigcia,,
Diego Maradona,Dieg Maradona,Dieg,,Maradona,,
Matias Vila,"Matias,Vila",Vila,,Matias,,
Ennio Candotti,Enhnio Candotti,Enhnio,,Candotti,,
"Tjon-A-Ten, Varina","Tjon-A-Ten, Varin",h,Tena Varin,Tjon,,
Marco Soares,Marc Soares,Marc,,Soares,,
"Alfred, Shondell","Afred, Shondell",Shondell,,Afred,,
Ted Robledo,Ted Roledo,Ted,,Roledo,,
"Camacho, Mario","Camancho, Mario",Mario,,Camancho,,
Rafael Godoy,Rafael Gody,Rafael,,Gody,,
"Dimenstein, Gilberto","Dimenstein, fGilberto",Gilberto,,Dimenstenn,,
Leo Dan,Leo DaQ,Leo,,Da,,
"Augusto, Infante","Auguksto, Infante",Infante,,Auguksto,,
H John Heinz IV,H Johb Heinz IV,H,Johb,Heinz,,IV
Diego Almagro II,Diego Almagro I,Diego,,Almagro,,IV
Ras Shorty I,Rs Shorty I,Rs,Shorty,I,,
Julio Medina III,JTlio Medina III,Jolio,,Medina,,III
