original,noised,predicted first,predicted middle,predicted last,predicted title,predicted suffix
Fujiwara No Atsutada,Fujiwara No Atsutada,Fujiwara,No,Atsutada,,
"Bali, Rai Umanath","Bali, Rai Umanath",Rai,Umanath,Bali,,
E A Smythies,E A Smythies,E,A,Smythies,,
"Lan, Cheung Tak","Lan, Cheung Tak",Cheung,Tak,Lan,,
Mir Khasim Ali,Mir Khasim Ali,Mir,Khasim,Ali,,
"Joshi, B C","Joshi, B C",B,C,Joshi,,
D R Bendre,D R Bendre,D,R,Bendre,,
"Sirohi, Giri Raj Singh","Sirohi, Giri Raj Singh",Giri,Raj Singh,Sirohi,,
George W Hunter,George W Hunter,George,W,Hunter,,
"Nakafumi, Fujiwara No","Nakafumi, Fujiwara No",Fujiwara,No,Nakafumi,,
J P Dutta,J P Dutta,J,P,Dutta,,
Ghulam Ahmed Pervez,Ghulam Ahmed Pervez,Ghulam,Ahmed,Pervez,,
"Sharma, Som Nath","Sharma, Som Nath",Som,Nath,Sharma,,
"Vacuum, Red Bacteria","Vacuum, Red Bacteria",Red,Bacteria,Vacuum,,
Gurmit Singh Aulakh,Gurmit Singh Aulakh,Gurmit,Singh,Aulakh,,
"Ho, Chan Wai","Ho, Chan Wai",Chan,Wai,Ho,,
S K Pottekkatt,S K Pottekkatt,S,K,Pottekkatt,,
Haing S Ngor,Haing S Ngor,Haing,S,Ngor,,
"Deora, Milind Murli","Deora, Milind Murli",Milind,Murli,Deora,,
Baldev Singh Dhillon,Baldev Singh Dhillon,Baldev,Singh,Dhillon,,
Minamoto No Noriyori,Minamoto No Noriyori,Minamoto,No,Noriyori,,
"Yoshitsuna, Minamoto No","Yoshitsuna, Minamoto No",Minamoto,No,Yoshitsuna,,
Bhakti Vaibhava Puri Maharaj,Bhakti Vaibhava Puri Maharaj,Bhakti,Vaibhava Puri,Maharaj,,
"Nanavati, G T","Nanavati, G T",G,T,Nanavati,,
Lai Chee Ying,Lai Chee Ying,Lai,Chee,Ying,,
"Cheuk, Poon Yiu","Cheuk, Poon Yiu",Poon,Yiu,Cheuk,,
Taira No Noritsune,Taira No Noritsune,Taira,No,Noritsune,,
"Yoshinari, David Soria","Yoshinari, David Soria",David,Soria,Yoshinari,,
"Jadeja, Ravindra Singh","Jadeja, Ravindra Singh",Ravindra,Singh,Jadeja,,
P Paul Verma,P Paul Verma,P,Paul,Verma,,
"Thakur, Ram Singh","Thakur, Ram Singh",Ram,Singh,Thakur,,
"Jeong, Seo Hye","Jeong, Seo Hye",Seo,Hye,Jeong,,
"Gill, Piara Singh","Gill, Piara Singh",Piara,Singh,Gill,,
"Wan, Khaw Boon","Wan, Khaw Boon",Khaw,Boon,Wan,,
Kulwant Singh Pannu,Kulwant Singh Pannu,Kulwant,Singh,Pannu,,
"Bokadia, K C","Bokadia, K C",K,C,Bokadia,,
Mohamed Ali Khan Walajan,Mohamed Ali Khan Walajan,Mohamed,Ali Khan,Walajan,,
V R Naren Kumar,V R Naren Kumar,V,R Naren,Kumar,,
"Fusasaki, Fujiwara No","Fusasaki, Fujiwara No",Fujiwara,No,Fusasaki,,
Muzammil H Siddiqi,Muzammil H Siddiqi,Muzammil,H,Siddiqi,,
"Kania, H J","Kania, H J",H,J,Kania,,
Premindra Singh Bhagat,Premindra Singh Bhagat,Premindra,Singh,Bhagat,,
"Kanemichi, Fujiwara No","Kanemichi, Fujiwara No",Fujiwara,No,Kanemichi,,
"Yadav, Karan Singh","Yadav, Karan Singh",Karan,Singh,Yadav,,
Kim Kwan Cheol,Kim Kwan Cheol,Kim,Kwan,Cheol,,
"Akimitsu, Fujiwara No","Akimitsu, Fujiwara No",Fujiwara,No,Akimitsu,,
Satyendra Narayan Sinha,Satyendra Narayan Sinha,Satyendra,Narayan,Sinha,,
"Suri, Sher Shah","Suri, Sher Shah",Sher,Shah,Suri,,
"Urs, D Devaraj","Urs, D Devaraj",D,Devaraj,Urs,,
Choi Soo Jong,Choi Soo Jong,Choi,Soo,Jong,,
"Puri, K R","Puri, K R",K,R,Puri,,
"Sano, Roy I","Sano, Roy I",Roy,I,Sano,,
Cathy Bao Bean,Cathy Bao Bean,Cathy,Bao,Bean,,
Nirmal Jit Singh Sekhon,Nirmal Jit Singh Sekhon,Nirmal,Jit Singh,Sekhon,,
"Yue, Wong Chun","Yue, Wong Chun",Wong,Chun,Yue,,
Cheung Man Kwong,Cheung Man Kwong,Cheung,Man,Kwong,,
J C Daniel,J C Daniel,J,C,Daniel,,
"Sang, Gaston Tong","Sang, Gaston Tong",Gaston,Tong,Sang,,
T N Kaul,T N Kaul,T,N,Kaul,,
"Yin, Chung Ho","Yin, Chung Ho",Chung,Ho,Yin,,
"Korenari, Fujiwara No","Korenari, Fujiwara No",Fujiwara,No,Korenari,,
Muhammad Hidayat Ullah,Muhammad Hidayat Ullah,Muhammad,Hidayat,Ullah,,
"Baba, Sant Gadge","Baba, Sant Gadge",Sant,Gadge,Baba,,
Mani Damodara Chakyar,Mani Damodara Chakyar,Mani,Damodara,Chakyar,,
"Singh, Bhai Taru","Singh, Bhai Taru",Bhai,Taru,Singh,,
R V Raveendran,R V Raveendran,R,V,Raveendran,,
Girdhari Lal Bhargava,Girdhari Lal Bhargava,Girdhari,Lal,Bhargava,,
"Eng, Yeap Cheng","Eng, Yeap Cheng",Yeap,Cheng,Eng,,
Pan Yin Tze,Pan Yin Tze,Pan,Yin,Tze,,
"Koretada, Fujiwara No","Koretada, Fujiwara No",Fujiwara,No,Koretada,,
Kenji Kosaka,Kenji Kosaka,Kenji,,Kosaka,,
"Suda, Issei","Suda, Issei",Issei,,Suda,,
"Daqian, Zhang","Daqian, Zhang",Zhang,,Daqian,,
Hu Jinguang,Hu Jinguang,Hu,,Jinguang,,
"Agnihotri, Bharat","Agnihotri, Bharat",Bharat,,Agnihotri,,
"Yunhe, Pan","Yunhe, Pan",Pan,,Yunhe,,
Gengshi Han,Gengshi Han,Gengshi,,Han,,
"Amritraj, Vijay","Amritraj, Vijay",Vijay,,Amritraj,,
Satoru Iwata,Satoru Iwata,Satoru,,Iwata,,
"Umino, Chica","Umino, Chica",Chica,,Umino,,
"Rana, Jadi","Rana, Jadi",Jadi,,Rana,,
Motohisa Furukawa,Motohisa Furukawa,Motohisa,,Furukawa,,
"Tang, Ai","Tang, Ai",Ai,,Tang,,
Takashi Ishizeki,Takashi Ishizeki,Takashi,,Ishizeki,,
"Seigen, Go","Seigen, Go",Go,,Seigen,,
Dinshah Irani,Dinshah Irani,Dinshah,,Irani,,
"Mochizuki, Masaaki","Mochizuki, Masaaki",Masaaki,,Mochizuki,,
Jal Cooper,Jal Cooper,Jal,,Cooper,,
"Masuda, Keiko","Masuda, Keiko",Keiko,,Masuda,,
Tsutomu Takebe,Tsutomu Takebe,Tsutomu,,Takebe,,
"Vora, Motilal","Vora, Motilal",Motilal,,Vora,,
Cang Xin,Cang Xin,Cang,,Xin,,
"Kowashi, Inoue","Kowashi, Inoue",Inoue,,Kowashi,,
Nobuyoshi Kuwano,Nobuyoshi Kuwano,Nobuyoshi,,Kuwano,,
"Morishima, Takeshi","Morishima, Takeshi",Takeshi,,Morishima,,
Kansei Nakano,Kansei Nakano,Kansei,,Nakano,,
Sukumar Ray,Sukumar Ray,Sukumar,,Ray,,
"Mupnar, Perumal","Mupnar, Perumal",Perumal,,Mupnar,,
Lai Heng,Lai Heng,Lai,,Heng,,
"Baskaran, Sathasivam","Baskaran, Sathasivam",Sathasivam,,Baskaran,,
Takashi Otsuka,Takashi Otsuka,Takashi,,Otsuka,,
"Yucheng, Wang","Yucheng, Wang",Wang,,Yucheng,,
"Tingfang, Bie","Tingfang, Bie",Bie,,Tingfang,,
Cheng Yi,Cheng Yi,Cheng,,Yi,,
"Zhuo, Dong","Zhuo, Dong",Dong,,Zhuo,,
Honda Tadamasa,Honda Tadamasa,Honda,,Tadamasa,,
"Chikafusa, Kitabatake","Chikafusa, Kitabatake",Kitabatake,,Chikafusa,,
Janardhana Poojary,Janardhana Poojary,Janardhana,,Poojary,,
"Taniguchi, Tomoko","Taniguchi, Tomoko",Tomoko,,Taniguchi,,
"Weifeng, Li","Weifeng, Li",Li,,Weifeng,,
Gao Qipei,Gao Qipei,Gao,,Qipei,,
"Takamachi, Nanoha","Takamachi, Nanoha",Nanoha,,Takamachi,,
Hirohiko Araki,Hirohiko Araki,Hirohiko,,Araki,,
Ieng Sary,Ieng Sary,Ieng,,Sary,,
"Honda, Hirotoshi","Honda, Hirotoshi",Hirotoshi,,Honda,,
Yang Guozhong,Yang Guozhong,Yang,,Guozhong,,
"Adhikari, Hemu","Adhikari, Hemu",Hemu,,Adhikari,,
Chino Moreno,Chino Moreno,Chino,,Moreno,,
"Kobayashi, Tomoki","Kobayashi, Tomoki",Tomoki,,Kobayashi,,
Ramo Nakajima,Ramo Nakajima,Ramo,,Nakajima,,
"Ito, Tatsuya","Ito, Tatsuya",Tatsuya,,Ito,,
Nana Patekar,Nana Patekar,Nana,,Patekar,,
"Sadamasa, Okudaira","Sadamasa, Okudaira",Okudaira,,Sadamasa,,
Elijah Impey,Elijah Impey,Elijah,,Impey,,
"Singh, Bijendra","Singh, Bijendra",Bijendra,,Singh,,
Tadao Ando,Tadao Ando,Tadao,,Ando,,
"Lim, Hyun","Lim, Hyun",Hyun,,Lim,,
Weichang Chien,Weichang Chien,Weichang,,Chien,,
Kumar Navaratnam,Kumar Navaratnam,Kumar,,Navaratnam,,
"Saluja, Renu","Saluja, Renu",Renu,,Saluja,,
Jayarama Reddy,Jayarama Reddy,Jayarama,,Reddy,,
"Guan, Tong","Guan, Tong",Tong,,Guan,,
Remi Kaler,Remi Kaler,Remi,,Kaler,,
"Shoujing, Guo","Shoujing, Guo",Guo,,Shoujing,,
Dodda Ganesh,Dodda Ganesh,Dodda,,Ganesh,,
"Ranatunga, Nishantha","Ranatunga, Nishantha",Nishantha,,Ranatunga,,
Yutaka Higuchi,Yutaka Higuchi,Yutaka,,Higuchi,,
"Tsai, Rick","Tsai, Rick",Rick,,Tsai,,
"Junjiro, Takakusu","Junjiro, Takakusu",Takakusu,,Junjiro,,
Yang Bo,Yang Bo,Yang,,Bo,,
"Xizhi, Wang","Xizhi, Wang",Wang,,Xizhi,,
Shiv Chopra,Shiv Chopra,Shiv,,Chopra,,
"Kakichi, Uchida","Kakichi, Uchida",Uchida,,Kakichi,,
Zhong Ding,Zhong Ding,Zhong,,Ding,,
"Watanabe, Tomoyoshi","Watanabe, Tomoyoshi",Tomoyoshi,,Watanabe,,
Mussarat Abbas,Mussarat Abbas,Mussarat,,Abbas,,
"Ganguly, Sourav","Ganguly, Sourav",Sourav,,Ganguly,,
Shivappa Nayaka,Shivappa Nayaka,Shivappa,,Nayaka,,
"Devi, Leela","Devi, Leela",Leela,,Devi,,
"Tadashige, Takatoriki","Tadashige, Takatoriki",Takatoriki,,Tadashige,,
Shinji Wada,Shinji Wada,Shinji,,Wada,,
"Singh, Gurnam","Singh, Gurnam",Gurnam,,Singh,,
Takashi Inui,Takashi Inui,Takashi,,Inui,,
"Kurihara, Harumi","Kurihara, Harumi",Harumi,,Kurihara,,
"Gongyao, Zhang","Gongyao, Zhang",Zhang,,Gongyao,,
"Nair, Damodran","Nair, Damodran",Damodran,,Nair,,
"Dighe, Sameer","Dighe, Sameer",Sameer,,Dighe,,
Micheal Nakamura,Micheal Nakamura,Micheal,,Nakamura,,
"Spector, Dave","Spector, Dave",Dave,,Spector,,
Rajshree Pathy,Rajshree Pathy,Rajshree,,Pathy,,
"Yumemakura, Baku","Yumemakura, Baku",Baku,,Yumemakura,,
Amit Shah,Amit Shah,Amit,,Shah,,
Matilal Sarkar,Matilal Sarkar,Matilal,,Sarkar,,
"Usagi, Miyamoto","Usagi, Miyamoto",Miyamoto,,Usagi,,
"Pandit, Ramai","Pandit, Ramai",Ramai,,Pandit,,
Raj Narain,Raj Narain,Raj,,Narain,,
"Kondo, Koji","Kondo, Koji",Koji,,Kondo,,
Reema Sen,Reema Sen,Reema,,Sen,,
"Naoyori, Shinjo","Naoyori, Shinjo",Shinjo,,Naoyori,,
Ma Zhong,Ma Zhong,Ma,,Zhong,,
"Panchbhai, Bhau","Panchbhai, Bhau",Bhau,,Panchbhai,,
"Guangyi, Wang","Guangyi, Wang",Wang,,Guangyi,,
"Hong, Gene","Hong, Gene",Gene,,Hong,,
"Tong, Zhou","Tong, Zhou",Zhou,,Tong,,
Nainendra Nand,Nainendra Nand,Nainendra,,Nand,,
"Fzono, Aqi","Fzono, Aqi",Aqi,,Fzono,,
Black Box,Black Box,Black,,Box,,
"Nijimura, Okuyasu","Nijimura, Okuyasu",Okuyasu,,Nijimura,,
Minako Seki,Minako Seki,Minako,,Seki,,
"Nagayasu, Hirano","Nagayasu, Hirano",Hirano,,Nagayasu,,
Prem Kumar,Prem Kumar,Prem,,Kumar,,
"Takai, Miho","Takai, Miho",Miho,,Takai,,
Yukimasa Obi,Yukimasa Obi,Yukimasa,,Obi,,
"Kawasaki, Audrey","Kawasaki, Audrey",Audrey,,Kawasaki,,
Qin Lang,Qin Lang,Qin,,Lang,,
"Moritomo, Saegusa","Moritomo, Saegusa",Saegusa,,Moritomo,,
Mir Qasim,Mir Qasim,Mir,,Qasim,,
"Tulsi, Acharya","Tulsi, Acharya",Acharya,,Tulsi,,
Arvind Dave,Arvind Dave,Arvind,,Dave,,
"Ma, Lao","Ma, Lao",Lao,,Ma,,
"Jun, Shiraoka","Jun, Shiraoka",Shiraoka,,Jun,,
Madhu Koda,Madhu Koda,Madhu,,Koda,,
"Watanabe, Yoshimi","Watanabe, Yoshimi",Yoshimi,,Watanabe,,
Lok Yiu,Lok Yiu,Lok,,Yiu,,
"Zan, Ni","Zan, Ni",Ni,,Zan,,
Mangesh Panchal,Mangesh Panchal,Mangesh,,Panchal,,
"Kanvinde, Achyut","Kanvinde, Achyut",Achyut,,Kanvinde,,
Karam Singh,Karam Singh,Karam,,Singh,,
Xiao Yanling,Xiao Yanling,Xiao,,Yanling,,
"Saburo, Mutsumi","Saburo, Mutsumi",Mutsumi,,Saburo,,
Sri Nagesh,Sri Nagesh,Sri,,Nagesh,,
"Zhaoying, Ye","Zhaoying, Ye",Ye,,Zhaoying,,
Eiichiro Washio,Eiichiro Washio,Eiichiro,,Washio,,
"Onuki, Keiko","Onuki, Keiko",Keiko,,Onuki,,
Rajendra Chola III,Rajendra Chola III,Rajendra,,Chola,,III
Krishna Raja Wadiyar IV,Krishna Raja Wadiyar IV,Krishna,Raja,Wadiyar,,IV
Shah Jahan III,Shah Jahan III,Shah,,Jahan,,III
Virupaksha Raya II,Virupaksha Raya II,Virupaksha,,Raya,,II
Rajendra Choda II,Rajendra Choda II,Rajendra,,Choda,,II
Bukka Raya II,Bukka Raya II,Bukka,,Raya,,II
Narasaraja Wodeyar II,Narasaraja Wodeyar II,Narasaraja,,Wodeyar,,II
Parantaka Chola II,Parantaka Chola II,Parantaka,,Chola,,II
Balbir Singh Sr.,Balbir Singh Sr.,Balbir,,Singh,,Sr
