original,noised,predicted first,predicted middle,predicted last,predicted title,predicted suffix
George Rostrevor Hamilton,George Rostrevor Hamilton,George,Rossoffor,Hamilton,,
"Ashton, Thomas Gair","Ashton, Thomas Gair",Thomas,Gaire,Ashton,,
John Cunningham Saunders,John Cunningham Saunders,John,Cunningahs,Saunders,,
"Acton, Charles Januarius","Acton, Charles Januarius",Charles,Janaarius,Acton,,
G D'Arcy Boulton,G D'Arcy Boulton,G,Dac,Boulton,,
"Fox-Davies, Arthur Charles","Fox-Davies, Arthur Charles",Arthur,Charles,Folpavies,,
"Davies, Hugh Sykes","Davies, Hugh Sykes",Hugh,Syke,Davies,,
"Conway, John S","Conway, John S",John,,Conway,,Sr
John Basson Humffray,John Basson Humffray,John,Basson,Huffray,,
"Centre, Carrubbers Christian","Centre, Carrubbers Christian",Carrubbess,Christian,Centre,,
"Gosset, William Sealy","Gosset, William Sealy",William,Sealy,Gossett,,
Cha Cha Cohen,Cha Cha Cohen,Chao,Cha,Cohen,,
"Handley, Wal L","Handley, Wal L",Wa,L,Handley,,
"Ieuaf, Hywel Ap","Ieuaf, Hywel Ap",Hywel,Ap,Iear,,
"Shahbazi, Alireza Shapour","Shahbazi, Alireza Shapour",Alireza,Shapourr,Shahbazi,,
William Crawford Williamson,William Crawford Williamson,William,Crawmord,Williamson,,
"Gill, Parmjit Singh","Gill, Parmjit Singh",Parmjit,Sing,Gill,,
"Gwylog, Elisedd Ap","Gwylog, Elisedd Ap",Elised,Ap,Gwylog,,
"Stoner, Edmund Clifton","Stoner, Edmund Clifton",Edmund,Clitton,Stoner,,
Elizabeth Jennings Graham,Elizabeth Jennings Graham,Elizabeth,Jennina,Graham,,
Raymond Lygo,Raymond Lygo,Raymond,,Lgo,,
Falconer Madan,Falconer Madan,Madan,,Falconer,,
"Bone, Peter","Bone, Peter",Peter,,Boone,,
"Mordt, Nils","Mordt, Nils",Nile,,Mordt,,
Tony Di Bart,Tony Di Bart,Tony,Di,Bart,,
George Beet Jnr.,George Beet Jnr.,George,,Beett,,Jnr
Thomas Tresham I,Thomas Tresham I,Thomas,Tresham,I,,
Thomas Assheton Smith I,Thomas Assheton Smith I,Thomas,Assheton Smith,I,,
Aubrey De Vere III,Aubrey De Vere III,Aubrey,De,Vere,,III
