original,noised,predicted first,predicted middle,predicted last,predicted title,predicted suffix
George Rostrevor Hamilton,George RostrevorHamilton,George,Rostrevor,Hamilton,,
"Thompson, Caroline H","Thompson, Caroltine H",Caroltine,H,Thompson,,
E M Grace,E M GRace,E,M,GRace,,
"Lethbridge, Thomas Charles","Lethbridge, ThomasCharles",Thomas,Charles,Lethbridge,,
Joseph Lowthian Hudson,Joseph Lowthian Hudon,Joseph,Lowthian,Hudon,,
"Barnes, Henry Edwin","Bbarnes, Henry Edwin",Henry,Edwin,Bbarnes,,
Michael L Williams,Michael L illiams,Michael,L,illiams,,
"Westwood, John Obadiah","Westwood, Johj Obadiah",Johj,Obadiah,Westwood,,
Edward William Vernon Harcourt,Edward Williamq Vernon Harcourt,Edward,Williamq Vernon,Harcourt,,
Harry Marshall Ward,HarryMarshall Ward,Harry,Marshall,Ward,,
"Ewing, Juliana Horatia","Ewing, Juliana HoratiWa",Juliana,HoratiWa,Ewing,,
John Cunningham Saunders,John CunninghAm Saunders,John,CunninghAm,Saunders,,
"Cook, Paul Anthony","Cook, Paul An5hony",Paul,An5hony,Cook,,
Edward Henry Trotter,Edyward Henry Trotter,Edyward,Henry,Trotter,,
Henry William Bunbury,Henry William BunbGury,Henry,William,BunbGury,,
"Acton, Charles Januarius","bActon, Charles Januarius",Charles,Januarius,bActon,,
Frederic Arthur Kelley,Frederic Arthur Keley,Frederic,Arthur,Keley,,
Michael E Pegram,Michael E Pegr7m,Michael,E,Pegr7m,,
"Fox-Davies, Arthur Charles","Fox-Davies, Arthur Zharles",Arthur,Zharles,Fox-Davies,,
John Henry Jones,John enry Jones,John,enry,Jones,,
"Davies, Hugh Sykes","Davies, Hugh SyKes",Hugh,SyKes,Davies,,
John Wallace Linton,John Wallce Linton,John,Wallce,Linton,,
James B Francis,James  B Francis,James,B,Francis,,
"Hudson, Robert William","Hudson,Robert William",Robert,William,Hudson,,
Kenneth Hamilton Jenkin,Kenneth Hamilton Jenin,Kenneth,Hamilton,Jenin,,
"Conway, John S","Cnway, John S",John,S,Cnway,,
John Basson Humffray,Jon Basson Humffray,Jon,Basson,Humffray,,
"Croker, John Wilson",Croker John Wilson,John,Wilson,Croker,,
"Centre, Carrubbers Christian","Centre, Carrubbers hristian",Carrubbers,hristian,Centre,,
"Gosset, William Sealy","Gosset, Willim Sealy",Willim,Sealy,Gosset,,
Charlotte Mary Yonge,Charlotte Mary Ynge,Charlotte,Mary,Ynge,,
"Strong, Samuel Henry","StrPong, Samuel Henry",Samuel,Henry,StrPong,,
"Hills, Richard L","Hills, Richad L",Richad,L,Hills,,
David Alfred Thomas,David Alfred Thomaw,David,Alfred,Thomaw,,
Cha Cha Cohen,Cha Cha Cohsen,Cha,Cha,Cohsen,,
"Greenhill, Alfred George","Grenhill, Alfred George",Alfred,George,Grenhill,,
Ben T Russell,Ben T Russekll,Ben,T,Russekll,,
"Handley, Wal L","HandBey, Wal L",Wal,L,HandBey,,
Sheilah Graham Westbrook,Sheilah GQaham Westbrook,Sheilah,GQaham,Westbrook,,
"Santmyer, Helen Hooven","Santmyer, Hlen Hooven",Hlen,Hooven,Santmyer,,
John E Owens,Joh E Owens,Joh,E,Owens,,
"Tennant, Edward Wyndham","Tenn4ant, Edward Wyndham",Edward,Wyndham,Tenn4ant,,
B V Bowden,B V Bwden,B,V,Bwden,,
"Seymour, Edward Hobart","Seymour, Eward Hobart",Eward,Hobart,Seymour,,
Arthur Shearly Cripps,Arthur Sharly Cripps,Arthur,Sharly,Cripps,,
"Bronson, James H","Bronson,James H",James,H,Bronson,,
"Ieuaf, Hywel Ap","Ieuaf, HywelAp",Hywel,Ap,Ieuaf,,
Ernest Henry Shears,Ernest Henry She4ars,Ernest,Henry,She4ars,,
"Tuke, James Hack","Tuke, JamesHack",James,Hack,Tuke,,
George Edward Cates,George Eward Cates,George,Eward,Cates,,
"Nation, Carrie A","gNation, Carrie A",Carrie,A,gNation,,
Roy Ward Baker,RoY Ward Baker,RoY,Ward,Baker,,
"Taylor, John Mark","Taylor, Joh Mark",Joh,Mark,Taylor,,
James Henry Monk,JamesHenry Monk,James,Henry,Monk,,
"Brewer, Ebenezer Cobham","Brewer, Ebrnezer Cobham",Ebrnezer,Cobham,Brewer,,
J Bruce Ismay,J BruceIsmay,J,Bruce,Ismay,,
"Ford, Brian J","For, Brian J",Brian,J,For,,
Anthony Clarke Booth,Anthony Clarvke Booth,Anthony,Clarvke,Booth,,
"Studios, Little Tardis","Studios, Little TarLdis",Little,TarLdis,Studios,,
James Clark Mcreynolds,Kames Clark Mcreynolds,Kames,Clark,Mcreynolds,,
"Annan, Daniel Francis","Annan, Daniel Fr2ncis",Daniel,Fr2ncis,Annan,,
George H Bryan,George H  Bryan,George,H,Bryan,,
William Howe Delancey,Wilaliam Howe Delancey,Wilaliam,Howe,Delancey,,
"Shahbazi, Alireza Shapour","GShahbazi, Alireza Shapour",Alireza,Shapour,GShahbazi,,
"Rogers, George Herbert","Rogers, George Herber",George,Herber,Rogers,,
"Massey, William Nathaniel","Madsey, William Nathaniel",William,Nathaniel,Madsey,,
William Crawford Williamson,WillYam Crawford Williamson,WillYam,Crawford,Williamson,,
"Workman, Charles H","Workman, Charales H",Charales,H,Workman,,
Charles William Bowerman,Charles William Boweran,Charles,William,Boweran,,
"Stokes, Henry Sewell","Stokes, aenry Sewell",aenry,Sewell,Stokes,,
Habib Nasib Nader,Habib Nasib Nadedr,Habib,Nasib,Nadedr,,
"Esmond, Henry V","EsmoFnd, Henry V",Henry,V,EsmoFnd,,
Thomas Walter Jennings,Thomas  Walter Jennings,Thomas,Walter,Jennings,,
"Dunning, Charles Avery","Dunn ng, Charles Avery",Charles,Avery,Dunn ng,,
Emrys Ap Iwan,Emrys sp Iwan,Emrys,sp,Iwan,,
"Saunders, William Wilson","Saunders, Eilliam Wilson",Eilliam,Wilson,Saunders,,
"Gill, Parmjit Singh","Gill, Parmjit Sihgh",Parmjit,Sihgh,Gill,,
C H Douglas,C  H Douglas,C,H,Douglas,,
"Gwylog, Elisedd Ap","Gwylog, Elisedd Ad",Elisedd,Ad,Gwylog,,
William Gifford Palgrave,WilliamGifford Palgrave,William,Gifford,Palgrave,,
"Oglesby, Richard James","Oglesby, Richard  James",Richard,James,Oglesby,,
Bryan R Wilson,Wryan R Wilson,Wryan,R,Wilson,,
"Stoner, Edmund Clifton","Stoner, EdmundClifton",Edmund,Clifton,Stoner,,
Elizabeth Jennings Graham,ElizabethJennings Graham,Elizabeth,Jennings,Graham,,
Moses A Hopkins,Moses A Hpkins,Moses,A,Hpkins,,
Freddy Shepherd,Fredy Shepherd,Fredy,,Shepherd,,
Keith Shine,Keith Sine,Keith,,Sine,,
"Lamont, John","Lamoht, John",John,,Lamoht,,
John Silkin,JohnSilkin,John,,Silkin,,
"Courtney, Richard","Courtey, Richard",Richard,,Courtey,,
Eldridge Cleaver,Eldridgr Cleaver,Eldridgr,,Cleaver,,
Duncan Mclaren,DuncanMclaren,Duncan,,Mclaren,,
"Newbon, Gary","NewbLon, Gary",Gary,,NewbLon,,
Brian Greene,BriaH Greene,BriaH,,Greene,,
Alfred Waud,AlfredWaud,Alfred,,Waud,,
George Ault,GeorgeAult,George,,Ault,,
"Davies, Bryn","DavieZs, Bryn",Bryn,,DavieZs,,
Richard Jugge,Richard hJugge,Richard,,hJugge,,
"Sinden, Jeremy","Sinden,Jeremy",Jeremy,,Sinden,,
Frederick Cavendish,Frederick  Cavendish,Frederick,,Cavendish,,
"Carey, Archibald","Care7, Archibald",Archibald,,Care7,,
"Beaumont, Dave","Beaumont,  Dave",Dave,,Beaumont,,
Ernest Creighton,Ernest  Creighton,Ernest,,Creighton,,
"Bamford, Maria",Bamford Maria,Maria,,Bamford,,
"Neame, Philip","Neame, Pnilip",Pnilip,,Neame,,
Raymond Lygo,Rayumond Lygo,Rayumond,,Lygo,,
"Blaney, Donal","Blany, Donal",Donal,,Blany,,
Drew Bledsoe,Drew BledsoLe,Drew,,BledsoLe,,
"Dingle, Butch","Dingle,Butch",Butch,,Dingle,,
Kieran Gibbs,Kieran Gibb6,Kieran,,Gibb6,,
Sasha Perera,Sasha Pjrera,Sasha,,Pjrera,,
"Williamson, Mike","Williamson, Mke",Mke,,Williamson,,
John Amias,JohnAmias,John,,Amias,,
"Garrod, Archibald","Garrod, Srchibald",Srchibald,,Garrod,,
Michael King,Michael Kig,Michael,,Kig,,
"Bishop, David","BiHhop, David",David,,BiHhop,,
William Lloyd,William  Lloyd,William,,Lloyd,,
"Drennan, Martin","Drennan, Ma,tin","Ma,tin",,Drennan,,
Henry Strauss,Henry  Strauss,Henry,,Strauss,,
John Pringle,John Prinle,John,,Prinle,,
"Murray, Matthew","Murray, Matthdw",Matthdw,,Murray,,
Otis Hartley,OtisHartley,Otis,,Hartley,,
"Hulbert, Jack","Hulbert, Jac1k",Jac1k,,Hulbert,,
Francis Freeling,Francis Freheling,Francis,,Freheling,,
"Toone, Frederick","Tone, Frederick",Frederick,,Tone,,
Chrissie Wellington,Chrisie Wellington,Chrisie,,Wellington,,
Dean Brill,Dean Brll,Dean,,Brll,,
"Anderson, Daphne","Ancderson, Daphne",Daphne,,Ancderson,,
Rob Davies,Rob  Davies,Rob,,Davies,,
"Gaunt, William","aunt, William",William,,aunt,,
Julie Buckfield,Julie Buxkfield,Julie,,Buxkfield,,
"Sandel, Michael",Sandel Michael,Michael,,Sandel,,
"Braine, John","Braine, Jhn",Jhn,,Braine,,
George Parshall,George Prshall,George,,Prshall,,
"Pinn, Robert","Pin, Robert",Robert,,Pin,,
William King,William ing,William,,ing,,
Jane Birkin,ane Birkin,ane,,Birkin,,
"Curr, Edward",Curr Edward,Edward,,Curr,,
Clifford Harper,Clfford Harper,Clfford,,Harper,,
"Mitchell, Tom","Mitchell, TUm",TUm,,Mitchell,,
"Neate, Patrick","Neate,Patrick",Patrick,,Neate,,
Barrie Bates,BarrieBates,Barrie,,Bates,,
Alfred Butler,Alfref Butler,Alfref,,Butler,,
"Tanqueray, Paul","Tanqueray,  Paul",Paul,,Tanqueray,,
Philip Turner,Phil9ip Turner,Phil9ip,,Turner,,
"Robinson, Rachel","Robison, Rachel",Rachel,,Robison,,
Gillian Knight,illian Knight,illian,,Knight,,
"French, Nicki",French  Nicki,Nicki,,French,,
William Foulke,William FDulke,William,,FDulke,,
Dean Downing,Dean Dowwning,Dean,,Dowwning,,
"Spedding, Charlie","Spedding, Charie",Charie,,Spedding,,
Robert Worcester,HRobert Worcester,HRobert,,Worcester,,
"Martin, Leslie","Martin, Lesli",Lesli,,Martin,,
Brian Horton,Bran Horton,Bran,,Horton,,
Keith Hampson,Keith Hapson,Keith,,Hapson,,
"Powell, Darren","Powdll, Darren",Darren,,Powdll,,
Lloyd Doyley,Lloyf Doyley,Lloyf,,Doyley,,
"Dragas, George","Dragxas, George",George,,Dragxas,,
Howie Camnitz,Howie amnitz,Howie,,amnitz,,
"Rickards, John","Rickards,  John",John,,Rickards,,
Selwyn Image,Seowyn Image,Seowyn,,Image,,
"Osborne, Sarah","Osborne, Saah",Saah,,Osborne,,
Henry Compton,HenryCompton,Henry,,Compton,,
"Redmond, Moira","Rdmond, Moira",Moira,,Rdmond,,
Charles Manners,CharlesManners,Charles,,Manners,,
Lena Jeger,LenaJeger,Lena,,Jeger,,
"Rush, Ian","Rush,Ian",Ian,,Rush,,
Richard Grimsdale,RicharAd Grimsdale,RicharAd,,Grimsdale,,
"Hodges, Johnny","Hodges, JohBnny",JohBnny,,Hodges,,
Andrew Wilson,Andrew WilsLon,Andrew,,WilsLon,,
"Gobbo, James","Goebbo, James",James,,Goebbo,,
Nicholas Nuttall,Nicholas  Nuttall,Nicholas,,Nuttall,,
"Bateman, Sean","Batemn, Sean",Sean,,Batemn,,
Andy Pick,Andy Ppck,Andy,,Ppck,,
"Woolston, Thomas","WooOlston, Thomas",Thomas,,WooOlston,,
"Lovich, Lene","Lovich, DLene",DLene,,Lovich,,
Barry Trapnell,Barry Tapnell,Barry,,Tapnell,,
"Riddle, Stu","Riddle, tu",tu,,Riddle,,
Rosamund Clifford,Rosamund plifford,Rosamund,,plifford,,
"Montagu, Henry","Montagt, Henry",Henry,,Montagt,,
Jody Dobrowski,Uody Dobrowski,Uody,,Dobrowski,,
"Truelove, Owen","Truelove,Owen",Owen,,Truelove,,
Jacob Sanders,Jacob QSanders,Jacob,,QSanders,,
"Abrahams, Esther","Abrahams, Esthe",Esthe,,Abrahams,,
Patrick Harvie,PatrickHarvie,Patrick,,Harvie,,
"Baker, Janet","Bzker, Janet",Janet,,Bzker,,
Robert Vernon,Robert Ver2non,Robert,,Ver2non,,
"Currie, Tony","Currie, T7ony",T7ony,,Currie,,
"Lyell, Nicholas","LyelBl, Nicholas",Nicholas,,LyelBl,,
Tony Rolt,Tony  Rolt,Tony,,Rolt,,
"Brereton, William",Brereton  William,William,,Brereton,,
Robert Pugh,RobertPugh,Robert,,Pugh,,
"Moore, Billy","Miore, Billy",Billy,,Miore,,
Conrad Gates,ConradGates,Conrad,,Gates,,
"Neitz, David","Neitz, DPavid",DPavid,,Neitz,,
Peter Callander,Peter  Callander,Peter,,Callander,,
"Hancox, Richard","Hancox,Richard",Richard,,Hancox,,
"Miller, Trevor","Miller,Trevor",Trevor,,Miller,,
Jeffrey Tate,Jeffrey VTate,Jeffrey,,VTate,,
"Francis, Stu","Francis,Stu",Stu,,Francis,,
Leslie Plummer,LesliePlummer,Leslie,,Plummer,,
"Thomas, Sandy",Thomas. Sandy,Sandy,,Thomas,,
Albert Hall,Albert Hsll,Albert,,Hsll,,
"Cale, John","Fale, John",John,,Fale,,
Gilbert Longden,GilbeIt Longden,GilbeIt,,Longden,,
"Abrahams, Sidney","Abrahams, Sudney",Sudney,,Abrahams,,
Alexander Windsor,AlexanderWindsor,Alexander,,Windsor,,
"Hayes, Frank","H4ayes, Frank",Frank,,H4ayes,,
Charles Wilmot,Charles  Wilmot,Charles,,Wilmot,,
"Ludham, Godfrey","Ludham, Godf5ey",Godf5ey,,Ludham,,
Bob Shankly,Bob ShaZnkly,Bob,,ShaZnkly,,
"Silver, Millicent","Silver,Millicent",Millicent,,Silver,,
Joseph Hewitt,JosephHewitt,Joseph,,Hewitt,,
"Lancaster, Stuart","Lancaster, Start",Start,,Lancaster,,
"Simmons, Rachel","Sigmmons, Rachel",Rachel,,Sigmmons,,
Alfred Tasker,Al6fred Tasker,Al6fred,,Tasker,,
"Imiela, Antoni","Imixela, Antoni",Antoni,,Imixela,,
"Mordt, Nils","MoDrdt, Nils",Nils,,MoDrdt,,
Robert Bell,Robrt Bell,Robrt,,Bell,,
"Hughes, Bettany","eHughes, Bettany",Bettany,,eHughes,,
Tom Sykes,Tojm Sykes,Tojm,,Sykes,,
"Ryder, Janet","Ryder, Jantet",Jantet,,Ryder,,
William Rathbone III,William Rathbone  III,William,,Rathbone,,III
Henry Wise Jr.,Henry WiseJr.,Henry,,Wise,,Jr
A Jackson Jr.,A  Jackson Jr.,A,,Jackson,,Jr
Kenny Cooper Sr.,Kenny Cooper  Sr.,Kenny,,Cooper,,Sr
Andrew Hugine Jr.,Andrew Hugine Jr..,Andrew,,Hugine,,Jr
Elmer P Martin Jr.,Elmer P MBrtin Jr.,Elmer,P,MBrtin,,Jr
Thomas Wedgwood IV,Thomas Wedgwood  IV,Thomas,,Wedgwood,,IV
George Beet Snr.,George Bwet Snr.,George,,Bwet,,Snr
George Shenton Sr,Gerge Shenton Sr,Gerge,,Shenton,,Sr
Josiah Wedgwood III,Josiah Wedgwood  III,Josiah,,Wedgwood,,III
