original,noised,predicted first,predicted middle,predicted last,predicted title,predicted suffix
George Rostrevor Hamilton,George RostrevorHamilton,Georgee,Rosteefog,Hamilton,,
"Thompson, Caroline H","Thompson, Caroltine H",Caroltine,H,Thompson,,
E M Grace,E M GRace,E,M,Race,,
Joseph Lowthian Hudson,Joseph Lowthian Hudon,Joseph,Lowthian,Hudon,,
"Barnes, Henry Edwin","Bbarnes, Henry Edwin",Henry,Edwin,Bbarnes,,
Michael L Williams,Michael L illiams,Michael,L,Illias,,
Edward William Vernon Harcourt,Edward Williamq Vernon Harcourt,Edward,William Vernon,Harrourt,,
"Ewing, Juliana Horatia","Ewing, Juliana HoratiWa",Juliana,Horatina,Ewing,,
John Cunningham Saunders,John CunninghAm Saunders,John,Cunninghte,Saunders,,
Edward Henry Trotter,Edyward Henry Trotter,Edyward,Henry,Trotter,,
"Bush, Stephen J","Bush, StepheM J",Stephe,M J,Bush,,
"Acton, Charles Januarius","bActon, Charles Januarius",Charles,Januarius,Baton,,
Frederic Arthur Kelley,Frederic Arthur Keley,Frederic,Arthur,Keley,,
"Montagu, Edwin Samuel",Montagu Edwin Samuel,Montagu,Edwin,Samuel,,
G D'Arcy Boulton,"G D'Arcy,Boulton",G,Daryy,Boulton,,
"Fox-Davies, Arthur Charles","Fox-Davies, Arthur Zharles",Arthur,Zharles,Foxgavies,,
John Henry Jones,John enry Jones,John,Anry,Jones,,
"Webb, George James",Webb. George James,Webb,George,James,,
Louis L Redding,LouisL Redding,Louis,,Redding,,
"Davies, Hugh Sykes","Davies, Hugh SyKes",Hugh,Syes,Davies,,
John Wallace Linton,John Wallce Linton,John,Walli,Linton,,
Kenneth Hamilton Jenkin,Kenneth Hamilton Jenin,Kenneth,Hamilpon,Jenin,,
John Basson Humffray,Jon Basson Humffray,Jon,Basson,Humfray,,
"Centre, Carrubbers Christian","Centre, Carrubbers hristian",Carrubbers,Kristiae,Centre,,
Innes Harold Stranger,Innes.Harold Stranger,Innese,Harold,Stranger,,
"Gosset, William Sealy","Gosset, Willim Sealy",Willim,Sealy,Gosset,,
Charlotte Mary Yonge,Charlotte Mary Ynge,Charlotte,Mary,Yenge,,
David Alfred Thomas,David Alfred Thomaw,David,Alfred,Thoma,,
"Englander, A A","Englander, AA",Ar,,Englander,,
Cha Cha Cohen,Cha Cha Cohsen,Cha,Cha,Cohsen,,
"Greenhill, Alfred George","Grenhill, Alfred George",Alfred,George,Grenhill,,
Sheilah Graham Westbrook,Sheilah GQaham Westbrook,Sheilah,Maham,Westbrook,,
"Santmyer, Helen Hooven","Santmyer, Hlen Hooven",Hlen,Hooven,Santhyer,,
John E Owens,Joh E Owens,Joh,E,Owens,,
"Seymour, Edward Hobart","Seymour, Eward Hobart",Eward,Hobart,Seymour,,
Arthur Shearly Cripps,Arthur Sharly Cripps,Arthur,Sharly,Cripps,,
George Edward Cates,George Eward Cates,George,Eward,Cates,,
Roy Ward Baker,RoY Ward Baker,Rob,Ward,Baker,,
"Taylor, John Mark","Taylor, Joh Mark",Joh,Mark,Taylor,,
"Brewer, Ebenezer Cobham","Brewer, Ebrnezer Cobham",Ernezel,Cobaam,Brewer,,
"Ford, Brian J","For, Brian J",Brian,J,For,,
Charles Hesterman Merz,"Charles Hesterman,Merz",Charles,,Hesterman,,
John Cooper Forster,"John Cooper,Forster",John,,Cooper,,
"Williams, Thomas H","Williams, Thomas,H",Thomas,,Williams,,Jr
James Clark Mcreynolds,Kames Clark Mcreynolds,Kames,Clark,Mcreynolds,,
"Fuller, Meta Vaux Warrick","Fuller, Meta VauxWarrick",Meta,Vauxaaania,Fuller,,MD
"Wigington, Clarence W","Wigington,, Clarence W",Clarence,W,Wiggington,,
William Howe Delancey,Wilaliam Howe Delancey,Wilaliam,Howe,Delancey,,
"Shahbazi, Alireza Shapour","GShahbazi, Alireza Shapour",Alireza,Shapul,Shahbazi,,
"Rogers, George Herbert","Rogers, George Herber",George,Herber,Rogers,,
William F Woodington,"William F,Woodington",William,Fe,Woodington,,
"Massey, William Nathaniel","Madsey, William Nathaniel",William,Nathaniel,Madsey,,
William Crawford Williamson,WillYam Crawford Williamson,William,Crawword,Williamson,,
"Workman, Charles H","Workman, Charales H",Charales,H,Workman,,
Charles William Bowerman,Charles William Boweran,Charles,William,Boweran,,
"Stokes, Henry Sewell","Stokes, aenry Sewell",Aerry,Sewell,Stokes,,
Emrys Ap Iwan,Emrys sp Iwan,Emrys,S,Iwan,,
"Saunders, William Wilson","Saunders, Eilliam Wilson",Eilliam,Wilson,Saunders,,
"Gill, Parmjit Singh","Gill, Parmjit Sihgh",Parmjit,Sith,Gill,,
"Gwylog, Elisedd Ap","Gwylog, Elisedd Ad",Elised,Ad,Gsylog,,
Bryan R Wilson,Wryan R Wilson,Waryan,R,Wilson,,
Elizabeth Jennings Graham,ElizabethJennings Graham,Elizabeth,Jennina,Graham,,
"Simms, George Otto","Simms, George ,Otto",George,,Simms,,
Moses A Hopkins,Moses A Hpkins,Moses,A,Hipkins,,
Freddy Shepherd,Fredy Shepherd,Fredy,,Shepherd,,
"Blumenthal, Heston","uBlumenthal, Heston",A,Heston,Alumentha,,
Keith Shine,Keith Sine,Keith,,Sine,,
"Lamont, John","Lamoht, John",John,,Lamoht,,
"Courtney, Richard","Courtey, Richard",Richard,,Courtey,,
Eldridge Cleaver,Eldridgr Cleaver,Eldridger,,Cleaver,,
"Holdsworth, Dean","Hol8dsworth, Dean",J,Dean,Holdswort,,
"Willingham, Ken","Willingham,, Ken",J,Ken,Willingham,,
"Sinden, Jeremy","Sinden,Jeremy",Jeremy,,Sindens,,
"Carey, Archibald","Care7, Archibald",Archibald,,Care,,
Nicola Stanbridge,Nicola StanbridgFe,Stanbridge,e,Nicola,,
Michael Harris,MicDhael Harris,Harris,,Michaer,,
"Neame, Philip","Neame, Pnilip",Panilie,,Neame,,
Raymond Lygo,Rayumond Lygo,Rayumond,,Lygo,,
"Blaney, Donal","Blany, Donal",Donal,,Blany,,
"Townshend, Cliff",Townshend Cliff,Townashend,,Cliff,,
Sasha Perera,Sasha Pjrera,Sasha,,Purera,,
John Amias,JohnAmias,John,,Amis,,
"Garrod, Archibald","Garrod, Srchibald",Srichibald,,Garrod,,
Michael King,Michael Kig,Michael,,Kig,,
"Bishop, David","BiHhop, David",David,,Birhop,,
"Drennan, Martin","Drennan, Ma,tin",Matin,,Drennan,,
John Pringle,John Prinle,John,,Prinle,,
"Murray, Matthew","Murray, Matthdw",Matthede,,Murray,,
Francis Freeling,Francis Freheling,Francis,,Freheling,,
"Toone, Frederick","Tone, Frederick",Frederick,,Tone,,
Chrissie Wellington,Chrisie Wellington,Chrisie,,Wellington,,
Dean Brill,Dean Brll,Dean,,Bell,,
"Gaunt, William","aunt, William",William,,Aunt,,
Sean Haslegrave,Sean Hasleghrave,Sean,,Hasleghrav,,Sr
"Pinn, Robert","Pin, Robert",Robert,,Pin,,
William King,William ing,William,,Ing,,
Jane Birkin,ane Birkin,Ane,,Birkin,,
Falconer Madan,Falconer Mhadan,Mhadan,,Falconer,,
Alfred Butler,Alfref Butler,Alfre,,Butler,,
"Robinson, Rachel","Robison, Rachel",Rachel,,Robison,,
Gillian Knight,illian Knight,illian,,Knight,,
"French, Nicki",French  Nicki,Nickk,,French,,
William Foulke,William FDulke,William,,Dulke,,
"Midgley, Gladys",Midgley. Gladys,Midghey,,Gladys,,
Dean Downing,Dean Dowwning,Dean,,Downning,,
"Spedding, Charlie","Spedding, Charie",Charie,,Spedding,,
Brian Horton,Bran Horton,Bran,,Horton,,
Keith Hampson,Keith Hapson,Keith,,Hapsson,,
Lloyd Doyley,Lloyf Doyley,Lloyf,,Doyley,,
Howie Camnitz,Howie amnitz,Howie,,Amnitz,,
Selwyn Image,Seowyn Image,Sepwyn,,Image,,
"Redmond, Moira","Rdmond, Moira",Mobira,,Rodmond,,
Richard Grimsdale,RicharAd Grimsdale,Richarad,,Grimdale,,
"Gobbo, James","Goebbo, James",James,,Goebbo,,
Andy Pick,Andy Ppck,Andy,,Pack,,
Barry Quinn,"Barry,Quinn",Quinn,,Barry,,
"Lovich, Lene","Lovich, DLene",Dene,,Lovich,,
Barry Trapnell,Barry Tapnell,Barry,,Tapnell,,
"Riddle, Stu","Riddle, tu",Lu,,Riddle,,
Rosamund Clifford,Rosamund plifford,Rosamund,,Glifford,,
"Montagu, Henry","Montagt, Henry",Henry,,Montag,,
Jody Dobrowski,Uody Dobrowski,Uody,,Dobrowski,,
"Abrahams, Esther","Abrahams, Esthe",Esthe,,Abrahams,,
John Whitbourn,"John,Whitbourn",Whitbourn,,John,,
"Moore, Billy","Miore, Billy",Billy,,More,,
"Neitz, David","Neitz, DPavid",Pavid,,Neitz,,
Heneage Finch,Heneage  Finch,Finch,,Heneagen,,
Jeffrey Tate,Jeffrey VTate,Jeffrey,,Tite,,
"Cale, John","Fale, John",John,,Fale,,
"Abrahams, Sidney","Abrahams, Sudney",Sudney,,Abrahams,,
Charles Wilmot,Charles  Wilmot,Charles,,Wilmoth,,
"Lancaster, Stuart","Lancaster, Start",Start,,Lancaster,,
"Simmons, Rachel","Sigmmons, Rachel",Rachel,,Sigmmons,,
"Imiela, Antoni","Imixela, Antoni",Antoni,,Iminela,,
Michael Horovitz,"Michael,Horovitz",Horovito,,Michael,,
"Mordt, Nils","MoDrdt, Nils",Nil,,Mordt,,
"Hughes, Bettany","eHughes, Bettany",Bettany,,Rughes,,
"Ryder, Janet","Ryder, Jantet",Jante,,Ryder,,
Tony Di Bart,Tony Di aBart,Tony,Di,Bart,,
Thomas Tresham I,Thoas Tresham I,Thomas,Tresham,I,,
Thomas Assheton Smith I,Thomas Assheton Zmith I,Thomas,Assheton Zmith,I,,
George Beet Snr.,George Bwet Snr.,George,,Bet,,Snr
Aubrey De Vere III,Augbrey De Vere III,Auggrey,De,Vere,,III
George Shenton Sr,Gerge Shenton Sr,Gergee,,Shenton,,Sr
Joseph Burke II,Joseph Burke RI,Joseph,Burke,R,,
