original,noised,predicted first,predicted middle,predicted last,predicted title,predicted suffix
Clodoaldo Paulino De Lima,Clodoaldo Paulino De Lima,Clodolaldo,Paulino De,Lima,,
"Martins, Valdemar Rodrigues","Martins, Valdemar Rodrigues",Valdemar,Rodriguus,Martins,,
Eduardo Adelino Da Silva,Eduardo Adelino Da Silva,Eduardo,Adelino Da,Silva,,
"Da Cruz, Renaldo Lopes","Da Cruz, Renaldo Lopes",Renaldo,Lopes,Cruz,Dr,
"De Rueda, Jorge Bravo","De Rueda, Jorge Bravo",Jorge,Bravo,Rueda,Dr,
"Owobokiri, Richard Daddy","Owobokiri, Richard Daddy",Richard,Daddy,Owokokiri,,
Mary Anne De Paredes,Mary Anne De Paredes,Mary,Ann De,Paredes,,
Luis Eduardo Aute,Luis Eduardo Aute,Eduardo,Aute,Luis,,
"Reyes, Alfonso Gumucio","Reyes, Alfonso Gumucio",Alfonso,Gumicio,Reyes,,
Carlos Julio Arosemena Tola,Carlos Julio Arosemena Tola,Carlos,Julio Arosemnaa,Tola,,
Alberto Rodriguez Larreta,Alberto Rodriguez Larreta,Alberto,Rodriguea,Larreta,,
"Reis, Marcos Roberto Silveira","Reis, Marcos Roberto Silveira",Marcos,Roberto Silviri,Reis,,
Givanildo Vieira De Souza,Givanildo Vieira De Souza,Givanildo,Vieira De,Souza,,
"Diez, Hormando Vaca","Diez, Hormando Vaca",Hormand,Vaca,Diez,,
"Clarke, Henri Jacques Guillaume","Clarke, Henri Jacques Guillaume",Henri,Jacques Guillaame,Clarke,,
"Hombre, Francisco El","Hombre, Francisco El",Francisco,El,Hombe,,
Antonio Vespucio Liberti,Antonio Vespucio Liberti,Antonio,Veppecio,Liberti,,
Rene R Douglas,Rene R Douglas,Renee,R,Douglas,,
Evilasio Leite Da Costa,Evilasio Leite Da Costa,Evilasio,Leite Da,Costa,,
Pedro Mujica Carassa,Pedro Mujica Carassa,Pedro,Mudica,Carassa,,
Muller Santos Da Silva,Muller Santos Da Silva,Muller,Santos Da,Silva,,
Luis Pereira Robson,Luis Pereira Robson,Luis,Perrira,Robson,,
"Santos, Cleberson Souza","Santos, Cleberson Souza",Cleberson,Soua,Santos,,
"Llama, Cristian Ezequiel","Llama, Cristian Ezequiel",Cristian,Ezeeiei,Llama,,
Caio Vianna Martins,Caio Vianna Martins,Cai,Vianna,Martins,,
Fiorella D'Croz Brusatin,Fiorella D'Croz Brusatin,Fiorella,Daron,Brusatin,,
"Luzia, Maxlei Dos Santos","Luzia, Maxlei Dos Santos",Maxlei,Doss Santos,Luzia,,
"Troy, Charlene Engelhard","Troy, Charlene Engelhard",Charlene,Engeshard,Troy,,
"Da Silva, Afonso","Da Silva, Afonso",Afonso,,Silva,Dr,
"Rivelino, Roberto","Rivelino, Roberto",Robert,,Rivelino,,
Claudio Milar,Claudio Milar,Claudio,,Millar,,
"O'Reilly, Alejandro","O'Reilly, Alejandro",Alejandro,,Oreilly,,
Avec Tristesse,Avec Tristesse,Ave,,Tristesse,,
"Feofiloff, Paulo","Feofiloff, Paulo",Paulo,,Felofiloff,,
"Bonds, De'Aundre","Bonds, De'Aundre",De,Anndre,Bonds,,
Sequeira Costa,Sequeira Costa,Costa,,Sequeira,,
Patricia Janiot,Patricia Janiot,Patricia,,Janot,,
"Ramon, Anselmo","Ramon, Anselmo",Ansemmo,,Ramon,,
"Moura, Eli-Eri","Moura, Eli-Eri",Eli,Eri,Moura,,
Matias Vila,Matias Vila,Matias,,Villa,,
"Tjon-A-Ten, Varina","Tjon-A-Ten, Varina",Varina,,Tjonsen,,
Rubens Farias Jr.,Rubens Farias Jr.,Ruben,,Farias,,Jr
Ras Shorty I,Ras Shorty I,Ras,Shorty,I,,
