original,noised,predicted first,predicted middle,predicted last,predicted title,predicted suffix
John Ssebaana Kizito,John Sebaana Kizito,John,Sebawana,Kizito,,
"Jones, V M","Jones,V M",V,,Jones,,MD
Hama Amirou Ly,Hma Amirou Ly,Hema,Amirou,Ly,,
"Nascimento, Lopo Do","Nascimento, Lopo Djo",Loo,Djo,Nascimento,,
Ras Mengesha Yohannes,Ras Mngesha Yohannes,Rasa,Mangesha,Yohantes,,
Martha Sandolo Belleh,MTartha Sandolo Belleh,Tartha,Sandolo,Belleh,,
"Akandu, Lawrence Chimezie","Akandu, Lawrence Chiezie",Lawrence,Chinzie,Akandu,,
Darge Sahle Selassie,Darge Sahle Sepassie,Darge,Sahle,Sepassier,,
Fred Kwasi Apaloo,Frd Kwasi Apaloo,Fr,Kasi,Apaloo,,
"Chaurembo, Ania Said","Chaurembo, Ania Sa2d",Anita,Sand,Chaurembo,,
Mathias Meinrad Chikawe,rMathias Meinrad Chikawe,Mathinas,Meinad,Chikawe,,
"Yahia, Wissem Ben","Yahia, Wisem Ben",Wisem,Ben,Yahia,,
Aziza Sleyum Ally,Aziza Sl8eyum Ally,Aziza,Sileyum,Ally,,
"Barque, Barry Moussa","Barque, Bary Moussa",Bary,Moussa,Barque,,
"Dada, Idi Amin","Dad, Idi Amin",Idi,Amin,Dad,,
Hilary R W Johnson,Hilary Ru W Johnson,Hilary,Ru W,Johnson,,
Asha Haji Elmi,Asa Haji Elmi,Asa,Hajmi,Elmi,,
"Dlamini, Jameson Mbilini","Dlamini,, Jameson Mbilini",Jameson,Mubilini,Dlaminik,,
"Nouira, Hedi Amara","Nouira, Hedi ATara",Hedi,Aaraa,Nounira,,
F Abiola Irele,F Abiopa Irele,F,Abipa,Ireele,,
"Achour, Selim Ben","Achour, SelGim Ben",Selin,Ben,Achour,,
J E A Wey,J EA Wey,J,Ea,Wey,,
"Dodge, Ralph Edward","DodgD, Ralph Edward",Ralph,Edward,Dodg,,
John Kodwo Amissah,John Kodwo Aissah,John,Kodwo,Aissah,,
"Ezeh, Alphonsus Azuogu","Ezdh, Alphonsus Azuogu",Alphonsus,Azuunu,Ezzhi,,
Abubakar Tafawa Balewa,Abubaka Tafawa Balewa,Abubaka,Tagawa,Balewa,,
"Mbongo, Mbedi A","Mbongo, MbPdi A",Medi,A,Mbongo,,
Amadou Tidiane Tall,Amadou TidianPe Tall,Tidiane,Tall,Amadou,,
"Seko, Mobutu Sese","Sek, Mobutu Sese",Mobutu,Sese,Sek,,
Fernando Neves Nando,Fernando Nevew Nando,Fernando,Neve,Nando,,
"Bayntun, Henry William","Bayntun, QHenry William",Qenry,William,Bayntun,,
Helton Samo Cunha,Helton Sao Cunha,Helton,Sao,Cunha,,
"Dorda, Abuzed Omar","Dord, Abuzed Omar",Abuzed,Omar,Dord,,
"Samatar, Muse Dude","Samatar, Muse Dudte",Mushe,Dudte,Samatar,,
Hemed Mohammed Hemed,Hemmed Mohammed Hemed,Hemmed,Mohammed,Hemed,,
Ama Sefa Yeboah,Aa Sefa Yeboah,Aa,Sefa,Yeboah,,
"Deerow, Abdallah Isaaq","Deerow, AbdaIllah Isaaq",Abda,Illah Isaak,Derow,,
Maua Abeid Daftari,Maua Mbeid Daftari,Mara,Muddi,Daftari,,
"Toivo, Andimba Toivo Ya","Toivo,Andimba Toivo Ya",Andicba,Toivo Ya,Toivo,,
Louis Lansana Beavogui,Louis Lansana eavogui,Louis,Lansana,Eavoguie,,
"Khamis, Mwajuma Hassan","Khamis, Mwaquma Hassan",Maquma,Hassan,Khamis,,
Gosbert Begumisa Blandes,Gosbert Begumisa Blandels,Gosbert,Begotisa,Blandels,,
"Mariam, Mahisente Habte","Mariam, Mahisente Habt",Mahisente,Habt,Mariam,,
"Massaoued, Amir Hadj","Massaoued, Amir HadAj",Amir,Had,Massaoeued,,
Buka Suka Dimka,Buka SuXa Dimka,Buka,Suha,Dimka,,
"Tuweni, Kamilya Mohammedi","Tuweni, Kamilya Mohammed",Kamilya,Mohammed,Tuweni,,
Charles N Keenja,Charles NKeenja,Charles,,Keenja,,
"Khatib, Muhammed Seif","Khatib, Muhammed Seijf",Muhammed,Sei,Khatib,,
George Mutandwa Chiweshe,George Mutandwa Chiwehe,George,Mutanda,Chiwehe,,
"Ameir, Kheri Khatib",Ameir. Kheri Khatib,Amerir,Kheri,Khatib,,
Theophilus Adeleke Akinyele,Theophilus Adelee Akinyele,Theobhilus,Adelee,Akinyele,,
Valery Twite Nahayo,Valery Twite Nahay,Valery,Twite,Nahay,,
"Hidig, Abdirashid Mohamed","Hidig, Abdirashid Moham5ed",Abdirashid,Mohammed,Hidig,,
Mohammed Aliyu Datti,Mohammed Aliyu Dtti,Mohammed,Aliyu,Detti,,
"Diallo, Anthony Mwandu","Diallo, Anghony Mwandu",Anghony,Mandu,Diallo,,
Mbah Ndam Joseph Njang,Mbah  Ndam Joseph Njang,Mbah,Nam Josepp,Najang,,
"Daar, Aden Abdullah Osman","Daar, Aden AbdullahOsman",Aden,Abdulllaha,Daar,,PhD
"At-Talhi, Jadallah Azzuz","At-Talhi, Jadallah  Azzuz",Jadallah,Azzz,Attalhi,,
Muhammad Shamte Hamadi,Muhammad Shamte amadi,Muhammad,Shamte,Amadi,,
"Chuka, Stefano Okaka",Chuka Stefano Okaka,Chuka,Stefano,Okaka,,
Adetona Gabriel Balogun,Adetona Gariel Balogun,Adetona,Gariel,Balogui,,
"Salami, Adigun Taofeek","alami, Adigun Taofeek",Adigun,Taoreek,Alami,,
Anthony Snoti Laffor,Anthony Snoti.Laffor,Anthony,Snotia,Laffor,,
"Khalfan, Salim Abdallah","Khalfa, Salim Abdallah",Salim,Abdallah,Khalfa,,
Larbi Ben M'Hidi,Larbi BUen M'Hidi,Larbi,Ben,Muid,,
"Kayombo, Gaudence Cassian","Kyombo, Gaudence Cassian",Gaudence,Cassian,Kyombo,,
Batilda Salha Burian,Bttilda Salha Burian,Betilda,Salha,Burian,,
"Kitole, Haji Mussa","Kitoe, Haji Mussa",Haji,Mussa,Kitoe,,
Zakia Mrisho Mohamed,ZakiaMrisho Mohamed,Zakia,Marisho,Mohamed,,
Ntare Rutaganzwa Rugamba,Ntare RZtaganzwa Rugamba,Notare,Rotanwala,Rugamba,,
"Odinga, Jaramogi Oginga","Odinga, Jaramogi Ogi1ga",Jaramogi,Ogiga,Odinga,,
"Obinna, Victor Nsofor","Obinna, Victor Nsofo",Victor,Nyofo,Obinna,,
"Goje, Mohammed Danjuma","Goje,,Mohammed Danjuma",Mohammed,Danjuma,Gojel,,
Barnabas Sibusiso Dlamini,Barnabas Silbusiso Dlamini,Barnabas,Silissiso,Dlamini,,
"Hashi, Mohamed Abdi","ashi, Mohamed Abdi",Mohamed,Abdi,Ashi,,
Botan Ise Alin,Botan Ise Qlin,Botan,Ise,Qin,,
"Arfi, Said Amour","Arfi, Sad Amour",Sad,Amour,Arfi,,
Abdi Hasan Awale Qeybdiid,Agbdi Hasan Awale Qeybdiid,Agdudi,Hasan Awale,Qeybdid,,
"Mayaki, Ibrahim Hassane","Mayaki, IbCrahim Hassane",Ibbrrahim,Hassane,Mayaki,,
Maria Ibeshi Hewa,MaRria Ibeshi Hewa,Maria,Ibeshia,Hewa,,
"Apagya, Philip Kwame","Apagya, Phili[ Kwame",Philie,Kame,Apagya,,
Zainab Amir Gama,Zainab Ami Gama,Zainab,Amit,Gama,,
"Animashaun, Mustapha Adamu","AnimaKshaun, Mustapha Adamu",o,Mustapha Adamu,Animasham,,
Abdirizak Haji Hussein,Abdiriza4 Haji Hussein,Abdiriza,Hani,Hussein,,
"Mabandla, Thandatha Jongilizwe","Mabandla,Thandatha Jongilizwe",Thandatha,Jongillie,Mabandla,,
"Chipande, Alberto Joaquim","Chipande,Alberto Joaquim",Alberto,Joaqui,Chipander,,
Mohammed Said Bareh,Mohammed aid Bareh,Aid,Bareth,Mohammed,,
"Sabodo, Mustafa Jaffer","Sabodo, Mustafa Jafer",Mustafa,Jafer,Sabodo,,
Loyce Biira Bwambale,"Loyce Bi,ira Bwambale",Loyce,Bikira,Bambale,,
"Alo, E B","Alo,.E B",E,B,Alon,,
Coster Balakasi,CostIr Balakasi,Costir,,Balakasi,,
"Katsonga, Davis","Katsong, Davis",Davis,,Katsong,,
"Kamaphitha, Uzibhebhu",Kamaphitha Uzibhebhu,Kamapritha,,Uzibenhuu,,
Tavio Amorin,Tavio Amgorin,Tavio,,Agorin,,
Shanyurai Majange,"Shanyurai,Majange",Majange,,Shanyurai,,
"Bencherif, Hamza","Bencherif,, Hamza",Hamza,,Bencheri,,
Herbert Chitepo,Herert Chitepo,Herert,,Chitelo,,
Gbenga Oluokun,GbengaOluokun,Gbenga,,Olukun,,
"Salema, Anziza","Salema,  Anziza",Anzia,,Salema,,
Efua Sutherland,Efua Dutherland,Efua,,Dutherland,,
"Otieno, Francis","tieno, Francis",Francis,,Sieno,,
Mohammed Muyei,MohammedMuyei,Mohammed,,Muye,,
"Uti, Sunday","Uti, unday",Unday,,Uti,,
"Madagascar, Rasoherina","Madagascar, Rasoerina",Rashebria,,Madagascar,,
"Mbangwa, Mpumelelo",Mbangwa. Mpumelelo,Mabnanwal,,Mhumelell,,
Ganiou Soglo,Ganiou  Soglo,Ganiku,,Soglo,,
"Karg, Morne","Kar, Morne",Morne,,Kar,,
Bisoye Tejuoso,Bisoye Tej8oso,Bisoje,,Tejoso,,
Olusegun Obasanjo,Olusegun Obasanlo,Olugegun,,Obasano,,
"Cheapoo, Chea","Cgheapoo, Chea",Chea,,Chheapoo,,
Asha-Rose Migiro,Asha-ose Migiro,Ashalose,,Migiro,,
"Girone, Remo","Girone, Reko",Reko,,Girone,,
Muumin Aadan,sMuumin Aadan,Muumin,,Aladan,,
"Bungei, Wilfred",Bungei  Wilfred,Bungei,,Wilfred,,
Shawn Gericke,Shaen Gericke,Sharen,,Gericke,,
"Yahyaoui, Insaf","Yahyaoui, InsaT",Insa,T,Yahrgoui,,
Koranteng Amoako,Koraneng Amoako,Amoako,,Koraneng,,
"Ouma, Kassim","Oumka, Kassim",Kassie,,Ouka,,
Sara Gizaw,Sara Gizw,Sara,,Gi,,
"Tesfaw, Adamu","Tesfaw, Adau",Adam,,Testaw,,
"Gnonka, Liade","Gnonka, iade",Made,,Gnonka,,
Ibrahim Idris,Ibrahim  Idris,Iris,,Ibrahim,,
"Morello, Tom","Morell, Tom",Tom,,Morell,,
Tsandzile Ndwandwe,Tsandzile Ndwadwe,Trandill,,Ndwade,,
"Nsibambi, Apolo","Nxibambi, Apolo",Apolo,,Nzibangi,,
Kuku Sebsebe,Kuku Sebdebe,Sebebe,,Kuku,,
"Wube, Tiruwork","Wube, Tiruwrk",Tirdork,,Wube,,
"Mekuria, Zelalem","Mskuria, Zelalem",Zelalem,,Maskuria,,
Moussa Coulibaly,Moussa Couligaly,Moussa,,Couligaly,,
Za Dengel,Za Dngel,Za,,Dangel,,
"Modo, Ben","Modo,,Ben",Ben,,Mondol,,
Stanford Derere,StanfordDerere,Stanfor,,Derere,,
"Otieno, Musa","OtieVo, Musa",Musa,,Otiero,,
"Mwakwere, Ali","Mwakwere,.Ali",Ali,,Mwakere,,
Djamel Abdoun,"Djamel,Abdoun",Abdoun,,Djamel,,
"Aggudey, George","Aggudey, Gorge",Gorge,,Agnudey,,
Souleymane Youla,CSouleymane Youla,C,Shulemane,Youla,,
"Rabarivony, Franck","Rabarivony, Franc",Franco,,Rabarivony,,
Marco Airosa,Marco  Airosa,Mark,,Alrosa,,
"Boateng, Paul","Boateng, Haul",Haul,,Boateng,,
Yimam Yejju,Yimam ejju,Yimam,,Eju,,
Tom Nyariki,Tom Nyarii,Tom,,Nyarii,,
"Codjia, Coffi","CodRjia, Coffi",Coffi,,Codria,,
Jadavji Jesani,JadavjiJesani,Jadavi,,Jesani,,
"Akuda, Fanizani","Akuda, Fmnizani",Fnnizani,,Akuda,,
"Kabadi, Haroun","Kabadi, Harun",Harun,,Kabadi,,
"Black, Byron","Black, Byroun",Byroun,,Black,,
"Benikhlef, Amar","Benikhlef,Amar",Amar,,Benikhlee,,
Caroline Chikezie,Carwoline Chikezie,Caraline,,Chikezie,,
"Gripper, Trevor","Grilper, Trevor",Trevor,,Grilper,,
Rudy Haddad,Rudy Hasdad,Rudy,,Hasdad,,
"Dibaba, Ejegayehu","Dibaba, Ejeayehu",Eleajenu,,Dibaba,,
Maurice Tadajeu,Maurice TadCajeu,Maurice,Tad,Cajeu,,
"Lwanga, Carl","Lwangs, Carl",Carl,,Lwangs,,
Hidipo Hamutenya,Hldipo Hamutenya,Mldipo,,Hamuteny,,
"Munyaneza, Henri",Munyaneza Henri,Munyaneza,,Henri,,
Mbulaeni Mulaudzi,"Mbulaeni,Mulaudzi",Mulaundai,,Mbulaeni,,
"Aga, Alemu","Aga,Alemu",Alem,,Aga,,
"Moses, Victor","Mosejs, Victor",Victor,,Mosens,,
"Raho, Slimane","Raho, Simane",Simane,,Raco,,
Richard Mateelong,Richard  Mateelong,Richard,,Mattelong,,
Gloria Kemasuode,Gl7ria Kemasuode,Gloria,,Kemasuude,,
"Plaatjies, Sydney","Paatjies, Sydney",Sydney,,Paatjies,,
Tekle Haymanot,TePle Haymanot,Tele,,Hayjanot,,
"Asokuh, Eloka","Asokuh,Eloka",Eloka,,Asoku,,
Hakainde Hichilema,Hakainde HichileMma,Hakaxinde,Hichhle,Mma,,
"Makinwa, Stephen","Maklnwa, Stephen",Stephen,,Maklenwa,,
Marguerite Barankitse,Marg5uerite Barankitse,Marguerit,e,Barankirse,,
"Abdirahman, Abdihakem","Abdirahman, Abdhakem",Abdhakem,,Abdirahama,,
"Mbom, Ephrem","Mbom, Efhrem",Efhrem,,Mbom,,
"Duarte, Bela","Duabte, Bela",Bella,,Duabate,,
"Belaid, Tijani",Belaid Tijani,Belai,,Tijani,,
Tessema Absher,Teswsema Absher,Tessama,,Absher,,
Amha Selassie,Amha Selassae,Amha,,Selassae,,
"Djoussouf, Abbas","Djossouf, Abbas",Abbas,,Djossouf,,
Tsehaiwork Darge,Tsehaiwork  Darge,Tsehaiwiro,,Darge,,
"Keshi, Stephen",Keshi Stephen,Keshi,,Stephen,,
"Metref, Hocine","Metref,Hocine",Hocine,,Metre,,
Edmund Morris,"Edmund,Morris",Morris,,Edmund,,
"Olympio, Sylvanus","Olympio, Sylvans",Sylvans,,Olumpio,,
Ibrahim Babangida,Iubrahim Babangida,Iubrahim,,Babangida,,
"Diamoutene, Souleymane","Deiamoutene, Souleymane",a,Soulemang,Deiamouten,,
"Ugbusien, Moses","Ugbusin, Moses",Moses,,Ubusin,,
Sone Aluko,Sone Alubko,Sone,,Alubo,,
"Ha-Dani, Eldad","a-Dani, Eldad",Eldad,,Dani,,
Moses Ashikodi,Moses  Ashikodi,Moses,,Ashiikodi,,
Ronald Snapper,Fonald Snapper,Fonald,,Senapper,,
Taytu Betul,Taytu Betu,Tatu,,Betu,,
"Oyinlola, Olagunsoye","Oyinlla, Olagunsoye",Olagunsole,,Oginalla,,
Yobes Ondieki,Ybes Ondieki,Yubes,,Ondeki,,
"Afro, Teddy","Afro,.Teddy",Teddy,,Argo,,
Gerrie Snyman,GIrrie Snyman,Garrie,,Snyman,,
"Ekpe, Simeon","Ekpe, STimeon",Timeon,,Ekpe,,
"Bizu, Sifrash","Bizu, Sifrosh",Sifrosh,,Bizu,,
Tito Chingunji,Tito Cbingunji,Tito,,Chengini,,
"Lacarne, Belaid",Lacarne. Belaid,Belai,,Lacarne,,
Akintola Deko,Akintoa Deko,Akintya,,Deko,,
"Kitamirike, Joel",Kitamirike  Joel,Kitamirike,,Joel,,
"Nwosu, Julius","Nwpsu, Julius",Julius,,Nepsu,,
Alaixys Romao,Alaixys.Romao,Alailsy,,Rommao,,
"Yahia, Alaeddine","Yahia,.Alaeddine",Alayeddine,,Yahia,,
Osei Kofi Tutu I,Osei Kofi utu I,Kofi,Stu I,Osei,,
Mikel John OBI,Mikel  John OBI,Mikel,John,O,,
Nana Osei Bonsu II,Nana Osei Bonsu MII,Nayna,Osei,Bonseu,,MD
William Drew Robeson I,William Drew RobesoYn I,William,Drew,Robeson,,II
Mari Djata II,Mqri Djata II,Mari,,Dejata,,III
