original,noised,predicted first,predicted middle,predicted last,predicted title,predicted suffix
Clodoaldo Paulino De Lima,Clodoaldo PaulinEo De Lima,Clodolaldo,Paulino De,Lima,,
"Martins, Valdemar Rodrigues","Martins,  Valdemar Rodrigues",Valdemar,Rodriguus,Martins,,
Camilo Torres Tenorio,Camilo Trres Tenorio,Camilo,Tres,Tenorio,,
"Ribas, Andreson Dourado","Fibas, Andreson Dourado",Andreson,Dourado,Fibas,,
Luis Ignacio Quinteros,Luis  Ignacio Quinteros,Lui,Ignanio,Quinteros,,
Eduardo Adelino Da Silva,Eduardo Adelino DaSilva,Eduardo,Adelino,Dalilva,,
"Gancia, Carlo Vallarino","Gancia, Carlo Valfarino",Carlo,Valfarino,Gancia,,
"Franco, Valdomiro Vaz","Franco, Valdomir8o Vaz",Valdomirio,Vaz,Franco,,
Pedro Manuel Mendes Ribeiro,Pedro Manuel Mendes Rimbeiro,Pedro,Manuel Mendes,Rimbeiro,,
"Da Cruz, Renaldo Lopes","Da Cruz, RenaldoLopes",Renaldo,Lopes,Cruz,Dr,
Jairo Luis Blumer,Jairo Luis Bumer,Jairo,Luis,Bumer,,
"De Rueda, Jorge Bravo","De Rueda, Jorge Bravpo",Jorge,Bravo,Rueda,Dr,
Ramiro Ledesma Ramos,Ramio Ledesma Ramos,Ramio,Ledesma,Ramos,,
Carlos Fernando Navarro Montoya,Carlos Fernando Navarro Montqya,Carlos,Fernando Navarro,Montaya,,
"Miszak, Ana Cepinska","Miszak, Ana Cep2inska",Ana,Cepisika,Mizzak,,
Luis A Eguiguren,Luis A EguViguren,Luis,A,Eguuiguren,,
Mary Anne De Paredes,Mary Anne De Pqredes,Mary,Anne De,Paredes,,
"Storni, Edgardo Gabriel","Storni, Edgardo Tabriel",Edgardo,Tabriel,Storni,,
"Alva, Felipe Pinglo",Alva. Felipe Pinglo,Alva,Felipe,Pinglo,,
Luis Eduardo Aute,Luis Ed3ardo Aute,Luis,Eddardo,Aute,,
"Claro, Adriano Correia","Clarc, Adriano Correia",Adrian,Correlia,Clarc,,
Virginia Ruano Pascual,"Virginia,Ruano Pascual",Rueno,Pascal,Virginia,,
"Witte, Jean Carlo","Witte,, Jean Carlo",Jean,Carlos,Witter,,
Alberto Rodriguez Larreta,Alberto Rodrigues Larreta,Alberto,Rodricuus,Larreta,,
"Reis, Marcos Roberto Silveira","Reis, Marcos Roberto SilveirGa",Marcos,Roberto Silverrr,Reis,,
Bruno Marques Menezes,Bruno Marques MeneCzes,Bruno,Marques,Menezze,,
"Vera, Luis R","Vera, Lauis R",Lais,R,Vera,,
"Pereira, Domingos Leite","PePeira, Domingos Leite",Dominnio,Leite,Pepeira,,
Givanildo Vieira De Souza,Givani4ldo Vieira De Souza,Givanieldo,Viiira De,Souza,,
"Soares, Juliano Gomes","Soares, Juliano Goes",Juliano,Goes,Soares,,
"Amaral, Tarsila Do","Amaral, 3Tarsila Do",Tersila,Do,Amaral,,
"Diez, Hormando Vaca",Diez Hormando Vaca,Diez,Hormando,Vaca,,
"Dominguez, Ramon A","Dominuez, Ramon A",Ramon,A,Dominuez,,
Alfredo Armas Alfonzo,Alfredo rmas Alfonzo,Alfredo,Oyas,Alfonzo,,
"Clarke, Henri Jacques Guillaume","Clarke, Hejri Jacques Guillaume",Hejri,Jacques Guillaume,Clarke,,
Felix Dja Ettien,Felix Nja Ettien,Felix,Neja,Ettien,,
"Hombre, Francisco El","Hombre, Francisco LEl",Francisco,Lel,Hombre,,
Antonio Vespucio Liberti,Antonio Veispucio Liberti,Antonio,Vriscutio,Liberti,,
Francisco Jairo Silva Santos,Francisco Nairo Silva Santos,Francisco,Nair Silva,Santos,,
"Encalada, Manuel Blanco","Encalada, Manuel Blranco",Manuel,Boranco,Encalada,,
Francisco Diego Maciel,Francitsco Diego Maciel,Francizco,Diego,Maciel,,
"Dionisio, Christian Correa","Dionosio, Christian Correa",Christian,Correa,Dionosio,,
Rodrigo Correa Dantas,"Rodrigo Correa,Dantas",Rodrigo,,Correalan,,PhD
"Sousa, John Philip","Sousa, ohn Philip",Onn,Philip,Sousa,,
Rene R Douglas,Rene R Rouglas,Rene,R,Rouglas,,
Gerardo Dos Santos,Gerardo Dos antos,Gerardo,,Dosmantos,,
Ellen Gracie Northfleet,EllenGracie Northfleet,Ellene,Gracie,Northfleet,,
"Grau, Roberto Diego","Gau, Roberto Diego",Roberto,Diego,Gau,,
Evilasio Leite Da Costa,Evilasio Lete Da Costa,Evilasi,Lete Dan,Costa,,
"Oliveira, Willer Souza","Olivera, Willer Souza",Willer,Souza,Olivera,,
"Yanten, Mario Sanchez","YanteG, Mario Sanchez",Mario,Sanche,Yante,,
Luis Carrero Blanco,uis Carrero Blanco,uis,Carrerro,Blanco,,
Pedro Mujica Carassa,"Pedro Mujica,Carassa",Mujical,Carassa,Pedro,,
"Burlon, Jose Maria Flores","BurHon, Jose Maria Flores",Jose,Maria Flores,Burton,,
Muller Santos Da Silva,MullerSantos Da Silva,Muller,Santos Dan,Silva,,
"Massera, Emilio Eduardo","Masser5a, Emilio Eduardo",Emilio,Eduardo,Masserta,,
Luis Pereira Robson,Luis Per4ira Robson,Luis,Perrira,Robson,,
Samuel Herbert Wilson,Samuel Herbert Wiilson,Samuel,Herbert,Wiilson,,
Rafael Costa Silva Sandes,Rafmael Costa Silva Sandes,Rafmael,Costa Silva,Sandes,,
"Pupo, Rodrigo Tovar","Pipo, Rodrigo Tovar",Rodrigo,Tovar,Pipo,,
Diego Pereira Correa,Diego Pereira Corra,Diego,Pereira,Corra,,
"Rugeles, Manuel Felipe","Rugeles, Mayuel Felipe",Mayuel,Felipe,Rugeles,,
Eric A Williams,ric A Williams,Ric,A,Williams,,
Luis Roberto Alves,Luis Reberto Alves,Luis,Reberto,Alves,,
"Alvarez, Oscar Marcelino","Alvarez, Oscar Mar3celino",Oscar,Mardelino,Alvarez,,
"Cordas, Dino ","Cordas, Dio ",Dion,,Cordas,,
Juan March Ordinas,Juan Mardh Ordinas,Juan,Mardh,Ordinas,,
"Santos, Cleberson Souza","Santos, Cleberson  Souza",Cleberson,Soua,Santos,,
Andre Luiz Ladaga,Andre  Luiz Ladaga,Andrew,Luiz,Ladaga,,
"Llama, Cristian Ezequiel","Llama, Cristian.Ezequiel",Cristiana,Ezaquiel,Llama,,
Alfredo Salazar Southwell,Alfredo Salazar Sothwell,Alfredo,Salazar,Sothwell,,
Caio Vianna Martins,Caio Vhianna Martins,Caio,Vhianna,Martins,,
"Molina, Juan Ignacio","MoMina, Juan Ignacio",Juan,Ignanio,Molina,,
Fiorella D'Croz Brusatin,"Fiorella D""Croz Brusatin",Fiorella,Daroz,Brusatin,,
"Pleite, Willy Meyer","Pleite, WilLy Meyer",Willy,Meye,Pleite,,
Jorge Rodrigo Barrios,"Jor,e Rodrigo Barrios",Jorle,Rodrigo,Barrios,,
"Luzia, Maxlei Dos Santos","Luzia,Maxlei Dos Santos",Maxllein,Dos Santosa,Luzia,,
Fernando Luiz Guilherme,Fernando Luiz Guilherm,Fernando,Luiz,Guilherm,,
Enrique Saborido,nrique Saborido,Erique,,Saborido,,
Rodrigo Flores,Rodrigo Flres,Rodrigo,,Flres,,
"Carrozzo, Evangelina","Carrozo, Evangelina",Evangelina,,Carrozo,,
"Trevisan, Iracema","Trevisn, Iracema",Iracema,,Trevison,,
Omar Vizquel,JOmar Vizquel,Jomar,,Vizquel,,
"Goyeneche, Roberto","Goyenech, Roberto",Roberto,,Goyenechi,,
"Costa, Da",Costa Da,Costa,,D,,
"Secco, Deborah","Secco, jeborah",Jeborah,,Secco,,
Aurora Miranda,"A,rora Miranda",Akrora,,Miranda,,
"Da Silva, Afonso","Da ilva, Afonso",Afonso,,Damilva,,
Esther Vilar,Esth3r Vilar,Esther,,Villar,,
"Caicedo, Felipe","Caicedo, Feli-e",Felice,,Caicedo,,
"Rivelino, Roberto","Rivelino, oberto",Oberto,,Rivelino,,
"Aguirre, Ricardo","Aguirre, RicardB",Richard,B,Aguirre,,
Floris Takens,Flors Takens,Flors,,Takens,,
Manuel Gondra,Manuel Gonda,Manuel,,Gonda,,
Arianney Nogueira,Arianney NogKeira,Arianney,,Nogeira,,
Acelino Freitas,Acelino Treitas,Acelino,,Treitas,,
"Coghen, Mercedes","Coghen, Meprcedes",Melercedes,,Coghen,,
Otavio Juliano,Otavio Julian5o,Otavio,,Julianto,,
"Santos, Kelson","Eantos, Kelson",Kelson,,Eantos,,
Sitti Navarro,Sitti Nabarro,Sitti,,Nabarro,,
Pedro Bordaberry,Pedro Bordberry,Pedro,,Bordberry,,
Octavio Ianni,"Octavio,Ianni",Ianni,,Octavio,,
"Angelelli, Enrique","Angelelli, Enriqie",Enriqie,,Angelelli,,
Diego Caupaphara,Diego CaupEaphara,Diego,Caup,Eathara,,
"Motos, Teresa","Motos, TerDesa",Teresa,,Mortos,,
Jorge Fossati,Jeorge Fossati,Jeorge,,Fossati,,
"Abrabanel, Isaac","Abrabanel, Isafac",Isafac,,Abrabanel,,
Claudio Milar,Claudio Milzr,Claudio,,Milzar,,
"Ribeiro, Fernanda",Ribeiro Fernanda,Fernanda,,Robeiro,,
"O'Reilly, Alejandro","O'Reilly, Alejwandro",Alejandro,,Orilly,,
"Belli, Laura","elli, Laura",Laura,,Elli,,
Avec Tristesse,Aec Tristesse,Aec,,Tristesse,,
Shirley Gomes,Shirley omes,Shirley,,Omes,,
"Pedros, Reynald","PedRos, Reynald",Reynald,,Perros,,
"Pepitone, Joe","Pepitone, Jo",Jo,,Pepitone,,
Oscar Torlacoff,Oscar  Torlacoff,Oscar,,Torlaco,,Sr
"Feofiloff, Paulo","FeofilofSf, Paulo",Paulo,,Feofilofff,,
"Lezama, Raimundo","Lezama, Raimunfdo",Raimundo,,Lezmar,,
Marcelo Fromer,Marceko Fromer,Marceko,,Fromer,,
"Dookeran, Winston","Dook3ran, Winston",Winston,,Dookerman,,
"Lombardi, Bruna","Lombardi, Brunw",Brun,,Lombardi,,
Sergio Batista,ergio Batista,Ergio,,Batista,,
"Silva, Giant","Silva, Gint",Gint,,Silva,,
Argenis Salazar,Agenis Salazar,Agenis,,Salazar,,
"Diaz, Carlos","Diz, Carlos",Carlos,,Diz,,
"Bonds, De'Aundre","Bonds,  De'Aundre",Dev,Aundre,Bonds,,
Gabriel Heinze,Gabriel Hwinze,Gabriel,,Hhinze,,
"House, Alex","House, Alec",Alec,,House,,
Luis Scola,Luis 8Scola,Luis,,Schola,,
"Paul, Sean","Paul, SeNn",Sen,,Paul,,
Hany Kauam,Hany Kaum,Hany,,Kaum,,
Sequeira Costa,SequeiraCosta,Sequira,,Costa,,
Santa Fe,Manta Fe,Manta,,Fe,,
Veronica Blume,Veronica Bltme,Veronica,,Blitme,,
"Terra, Gabriel","Terrs, Gabriel",Gabriel,,Terrs,,
Lyndon Hooper,Lyndon Hooger,Lyndon,,Hooger,,
"Eduardo, Carlos","Eluardo, Carlos",Carlos,,Eluardo,,
Natalia Dorado,"Natalia,Dorado",Dorado,,Natalia,,
"Davidson, Elaine","Davicson, Elaine",Elaine,,Davicson,,
Ernesto Figueiredo,Ernesto FigueIredo,Ernesto,Figue,Iredo,,
"Menezes, Paulo","Menees, Paulo",Paul,,Menees,,
Pedro Diniz,Pdro Diniz,Pro,,Diniz,,
Pedro Geromel,Pedro Gerlmel,Pedro,,Germmel,,
"Alessandri, Fernando",Alessandri Fernando,Alessandri,,Fernando,,
Camila Pitanga,Camila Pitang,Camila,,Pitang,,
"Ramon, Anselmo","Ramon, Aynselmo",Aynselmo,,Ramon,,
"Amigorena, Santiago","Amigorema, Santiago",Santiago,,Arigorema,,
"Buyo, Francisco","Buyo,Francisco",Francisco,,Byo,,
Adi Rocha,Adi.Rocha,Adil,,Rocha,,
"Millar, Rodrigo","Millar,,Rodrigo",Rodrigo,,Millard,,
Ricardo Sperafico,Ricayrdo Sperafico,Richardo,,Speravico,,
"Calzadilla, Ernesto","Calzadillia, Ernesto",l,Ernento,Calzadilli,,
Flavio Davino,Flavio Davin5o,Flavio,,Davinto,,
"Moura, Eli-Eri","Moura, EliK-Eri",Eli,Keri,Moura,,
Alfonso Leng,AlfoAnso Leng,Alfo,Anso,Leng,,
"Plaza, Galo","Plaza, Gal",Gail,,Plaza,,
"Barbat, Luis","BarbaQ, Luis",Luis,,Barba,,
Cristiano Passos,Cristiano mPassos,Christiano,,Passos,,
"Piglia, Ricardo","Pig1ia, Ricardo",Ricardo,,Pigia,,
Diego Maradona,Dieg Maradona,Die,,Maradona,,
Matias Vila,"Matias,Vila",Vila,,Matias,,
"Arroyuelo, Javier","Arroyuelo,,Javier",Javier,,Arrouulo,,
"Tjon-A-Ten, Varina","Tjon-A-Ten, Varin",Varin,,Thonsen,,
Marco Soares,Marc Soares,Marc,,Soares,,
Nuno Claro,NPuno Claro,Puno,,Claro,,
"Alfred, Shondell","Afred, Shondell",Shondell,,Ared,,
Ted Robledo,Ted Roledo,Ted,,Roledo,,
"Camacho, Mario","Camancho, Mario",Mario,,Camancho,,
Rafael Godoy,Rafael Gody,Rafael,,Gody,,
Leo Dan,Leo DaQ,Leo,,Das,,
"Augusto, Infante","Auguksto, Infante",Infante,,Auguksto,,
H John Heinz IV,H Johb Heinz IV,H,Joh,Heinz,,IV
Ras Shorty I,Rs Shorty I,Rs,Shorty,I,,
Julio Medina III,JTlio Medina III,Jeido,,Medina,,III
