original,noised,predicted first,predicted middle,predicted last,predicted title,predicted suffix
Camilo Torres Tenorio,Camilo Torres Tenorio,Camilo,Torres,Tenorio,,
"Ribas, Andreson Dourado","Ribas, Andreson Dourado",Andreson,Dourado,Ribas,,
"Franco, Carmen Rosa","Franco, Carmen Rosa",Carmen,Rosa,Franco,,
"Gancia, Carlo Vallarino","Gancia, Carlo Vallarino",Carlo,Vallarino,Gancia,,
Rui Gil Moniz,Rui Gil Moniz,Rui,Gil,Moniz,,
Pedro Manuel Mendes Ribeiro,Pedro Manuel Mendes Ribeiro,Pedro,Manuel Mendes,Ribeiro,,
Daniel Silva Dos Santos,Daniel Silva Dos Santos,Daniel,Silva Dos,Santos,,
"Peirano, Miguel Gustavo","Peirano, Miguel Gustavo",Miguel,Gustavo,Peirano,,
Jairo Luis Blumer,Jairo Luis Blumer,Jairo,Luis,Blumer,,
"Gandolfi, Javier Marcelo","Gandolfi, Javier Marcelo",Javier,Marcelo,Gandolfi,,
Ana Carolina Reston,Ana Carolina Reston,Ana,Carolina,Reston,,
Carlos Fernando Navarro Montoya,Carlos Fernando Navarro Montoya,Carlos,Fernando Navarro,Montoya,,
Luis A Eguiguren,Luis A Eguiguren,Luis,A,Eguiguren,,
"Storni, Edgardo Gabriel","Storni, Edgardo Gabriel",Edgardo,Gabriel,Storni,,
"Alva, Felipe Pinglo","Alva, Felipe Pinglo",Felipe,Pinglo,Alva,,
Luis Eduardo Aute,Luis Eduardo Aute,Luis,Eduardo,Aute,,
"Claro, Adriano Correia","Claro, Adriano Correia",Adriano,Correia,Claro,,
Virginia Ruano Pascual,Virginia Ruano Pascual,Virginia,Ruano,Pascual,,
"Reyes, Alfonso Gumucio","Reyes, Alfonso Gumucio",Alfonso,Gumucio,Reyes,,
Carlos Julio Arosemena Tola,Carlos Julio Arosemena Tola,Carlos,Julio Arosemena,Tola,,
"Witte, Jean Carlo","Witte, Jean Carlo",Jean,Carlo,Witte,,
Bruno Marques Menezes,Bruno Marques Menezes,Bruno,Marques,Menezes,,
"Vera, Luis R","Vera, Luis R",Luis,R,Vera,,
Columbano Bordalo Pinheiro,Columbano Bordalo Pinheiro,Columbano,Bordalo,Pinheiro,,
"Pereira, Domingos Leite","Pereira, Domingos Leite",Domingos,Leite,Pereira,,
"Soares, Juliano Gomes","Soares, Juliano Gomes",Juliano,Gomes,Soares,,
Luis Alberto Lacalle,Luis Alberto Lacalle,Luis,Alberto,Lacalle,,
"Diez, Hormando Vaca","Diez, Hormando Vaca",Hormando,Vaca,Diez,,
"Dominguez, Ramon A","Dominguez, Ramon A",Ramon,A,Dominguez,,
Alfredo Armas Alfonzo,Alfredo Armas Alfonzo,Alfredo,Armas,Alfonzo,,
Felix Dja Ettien,Felix Dja Ettien,Felix,Dja,Ettien,,
"Hombre, Francisco El","Hombre, Francisco El",Francisco,El,Hombre,,
"Ledesma, Cristian Rolando","Ledesma, Cristian Rolando",Cristian,Rolando,Ledesma,,
Francisco Jairo Silva Santos,Francisco Jairo Silva Santos,Francisco,Jairo Silva,Santos,,
"Encalada, Manuel Blanco","Encalada, Manuel Blanco",Manuel,Blanco,Encalada,,
Francisco Diego Maciel,Francisco Diego Maciel,Francisco,Diego,Maciel,,
"Dionisio, Christian Correa","Dionisio, Christian Correa",Christian,Correa,Dionisio,,
Rodrigo Correa Dantas,Rodrigo Correa Dantas,Rodrigo,Correa,Dantas,,
"Sousa, John Philip","Sousa, John Philip",John,Philip,Sousa,,
"Williams, Michael J","Williams, Michael J",Michael,J,Williams,,
"Sodre, Pierre Veiga","Sodre, Pierre Veiga",Pierre,Veiga,Sodre,,
Gerardo Dos Santos,Gerardo Dos Santos,Gerardo,Dos,Santos,,
Juan Manuel Barrientos,Juan Manuel Barrientos,Juan,Manuel,Barrientos,,
"Grau, Roberto Diego","Grau, Roberto Diego",Roberto,Diego,Grau,,
"Oliveira, Willer Souza","Oliveira, Willer Souza",Willer,Souza,Oliveira,,
Ricardo Francisco Rojas,Ricardo Francisco Rojas,Ricardo,Francisco,Rojas,,
"Yanten, Mario Sanchez","Yanten, Mario Sanchez",Mario,Sanchez,Yanten,,
Luis Carrero Blanco,Luis Carrero Blanco,Luis,Carrero,Blanco,,
Pedro Mujica Carassa,Pedro Mujica Carassa,Pedro,Mujica,Carassa,,
"Burlon, Jose Maria Flores","Burlon, Jose Maria Flores",Jose,Maria Flores,Burlon,,
"Massera, Emilio Eduardo","Massera, Emilio Eduardo",Emilio,Eduardo,Massera,,
Luis Pereira Robson,Luis Pereira Robson,Luis,Pereira,Robson,,
Samuel Herbert Wilson,Samuel Herbert Wilson,Samuel,Herbert,Wilson,,
"Lozano, John Harold","Lozano, John Harold",John,Harold,Lozano,,
Rafael Costa Silva Sandes,Rafael Costa Silva Sandes,Rafael,Costa Silva,Sandes,,
"Pupo, Rodrigo Tovar","Pupo, Rodrigo Tovar",Rodrigo,Tovar,Pupo,,
Diego Pereira Correa,Diego Pereira Correa,Diego,Pereira,Correa,,
"Rugeles, Manuel Felipe","Rugeles, Manuel Felipe",Manuel,Felipe,Rugeles,,
Eric A Williams,Eric A Williams,Eric,A,Williams,,
Luis Roberto Alves,Luis Roberto Alves,Luis,Roberto,Alves,,
"Alvarez, Oscar Marcelino","Alvarez, Oscar Marcelino",Oscar,Marcelino,Alvarez,,
Ruan Felipe Vianna Ferreira,Ruan Felipe Vianna Ferreira,Ruan,Felipe Vianna,Ferreira,,
"Santos, Cleberson Souza","Santos, Cleberson Souza",Cleberson,Souza,Santos,,
Caio Vianna Martins,Caio Vianna Martins,Caio,Vianna,Martins,,
"Molina, Juan Ignacio","Molina, Juan Ignacio",Juan,Ignacio,Molina,,
"Pleite, Willy Meyer","Pleite, Willy Meyer",Willy,Meyer,Pleite,,
Jorge Rodrigo Barrios,Jorge Rodrigo Barrios,Jorge,Rodrigo,Barrios,,
"Luzia, Maxlei Dos Santos","Luzia, Maxlei Dos Santos",Maxlei,Dos Santos,Luzia,,
Fernando Luiz Guilherme,Fernando Luiz Guilherme,Fernando,Luiz,Guilherme,,
Mary Astor,Mary Astor,Mary,,Astor,,
"Lima, Gabriel","Lima, Gabriel",Gabriel,,Lima,,
Enrique Saborido,Enrique Saborido,Enrique,,Saborido,,
"Balboa, Javier","Balboa, Javier",Javier,,Balboa,,
Rodrigo Flores,Rodrigo Flores,Rodrigo,,Flores,,
"Trevisan, Iracema","Trevisan, Iracema",Iracema,,Trevisan,,
Artur Santos,Artur Santos,Artur,,Santos,,
Aurora Miranda,Aurora Miranda,Aurora,,Miranda,,
"Coelho, Paulo","Coelho, Paulo",Paulo,,Coelho,,
Mike Tyson,Mike Tyson,Mike,,Tyson,,
"Caicedo, Felipe","Caicedo, Felipe",Felipe,,Caicedo,,
Julio Olalla,Julio Olalla,Julio,,Olalla,,
"Rivelino, Roberto","Rivelino, Roberto",Roberto,,Rivelino,,
Fernando Morena,Fernando Morena,Fernando,,Morena,,
Segundo Castillo,Segundo Castillo,Segundo,,Castillo,,
"Aguirre, Ricardo","Aguirre, Ricardo",Ricardo,,Aguirre,,
Floris Takens,Floris Takens,Floris,,Takens,,
"Chabala, David","Chabala, David",David,,Chabala,,
Manuel Gondra,Manuel Gondra,Manuel,,Gondra,,
"Migliore, Pablo","Migliore, Pablo",Pablo,,Migliore,,
Brenda Hughes,Brenda Hughes,Brenda,,Hughes,,
"Varsavsky, Martin","Varsavsky, Martin",Martin,,Varsavsky,,
Hugo Mariutti,Hugo Mariutti,Hugo,,Mariutti,,
"Teixeira, Paulo","Teixeira, Paulo",Paulo,,Teixeira,,
Arianney Nogueira,Arianney Nogueira,Arianney,,Nogueira,,
"Traverso, Alfredo","Traverso, Alfredo",Alfredo,,Traverso,,
Acelino Freitas,Acelino Freitas,Acelino,,Freitas,,
"Coghen, Mercedes","Coghen, Mercedes",Mercedes,,Coghen,,
"Santos, Kelson","Santos, Kelson",Kelson,,Santos,,
Sitti Navarro,Sitti Navarro,Sitti,,Navarro,,
"Pittman, Eliana","Pittman, Eliana",Eliana,,Pittman,,
Pedro Bordaberry,Pedro Bordaberry,Pedro,,Bordaberry,,
"Mendes, Elvira","Mendes, Elvira",Elvira,,Mendes,,
Octavio Ianni,Octavio Ianni,Octavio,,Ianni,,
"Angelelli, Enrique","Angelelli, Enrique",Enrique,,Angelelli,,
Diego Caupaphara,Diego Caupaphara,Diego,,Caupaphara,,
"Motos, Teresa","Motos, Teresa",Teresa,,Motos,,
Jorge Fossati,Jorge Fossati,Jorge,,Fossati,,
"Abrabanel, Isaac","Abrabanel, Isaac",Isaac,,Abrabanel,,
"Vega, Makenzie","Vega, Makenzie",Makenzie,,Vega,,
"Ribeiro, Fernanda","Ribeiro, Fernanda",Fernanda,,Ribeiro,,
Fernanda Montenegro,Fernanda Montenegro,Fernanda,,Montenegro,,
"Belli, Laura","Belli, Laura",Laura,,Belli,,
Avec Tristesse,Avec Tristesse,Avec,,Tristesse,,
Shirley Gomes,Shirley Gomes,Shirley,,Gomes,,
Ricardo Villa,Ricardo Villa,Ricardo,,Villa,,
"Pepitone, Joe","Pepitone, Joe",Joe,,Pepitone,,
Oscar Torlacoff,Oscar Torlacoff,Oscar,,Torlacoff,,
Fanny Lu,Fanny Lu,Fanny,,Lu,,
"Lezama, Raimundo","Lezama, Raimundo",Raimundo,,Lezama,,
"Family, Parra","Family, Parra",Parra,,Family,,
Marcelo Fromer,Marcelo Fromer,Marcelo,,Fromer,,
"Cruz, Joaquim","Cruz, Joaquim",Joaquim,,Cruz,,
Claudio Naranjo,Claudio Naranjo,Claudio,,Naranjo,,
"Dookeran, Winston","Dookeran, Winston",Winston,,Dookeran,,
Arnaldo Coelho,Arnaldo Coelho,Arnaldo,,Coelho,,
"Lombardi, Bruna","Lombardi, Bruna",Bruna,,Lombardi,,
Sergio Batista,Sergio Batista,Sergio,,Batista,,
"Silva, Giant","Silva, Giant",Giant,,Silva,,
Argenis Salazar,Argenis Salazar,Argenis,,Salazar,,
"Diaz, Carlos","Diaz, Carlos",Carlos,,Diaz,,
Patricio Urrutia,Patricio Urrutia,Patricio,,Urrutia,,
"Burgos, Roxana","Burgos, Roxana",Roxana,,Burgos,,
Gabriel Heinze,Gabriel Heinze,Gabriel,,Heinze,,
"House, Alex","House, Alex",Alex,,House,,
"Paul, Sean","Paul, Sean",Sean,,Paul,,
Francesca Hawkins,Francesca Hawkins,Francesca,,Hawkins,,
"Nunes, Vasco","Nunes, Vasco",Vasco,,Nunes,,
Hany Kauam,Hany Kauam,Hany,,Kauam,,
"Torres, Dilson","Torres, Dilson",Dilson,,Torres,,
Sequeira Costa,Sequeira Costa,Sequeira,,Costa,,
"Aydar, Mariana","Aydar, Mariana",Mariana,,Aydar,,
Santa Fe,Santa Fe,Santa,,Fe,,
"Marinello, Beatriz","Marinello, Beatriz",Beatriz,,Marinello,,
Daniel Hernandes,Daniel Hernandes,Daniel,,Hernandes,,
"Estrada, Emilio","Estrada, Emilio",Emilio,,Estrada,,
Veronica Blume,Veronica Blume,Veronica,,Blume,,
Lyndon Hooper,Lyndon Hooper,Lyndon,,Hooper,,
"Eduardo, Carlos","Eduardo, Carlos",Carlos,,Eduardo,,
Patricia Janiot,Patricia Janiot,Patricia,,Janiot,,
"Naveira, Natalie","Naveira, Natalie",Natalie,,Naveira,,
Natalia Dorado,Natalia Dorado,Natalia,,Dorado,,
"Davidson, Elaine","Davidson, Elaine",Elaine,,Davidson,,
Ernesto Figueiredo,Ernesto Figueiredo,Ernesto,,Figueiredo,,
"Calomino, Pedro","Calomino, Pedro",Pedro,,Calomino,,
"Alessandri, Fernando","Alessandri, Fernando",Fernando,,Alessandri,,
Camila Pitanga,Camila Pitanga,Camila,,Pitanga,,
Colin Rivas,Colin Rivas,Colin,,Rivas,,
George Forsyth,George Forsyth,George,,Forsyth,,
"Buyo, Francisco","Buyo, Francisco",Francisco,,Buyo,,
Carlos Soublette,Carlos Soublette,Carlos,,Soublette,,
"Wirth, Oscar","Wirth, Oscar",Oscar,,Wirth,,
Adi Rocha,Adi Rocha,Adi,,Rocha,,
"Millar, Rodrigo","Millar, Rodrigo",Rodrigo,,Millar,,
Ricardo Sperafico,Ricardo Sperafico,Ricardo,,Sperafico,,
"Calzadilla, Ernesto","Calzadilla, Ernesto",Ernesto,,Calzadilla,,
"Preussler, Roxana","Preussler, Roxana",Roxana,,Preussler,,
Marcelo Branco,Marcelo Branco,Marcelo,,Branco,,
Roland Blanco,Roland Blanco,Roland,,Blanco,,
"Duroc, Geraud","Duroc, Geraud",Geraud,,Duroc,,
Alfonso Leng,Alfonso Leng,Alfonso,,Leng,,
"Plaza, Galo","Plaza, Galo",Galo,,Plaza,,
"Barros, Leila","Barros, Leila",Leila,,Barros,,
"Barbat, Luis","Barbat, Luis",Luis,,Barbat,,
Krista Allen,Krista Allen,Krista,,Allen,,
"Empire, Inca","Empire, Inca",Inca,,Empire,,
"Piglia, Ricardo","Piglia, Ricardo",Ricardo,,Piglia,,
Diego Maradona,Diego Maradona,Diego,,Maradona,,
"Carey, Mariah","Carey, Mariah",Mariah,,Carey,,
"Serna, Mauricio","Serna, Mauricio",Mauricio,,Serna,,
Carlota Castrejana,Carlota Castrejana,Carlota,,Castrejana,,
Marco Soares,Marco Soares,Marco,,Soares,,
"Bozano, Julio","Bozano, Julio",Julio,,Bozano,,
Nuno Claro,Nuno Claro,Nuno,,Claro,,
"Alfred, Shondell","Alfred, Shondell",Shondell,,Alfred,,
Ted Robledo,Ted Robledo,Ted,,Robledo,,
"Camacho, Mario","Camacho, Mario",Mario,,Camacho,,
Rafael Godoy,Rafael Godoy,Rafael,,Godoy,,
Leo Dan,Leo Dan,Leo,,Dan,,
Rubens Farias Jr.,Rubens Farias Jr.,Rubens,,Farias,,Jr
H John Heinz IV,H John Heinz IV,H,John,Heinz,,IV
Julio Medina III,Julio Medina III,Julio,,Medina,,III
