original,noised,predicted first,predicted middle,predicted last,predicted title,predicted suffix
Clodoaldo Paulino De Lima,Clodoaldo PaulinEo De Lima,Clodoaldo,PaulinEo De,Lima,,
Eduardo Adelino Da Silva,Eduardo Adelino DaSilva,Eduardo,Adelino Da,Silva,,
"Da Cruz, Renaldo Lopes","Da Cruz, RenaldoLopes",Renaldo,Lopes,Cruz,Da,
"Gandolfi, Javier Marcelo","Gandolfi,,Javier Marcelo",Javier,Marcelo,"Gandolfi,",,
"De Rueda, Jorge Bravo","De Rueda, Jorge Bravpo",De,,Rueda,,","
Luis A Eguiguren,Luis A EguViguren,Luis,A Egu,Viguren,,
Mary Anne De Paredes,Mary Anne De Pqredes,Mary,Anne De,Pqredes,,
"Alva, Felipe Pinglo",Alva. Felipe Pinglo,Alva,. Felipe,Pinglo,,
Virginia Ruano Pascual,"Virginia,Ruano Pascual",Ruano,Pascual,Virginia,,
"Reyes, Alfonso Gumucio","Reyes,,Alfonso Gumucio",Alfonso,Gumucio,"Reyes,",,
"Witte, Jean Carlo","Witte,, Jean Carlo",Jean,Carlo,"Witte,",,
Bruno Marques Menezes,Bruno Marques MeneCzes,Bruno,Marques Mene,Czes,,
Givanildo Vieira De Souza,Givani4ldo Vieira De Souza,Givani4ldo,Vieira De,Souza,,
"Amaral, Tarsila Do","Amaral, 3Tarsila Do",3,Tarsila Do,Amaral,,
"Diez, Hormando Vaca",Diez Hormando Vaca,Diez,Hormando,Vaca,,
Ricardo Bruni Marx,Ricardo.Bruni Marx,Ricardo.,Bruni,Marx,,
Rodrigo Correa Dantas,"Rodrigo Correa,Dantas",Rodrigo,,Correa,,",Da"
"Sodre, Pierre Veiga","Sodre,.Pierre Veiga",.Pierre,Veiga,Sodre,,
Evilasio Leite Da Costa,Evilasio Lete Da Costa,Evilasio,Lete Da,Costa,,
Ricardo Francisco Rojas,Ricardo Francisco RojaYs,Ricardo,Francisco Roja,Ys,,
Pedro Mujica Carassa,"Pedro Mujica,Carassa",Pedro,,Mujica,,",Ca"
Muller Santos Da Silva,MullerSantos Da Silva,Muller,Santos Da,Silva,,
"Lozano, John Harold","Lozano, JFhn Harold",J,Fhn Harold,Lozano,,
"Llama, Cristian Ezequiel","Llama, Cristian.Ezequiel",Cristian,.Ezequiel,Llama,,
"Pleite, Willy Meyer","Pleite, WilLy Meyer",Wil,Ly Meyer,Pleite,,
"Lima, Gabriel","Lima,,Gabriel",Gabriel,,"Lima,",,
"Balboa, Javier",Balboa Javier,Balboa,,Javier,,
Omar Vizquel,JOmar Vizquel,J,Omar,Vizquel,,
"Costa, Da",Costa Da,Costa,,Da,,
Aurora Miranda,"A,rora Miranda",rora,Miranda,A,,
Mike Tyson,Mike.Tyson,Mike,.,Tyson,,
"Aguirre, Ricardo","Aguirre, RicardB",Ricard,B,Aguirre,,
"Migliore, Pablo",Migliore Pablo,Migliore,,Pablo,,
Brenda Hughes,Brenda qHughes,Brenda,q,Hughes,,
"Varsavsky, Martin","Varsavsky,,Martin",Martin,,"Varsavsky,",,
Hugo Mariutti,HuGo Mariutti,Hu,Go,Mariutti,,
"Teixeira, Paulo","Teixeira,, Paulo",Paulo,,"Teixeira,",,
Arianney Nogueira,Arianney NogKeira,Arianney,Nog,Keira,,
"Traverso, Alfredo",Traverso Alfredo,Traverso,,Alfredo,,
Paulo Duarte,Paulo DuarXte,Paulo,Duar,Xte,,
Octavio Ianni,"Octavio,Ianni",Ianni,,Octavio,,
Diego Caupaphara,Diego CaupEaphara,Diego,Caup,Eaphara,,
"Motos, Teresa","Motos, TerDesa",Ter,Desa,Motos,,
"Ribeiro, Fernanda",Ribeiro Fernanda,Ribeiro,,Fernanda,,
Claudio Naranjo,Claudio.Naranjo,Claudio,.,Naranjo,,
"Bonds, De'Aundre","Bonds,  De'Aundre",De,'Aundre,Bonds,,
Luis Scola,Luis 8Scola,Luis,8,Scola,,
"Paul, Sean","Paul, SeNn",Se,Nn,Paul,,
"Nunes, Vasco","Nunes,, Vasco",Vasco,,"Nunes,",,
"Estrada, Emilio","Estrada,,Emilio",Emilio,,"Estrada,",,
Natalia Dorado,"Natalia,Dorado",Dorado,,Natalia,,
Ernesto Figueiredo,Ernesto FigueIredo,Ernesto,Figue,Iredo,,
"Alessandri, Fernando",Alessandri Fernando,Alessandri,,Fernando,,
George Forsyth,George ForsytZh,George,Forsyt,Zh,,
"Wirth, Oscar",Wirth. Oscar,Wirth,.,Oscar,,
Adi Rocha,Adi.Rocha,Adi,.,Rocha,,
"Millar, Rodrigo","Millar,,Rodrigo",Rodrigo,,"Millar,",,
"Calzadilla, Ernesto","Calzadillia, Ernesto",",",Ernesto,Calzadilli,,
"Moura, Eli-Eri","Moura, EliK-Eri",Eli,K-Eri,Moura,,
Alfonso Leng,AlfoAnso Leng,Alfo,Anso,Leng,,
"Barros, Leila","Barros, LeiEla",Lei,Ela,Barros,,
Diego Tardelli,DiegTo Tardelli,Dieg,To,Tardelli,,
"Empire, Inca","Empire,, Inca",Inca,,"Empire,",,
Cristiano Passos,Cristiano mPassos,Cristiano,m,Passos,,
"Carey, Mariah","Carey,,Mariah",Mariah,,"Carey,",,
Matias Vila,"Matias,Vila",Vila,,Matias,,
"Arroyuelo, Javier","Arroyuelo,,Javier",Javier,,"Arroyuelo,",,
Carlota Castrejana,Carlota.Castrejana,Carlota,.,Castrejana,,
"Tjon-A-Ten, Varina","Tjon-A-Ten, Varin",Tjon-,,A-Ten,,","
Leo Dan,Leo DaQ,Leo,Da,Q,,
Rubens Farias Jr.,Rubens Farias J.,Rubens,Farias,J,,
Diego Almagro II,Diego Almagro I,Diego,Almagro,I,,
Ras Shorty I,Rs Shorty I,Rs,Shorty,I,,
