original,noised,predicted first,predicted middle,predicted last,predicted title,predicted suffix
Clodoaldo Paulino De Lima,Clodoaldo Paulino De Lima,Clodoaldo,Paulino De,Lima,,
"Martins, Valdemar Rodrigues","Martins, Valdemar Rodrigues",Valdemar,Roddigees,Martins,,
Eduardo Adelino Da Silva,Eduardo Adelino Da Silva,Eduardo,Adelino Da,Silva,,
"Da Cruz, Renaldo Lopes","Da Cruz, Renaldo Lopes",Renaldo,Lopes,Cruz,Dr,
"De Rueda, Jorge Bravo","De Rueda, Jorge Bravo",Jorge,Bravo,Rueda,Dr,
Mary Anne De Paredes,Mary Anne De Paredes,Mary,Anne De,Paredes,,
"Alva, Felipe Pinglo","Alva, Felipe Pinglo",Felipe,Pingoo,Alva,,
Luis Eduardo Aute,Luis Eduardo Aute,Luis,Edaaddo,Aute,,
Virginia Ruano Pascual,Virginia Ruano Pascual,Virginia,Ruann,Pascual,,
Carlos Julio Arosemena Tola,Carlos Julio Arosemena Tola,Carlos,Julio Aroeeenaa,Tola,,
Alberto Rodriguez Larreta,Alberto Rodriguez Larreta,Alberto,Roddiggu,Larreta,,
"Reis, Marcos Roberto Silveira","Reis, Marcos Roberto Silveira",Marcos,Roberto Silveria,Reis,,
Givanildo Vieira De Souza,Givanildo Vieira De Souza,Givanildo,Vierra De,Souza,,
Luis Alberto Lacalle,Luis Alberto Lacalle,Luis,Albertt,Lacalle,,
"Clarke, Henri Jacques Guillaume","Clarke, Henri Jacques Guillaume",Henri,Jacquee Guillaame,Clarke,,
Antonio Vespucio Liberti,Antonio Vespucio Liberti,Antonio,Vespucio,Libetti,,
Evilasio Leite Da Costa,Evilasio Leite Da Costa,Evilasio,Leite Da,Costa,,
Muller Santos Da Silva,Muller Santos Da Silva,Muller,Santos Da,Silva,,
"Massera, Emilio Eduardo","Massera, Emilio Eduardo",Emilio,Edaaddo,Massera,,
Luis Pereira Robson,Luis Pereira Robson,Luis,Perrira,Robson,,
Diego Pereira Correa,Diego Pereira Correa,Diego,Perrira,Correa,,
Andre Luiz Ladaga,Andre Luiz Ladaga,Andre,Liiz,Ladaga,,
"Llama, Cristian Ezequiel","Llama, Cristian Ezequiel",Cristian,Ezeeeell,Llama,,
Alfredo Salazar Southwell,Alfredo Salazar Southwell,Alfredo,Sllazar,Southwell,,
Fiorella D'Croz Brusatin,Fiorella D'Croz Brusatin,Fiorella,Daro,Brusatin,,
"Luzia, Maxlei Dos Santos","Luzia, Maxlei Dos Santos",Maxlee,Dos Santos,Luzia,,
Fernando Luiz Guilherme,Fernando Luiz Guilherme,Fernando,Lizz,Guilherme,,
"Troy, Charlene Engelhard","Troy, Charlene Engelhard",Charlene,Engeshard,Troy,,
"Da Silva, Afonso","Da Silva, Afonso",Afonso,,Silva,Dr,
"O'Reilly, Alejandro","O'Reilly, Alejandro",Alejandro,,Oreilly,,
"Lezama, Raimundo","Lezama, Raimundo",Raimondo,,Lezama,,
"Bonds, De'Aundre","Bonds, De'Aundre",De,Auddre,Bonds,,
Sequeira Costa,Sequeira Costa,Sequeria,,Costa,,
"Ramon, Anselmo","Ramon, Anselmo",Ansemmo,,Ramon,,
"Amigorena, Santiago","Amigorena, Santiago",Santikat,,Amigorena,,
"Moura, Eli-Eri","Moura, Eli-Eri",Eli,Eri,Moura,,
"Duroc, Geraud","Duroc, Geraud",Geradd,,Duroc,,
"Tjon-A-Ten, Varina","Tjon-A-Ten, Varina",Varina,,Tjonet,,
Ras Shorty I,Ras Shorty I,Ras,Shorty,I,,
