original,noised,predicted first,predicted middle,predicted last,predicted title,predicted suffix
"Ashton, Thomas Gair","Ashton,, Thomas Gair",Thomas,Gair,"Ashton,",,
"Bush, Stephen J","Bush, StepheM J",Stephe,M J,Bush,,
"Montagu, Edwin Samuel",Montagu Edwin Samuel,Montagu,Edwin,Samuel,,
"Waterhouse, John William","Waterhouse,.John William",.John,William,Waterhouse,,
G D'Arcy Boulton,"G D'Arcy,Boulton",D'Arcy,,G,,
"Webb, George James",Webb. George James,Webb.,George,James,,
Louis L Redding,LouisL Redding,LouisL,,Redding,,
"Walter, Alan Fitz","Walter,.Alan Fitz",.Alan,Fitz,Walter,,
"Croker, John Wilson",Croker John Wilson,Croker,John,Wilson,,
Innes Harold Stranger,Innes.Harold Stranger,Innes.,Harold,Stranger,,
"Englander, A A","Englander, AA",AA,,Englander,,
Little Jack Little,Little.Jack Little,Little,.Jack,Little,,
Charles Hesterman Merz,"Charles Hesterman,Merz",Charles,,Hesterman,,
John Cooper Forster,"John Cooper,Forster",John,,Cooper,,
"Williams, Thomas H","Williams, Thomas,H",Thomas,,Williams,,
"Fuller, Meta Vaux Warrick","Fuller, Meta VauxWarrick",Meta,VauxWarric,Fuller,,k
"Wigington, Clarence W","Wigington,, Clarence W",Clarence,W,"Wigington,",,
William F Woodington,"William F,Woodington",William,,F,,
"Simms, George Otto","Simms, George ,Otto",George,,Simms,,
"Pillay, Gerald J","Pillay,, Gerald J",Gerald,J,"Pillay,",,
"Blumenthal, Heston","uBlumenthal, Heston",",",Heston,uBlumentha,,
"Holdsworth, Dean","Hol8dsworth, Dean",",",Dean,Hol8dswort,,
"Willingham, Ken","Willingham,, Ken",",",Ken,Willingham,,
"David, Dharshini","David,, Dharshini",Dharshini,,"David,",,
Nicola Stanbridge,Nicola StanbridgFe,Nicola,Stanbridg,Fe,,
"Bamford, Maria",Bamford Maria,Bamford,,Maria,,
Michael Harris,MicDhael Harris,Mic,Dhael,Harris,,
David Bailey,David.Bailey,David.,,Bailey,,
"Townshend, Cliff",Townshend Cliff,Townshend,,Cliff,,
"Wolfram, Stephen",Wolfram. Stephen,Wolfram.,,Stephen,,
"Hollins, Ellis","Hollins,,Ellis",Ellis,,"Hollins,",,
"Reid, Alex","Reid,.Alex",.Alex,,Reid,,
"Sandel, Michael",Sandel Michael,Sandel,,Michael,,
Sean Haslegrave,Sean Hasleghrave,Sean,,Hasleghrav,,e
"Lake, Greg","Lake,,Greg",Greg,,"Lake,",,
"Curr, Edward",Curr Edward,Curr,,Edward,,
Falconer Madan,Falconer Mhadan,Mhadan,,Falconer,,
"Bone, Peter","Bone,.Peter",.Peter,,Bone,,
"French, Nicki",French  Nicki,French,,Nicki,,
"Midgley, Gladys",Midgley. Gladys,Midgley.,,Gladys,,
"Hill, Oliver","Hill,, Oliver",Oliver,,"Hill,",,
"Hunt, Kenneth","Hunt,, Kenneth",Kenneth,,"Hunt,",,
Richard Grimsdale,RicharAd Grimsdale,Richar,Ad,Grimsdale,,
"Hodges, Johnny","Hodges, JohBnny",Joh,Bnny,Hodges,,
Andrew Wilson,Andrew WilsLon,Andrew,Wils,Lon,,
Barry Quinn,"Barry,Quinn",Quinn,,Barry,,
Jacob Sanders,Jacob QSanders,Jacob,Q,Sanders,,
John Whitbourn,"John,Whitbourn",Whitbourn,,John,,
"Brereton, William",Brereton  William,Brereton,,William,,
Jeffrey Tate,Jeffrey VTate,Jeffrey,V,Tate,,
"Thomas, Sandy",Thomas. Sandy,Thomas.,,Sandy,,
Nigel Roebuck,Nigel.Roebuck,Nigel.,,Roebuck,,
Michael Horovitz,"Michael,Horovitz",Horovitz,,Michael,,
Tony Di Bart,Tony Di aBart,Tony,Di,aBart,,
George Beet Jnr.,George B0eet Jnr.,George,,B0eet,,Jnr
Thomas Tresham I,Thoas Tresham I,Thoas,Tresham,I,,
Thomas Assheton Smith I,Thomas Assheton Zmith I,Thomas,Assheton Zmith,I,,
Aubrey De Vere III,Augbrey De Vere III,Augbrey,De,Vere,,III
John Shaw Jr,"John Shaw,Jr",John,,"Shaw,",,Jr
John Wesley Work III,John Wesley Work.III,John,Wesley,Work,,.II
Joseph Burke II,Joseph Burke RI,Joseph,Burke,RI,,
