original,noised,predicted first,predicted middle,predicted last,predicted title,predicted suffix
Rui Gil Moniz,Rui Gil Moniz,Rui,Gil,Moniz,,
Daniel Silva Dos Santos,Daniel Silva Dos Ssntos,Daniel,Silva Dos,Santos,,
"Peirano, Miguel Gustavo","Peirano,Miguel Gustavo",Miguel,Gustavo,Peirano,,
Ana Carolina Reston,nAna Carolina Reston,Ana,Carolina,Reston,,
"Owobokiri, Richard Daddy","Owobokiri, Richrd Daddy",Richard,Daddy,Owobokiri,,
Luis Alberto Lacalle,Luis Alberto  Lacalle,Luis,Alberto,Lacalle,,
"Amaral, Tarsila Do","Amaral, 3Tarsila Do",Tarsila,Do,Amaral,,
"Ledesma, Cristian Rolando","Ledesma,Cristian Rolando",Cristian,Rolando,Ledesma,,
"Encalada, Manuel Blanco","Encalada, Manuel Blranco",Manuel,Blanco,Encalada,,
"Williams, Michael J","Williams, Michwael J",Michael,J,Williams,,
"Sodre, Pierre Veiga","Sodre,.Pierre Veiga",Pierre,Veiga,Sodre,,
Ellen Gracie Northfleet,EllenGracie Northfleet,Ellen,Gracie,Northfleet,,
Juan Manuel Barrientos,uJuan Manuel Barrientos,Juan,Manuel,Barrientos,,
Ricardo Francisco Rojas,Ricardo Francisco RojaYs,Ricardo,Francisco,Rojas,,
"Lozano, John Harold","Lozano, JFhn Harold",John,Harold,Lozano,,
Ruan Felipe Vianna Ferreira,rRuan Felipe Vianna Ferreira,Ruan,Felipe Vianna,Ferreira,,
Andre Luiz Ladaga,Andre  Luiz Ladaga,Andre,Luiz,Ladaga,,
"Pleite, Willy Meyer","Pleite, WilLy Meyer",Willy,Meyer,Pleite,,
"Luzia, Maxlei Dos Santos","Luzia,Maxlei Dos Santos",Maxlei,Dos Santos,Luzia,,
Mary Astor,Mary  Astor,Mary,,Astor,,
Rodrigo Flores,Rodrigo Flres,Rodrigo,,Flores,,
Artur Santos,Artur  Santos,Artur,,Santos,,
Esther Vilar,Esth3r Vilar,Esther,,Vilar,,
"Coelho, Paulo","Coe1lho, Paulo",Paulo,,Coelho,,
Segundo Castillo,Segundo Castkllo,Segundo,,Castillo,,
"Chabala, David","Chabala, Da,vid",David,,Chabala,,
"Migliore, Pablo",Migliore Pablo,Pablo,,Migliore,,
Brenda Hughes,Brenda qHughes,Brenda,,Hughes,,
Hugo Mariutti,HuGo Mariutti,Hugo,,Mariutti,,
"Coghen, Mercedes","Coghen, Meprcedes",Mercedes,,Coghen,,
Paulo Duarte,Paulo DuarXte,Paulo,,Duarte,,
"Mendes, Elvira","Mendes,  Elvira",Elvira,,Mendes,,
"Vega, Makenzie","Vega,Makenzie",Makenzie,,Vega,,
Fernanda Montenegro,Fernanda  Montenegro,Fernanda,,Montenegro,,
"Pedros, Reynald","PedRos, Reynald",Reynald,,Pedros,,
Ricardo Villa,"Ricardo Vi,lla",Ricardo,,Villa,,
Oscar Torlacoff,Oscar  Torlacoff,Oscar,,Torlacoff,,
"Feofiloff, Paulo","FeofilofSf, Paulo",Paulo,,Feofiloff,,
"Lezama, Raimundo","Lezama, Raimunfdo",Raimundo,,Lezama,,
"Cruz, Joaquim","Cruz,Joaquim",Joaquim,,Cruz,,
Claudio Naranjo,Claudio.Naranjo,Claudio,,Naranjo,,
"Dookeran, Winston","Dook3ran, Winston",Winston,,Dookeran,,
Arnaldo Coelho,ArnaldoCoelho,Arnaldo,,Coelho,,
Patricio Urrutia,Patrcio Urrutia,Patricio,,Urrutia,,
"Burgos, Roxana","Burgos,  Roxana",Roxana,,Burgos,,
Marisa Monte,Ma4isa Monte,Marisa,,Monte,,
Luis Scola,Luis 8Scola,Luis,,Scola,,
"Nunes, Vasco","Nunes,, Vasco",Vasco,,Nunes,,
Sequeira Costa,SequeiraCosta,Sequeira,,Costa,,
"Aydar, Mariana","Aydar,Mariana",Mariana,,Aydar,,
"Marinello, Beatriz","MariKnello, Beatriz",Beatriz,,Marinello,,
Daniel Hernandes,Daniel Hrnandes,Daniel,,Hernandes,,
Patricia Janiot,Patricia  Janiot,Patricia,,Janiot,,
"Calomino, Pedro","Calomino,Pedro",Pedro,,Calomino,,
Colin Rivas,ColinRivas,Colin,,Rivas,,
"Buyo, Francisco","Buyo,Francisco",Francisco,,Buyo,,
Carlos Soublette,Carlos.Soublette,Carlos,,Soublette,,
"Millar, Rodrigo","Millar,,Rodrigo",Rodrigo,,Millar,,
"Preussler, Roxana","Preussler, gRoxana",Roxana,,Preussler,,
Marcelo Branco,Marcelo  Branco,Marcelo,,Branco,,
Roland Blanco,Roland  Blanco,Roland,,Blanco,,
"Duroc, Geraud","Duroc,Geraud",Geraud,,Duroc,,
Gustavo Dezotti,Gustavo  Dezotti,Gustavo,,Dezotti,,
Krista Allen,Krista  Allen,Krista,,Allen,,
Cristiano Passos,Cristiano mPassos,Cristiano,,Passos,,
"Carey, Mariah","Carey,,Mariah",Mariah,,Carey,,
"Serna, Mauricio","Serna,.Mauricio",Mauricio,,Serna,,
Ennio Candotti,Enhnio Candotti,Ennio,,Candotti,,
"Bozano, Julio","Bozano,  Julio",Julio,,Bozano,,
"Dimenstein, Gilberto","Dimenstein, fGilberto",Gilberto,,Dimenstein,,
Rubens Farias Jr.,Rubens Farias J.,Rubens,,Farias,,Jr
H John Heinz IV,H Johb Heinz IV,H,John,Heinz,,IV
Diego Almagro II,Diego Almagro I,Diego,,Almagro,,II
Juan Manuel Fangio II,Juan Manuel  Fangio II,Juan,Manuel,Fangio,,II
