original,noised,predicted first,predicted middle,predicted last,predicted title,predicted suffix
George Rostrevor Hamilton,George Rostrevor Hamilton,George,Rostrevor,Hamilton,,
"Thompson, Caroline H","Thompson, Caroline H",Caroline,H,Thompson,,
E M Grace,E M Grace,E,M,Grace,,
"Lethbridge, Thomas Charles","Lethbridge, Thomas Charles",Thomas,Charles,Lethbridge,,
Joseph Lowthian Hudson,Joseph Lowthian Hudson,Joseph,Lowthian,Hudson,,
"Barnes, Henry Edwin","Barnes, Henry Edwin",Henry,Edwin,Barnes,,
Michael L Williams,Michael L Williams,Michael,L,Williams,,
"Westwood, John Obadiah","Westwood, John Obadiah",John,Obadiah,Westwood,,
Edward William Vernon Harcourt,Edward William Vernon Harcourt,Edward,William Vernon,Harcourt,,
"Ashton, Thomas Gair","Ashton, Thomas Gair",Thomas,Gair,Ashton,,
Harry Marshall Ward,Harry Marshall Ward,Harry,Marshall,Ward,,
"Ewing, Juliana Horatia","Ewing, Juliana Horatia",Juliana,Horatia,Ewing,,
"Cook, Paul Anthony","Cook, Paul Anthony",Paul,Anthony,Cook,,
Edward Henry Trotter,Edward Henry Trotter,Edward,Henry,Trotter,,
Henry William Bunbury,Henry William Bunbury,Henry,William,Bunbury,,
Frederic Arthur Kelley,Frederic Arthur Kelley,Frederic,Arthur,Kelley,,
"Montagu, Edwin Samuel","Montagu, Edwin Samuel",Edwin,Samuel,Montagu,,
Michael E Pegram,Michael E Pegram,Michael,E,Pegram,,
"Waterhouse, John William","Waterhouse, John William",John,William,Waterhouse,,
John Henry Jones,John Henry Jones,John,Henry,Jones,,
"Webb, George James","Webb, George James",George,James,Webb,,
Louis L Redding,Louis L Redding,Louis,L,Redding,,
"Davies, Hugh Sykes","Davies, Hugh Sykes",Hugh,Sykes,Davies,,
"Walter, Alan Fitz","Walter, Alan Fitz",Alan,Fitz,Walter,,
James B Francis,James B Francis,James,B,Francis,,
"Hudson, Robert William","Hudson, Robert William",Robert,William,Hudson,,
Kenneth Hamilton Jenkin,Kenneth Hamilton Jenkin,Kenneth,Hamilton,Jenkin,,
John Basson Humffray,John Basson Humffray,John,Basson,Humffray,,
"Croker, John Wilson","Croker, John Wilson",John,Wilson,Croker,,
Innes Harold Stranger,Innes Harold Stranger,Innes,Harold,Stranger,,
"Gosset, William Sealy","Gosset, William Sealy",William,Sealy,Gosset,,
Charlotte Mary Yonge,Charlotte Mary Yonge,Charlotte,Mary,Yonge,,
"Strong, Samuel Henry","Strong, Samuel Henry",Samuel,Henry,Strong,,
"Hills, Richard L","Hills, Richard L",Richard,L,Hills,,
David Alfred Thomas,David Alfred Thomas,David,Alfred,Thomas,,
"Englander, A A","Englander, A A",A,A,Englander,,
Cha Cha Cohen,Cha Cha Cohen,Cha,Cha,Cohen,,
"Greenhill, Alfred George","Greenhill, Alfred George",Alfred,George,Greenhill,,
Ben T Russell,Ben T Russell,Ben,T,Russell,,
"Handley, Wal L","Handley, Wal L",Wal,L,Handley,,
"Santmyer, Helen Hooven","Santmyer, Helen Hooven",Helen,Hooven,Santmyer,,
John E Owens,John E Owens,John,E,Owens,,
B V Bowden,B V Bowden,B,V,Bowden,,
"Seymour, Edward Hobart","Seymour, Edward Hobart",Edward,Hobart,Seymour,,
Arthur Shearly Cripps,Arthur Shearly Cripps,Arthur,Shearly,Cripps,,
"Bronson, James H","Bronson, James H",James,H,Bronson,,
Little Jack Little,Little Jack Little,Little,Jack,Little,,
Ernest Henry Shears,Ernest Henry Shears,Ernest,Henry,Shears,,
"Tuke, James Hack","Tuke, James Hack",James,Hack,Tuke,,
George Edward Cates,George Edward Cates,George,Edward,Cates,,
"Nation, Carrie A","Nation, Carrie A",Carrie,A,Nation,,
Roy Ward Baker,Roy Ward Baker,Roy,Ward,Baker,,
"Taylor, John Mark","Taylor, John Mark",John,Mark,Taylor,,
James Henry Monk,James Henry Monk,James,Henry,Monk,,
"Brewer, Ebenezer Cobham","Brewer, Ebenezer Cobham",Ebenezer,Cobham,Brewer,,
J Bruce Ismay,J Bruce Ismay,J,Bruce,Ismay,,
Anthony Clarke Booth,Anthony Clarke Booth,Anthony,Clarke,Booth,,
"Studios, Little Tardis","Studios, Little Tardis",Little,Tardis,Studios,,
John Cooper Forster,John Cooper Forster,John,Cooper,Forster,,
"Williams, Thomas H","Williams, Thomas H",Thomas,H,Williams,,
James Clark Mcreynolds,James Clark Mcreynolds,James,Clark,Mcreynolds,,
"Annan, Daniel Francis","Annan, Daniel Francis",Daniel,Francis,Annan,,
George H Bryan,George H Bryan,George,H,Bryan,,
"Fuller, Meta Vaux Warrick","Fuller, Meta Vaux Warrick",Meta,Vaux Warrick,Fuller,,
"Wigington, Clarence W","Wigington, Clarence W",Clarence,W,Wigington,,
William Howe Delancey,William Howe Delancey,William,Howe,Delancey,,
"Rogers, George Herbert","Rogers, George Herbert",George,Herbert,Rogers,,
William F Woodington,William F Woodington,William,F,Woodington,,
"Massey, William Nathaniel","Massey, William Nathaniel",William,Nathaniel,Massey,,
"Workman, Charles H","Workman, Charles H",Charles,H,Workman,,
Charles William Bowerman,Charles William Bowerman,Charles,William,Bowerman,,
"Stokes, Henry Sewell","Stokes, Henry Sewell",Henry,Sewell,Stokes,,
Habib Nasib Nader,Habib Nasib Nader,Habib,Nasib,Nader,,
"Esmond, Henry V","Esmond, Henry V",Henry,V,Esmond,,
Thomas Walter Jennings,Thomas Walter Jennings,Thomas,Walter,Jennings,,
"Dunning, Charles Avery","Dunning, Charles Avery",Charles,Avery,Dunning,,
Emrys Ap Iwan,Emrys Ap Iwan,Emrys,Ap,Iwan,,
"Saunders, William Wilson","Saunders, William Wilson",William,Wilson,Saunders,,
C H Douglas,C H Douglas,C,H,Douglas,,
William Gifford Palgrave,William Gifford Palgrave,William,Gifford,Palgrave,,
"Oglesby, Richard James","Oglesby, Richard James",Richard,James,Oglesby,,
Bryan R Wilson,Bryan R Wilson,Bryan,R,Wilson,,
"Simms, George Otto","Simms, George Otto",George,Otto,Simms,,
Moses A Hopkins,Moses A Hopkins,Moses,A,Hopkins,,
"Pillay, Gerald J","Pillay, Gerald J",Gerald,J,Pillay,,
Freddy Shepherd,Freddy Shepherd,Freddy,,Shepherd,,
"Blumenthal, Heston","Blumenthal, Heston",Heston,,Blumenthal,,
Keith Shine,Keith Shine,Keith,,Shine,,
"Lamont, John","Lamont, John",John,,Lamont,,
John Silkin,John Silkin,John,,Silkin,,
"Courtney, Richard","Courtney, Richard",Richard,,Courtney,,
"Holdsworth, Dean","Holdsworth, Dean",Dean,,Holdsworth,,
Duncan Mclaren,Duncan Mclaren,Duncan,,Mclaren,,
"Newbon, Gary","Newbon, Gary",Gary,,Newbon,,
Brian Greene,Brian Greene,Brian,,Greene,,
"Willingham, Ken","Willingham, Ken",Ken,,Willingham,,
Alfred Waud,Alfred Waud,Alfred,,Waud,,
"David, Dharshini","David, Dharshini",Dharshini,,David,,
George Ault,George Ault,George,,Ault,,
"Davies, Bryn","Davies, Bryn",Bryn,,Davies,,
Richard Jugge,Richard Jugge,Richard,,Jugge,,
"Sinden, Jeremy","Sinden, Jeremy",Jeremy,,Sinden,,
Frederick Cavendish,Frederick Cavendish,Frederick,,Cavendish,,
"Carey, Archibald","Carey, Archibald",Archibald,,Carey,,
Nicola Stanbridge,Nicola Stanbridge,Nicola,,Stanbridge,,
"Beaumont, Dave","Beaumont, Dave",Dave,,Beaumont,,
Ernest Creighton,Ernest Creighton,Ernest,,Creighton,,
"Bamford, Maria","Bamford, Maria",Maria,,Bamford,,
Michael Harris,Michael Harris,Michael,,Harris,,
"Neame, Philip","Neame, Philip",Philip,,Neame,,
Raymond Lygo,Raymond Lygo,Raymond,,Lygo,,
"Blaney, Donal","Blaney, Donal",Donal,,Blaney,,
Drew Bledsoe,Drew Bledsoe,Drew,,Bledsoe,,
"Dingle, Butch","Dingle, Butch",Butch,,Dingle,,
David Bailey,David Bailey,David,,Bailey,,
"Townshend, Cliff","Townshend, Cliff",Cliff,,Townshend,,
Kieran Gibbs,Kieran Gibbs,Kieran,,Gibbs,,
"Wolfram, Stephen","Wolfram, Stephen",Stephen,,Wolfram,,
Sasha Perera,Sasha Perera,Sasha,,Perera,,
"Williamson, Mike","Williamson, Mike",Mike,,Williamson,,
John Amias,John Amias,John,,Amias,,
"Garrod, Archibald","Garrod, Archibald",Archibald,,Garrod,,
Michael King,Michael King,Michael,,King,,
"Bishop, David","Bishop, David",David,,Bishop,,
William Lloyd,William Lloyd,William,,Lloyd,,
"Drennan, Martin","Drennan, Martin",Martin,,Drennan,,
Henry Strauss,Henry Strauss,Henry,,Strauss,,
"Hollins, Ellis","Hollins, Ellis",Ellis,,Hollins,,
John Pringle,John Pringle,John,,Pringle,,
"Murray, Matthew","Murray, Matthew",Matthew,,Murray,,
Otis Hartley,Otis Hartley,Otis,,Hartley,,
"Hulbert, Jack","Hulbert, Jack",Jack,,Hulbert,,
Francis Freeling,Francis Freeling,Francis,,Freeling,,
"Toone, Frederick","Toone, Frederick",Frederick,,Toone,,
Chrissie Wellington,Chrissie Wellington,Chrissie,,Wellington,,
"Reid, Alex","Reid, Alex",Alex,,Reid,,
Dean Brill,Dean Brill,Dean,,Brill,,
"Anderson, Daphne","Anderson, Daphne",Daphne,,Anderson,,
Rob Davies,Rob Davies,Rob,,Davies,,
"Gaunt, William","Gaunt, William",William,,Gaunt,,
Julie Buckfield,Julie Buckfield,Julie,,Buckfield,,
"Sandel, Michael","Sandel, Michael",Michael,,Sandel,,
Sean Haslegrave,Sean Haslegrave,Sean,,Haslegrave,,
"Braine, John","Braine, John",John,,Braine,,
George Parshall,George Parshall,George,,Parshall,,
"Pinn, Robert","Pinn, Robert",Robert,,Pinn,,
William King,William King,William,,King,,
"Lake, Greg","Lake, Greg",Greg,,Lake,,
Jane Birkin,Jane Birkin,Jane,,Birkin,,
"Curr, Edward","Curr, Edward",Edward,,Curr,,
Clifford Harper,Clifford Harper,Clifford,,Harper,,
"Mitchell, Tom","Mitchell, Tom",Tom,,Mitchell,,
"Neate, Patrick","Neate, Patrick",Patrick,,Neate,,
Barrie Bates,Barrie Bates,Barrie,,Bates,,
"Bone, Peter","Bone, Peter",Peter,,Bone,,
Alfred Butler,Alfred Butler,Alfred,,Butler,,
"Tanqueray, Paul","Tanqueray, Paul",Paul,,Tanqueray,,
Philip Turner,Philip Turner,Philip,,Turner,,
"Robinson, Rachel","Robinson, Rachel",Rachel,,Robinson,,
Gillian Knight,Gillian Knight,Gillian,,Knight,,
"French, Nicki","French, Nicki",Nicki,,French,,
William Foulke,William Foulke,William,,Foulke,,
"Midgley, Gladys","Midgley, Gladys",Gladys,,Midgley,,
Dean Downing,Dean Downing,Dean,,Downing,,
"Spedding, Charlie","Spedding, Charlie",Charlie,,Spedding,,
Robert Worcester,Robert Worcester,Robert,,Worcester,,
"Martin, Leslie","Martin, Leslie",Leslie,,Martin,,
Brian Horton,Brian Horton,Brian,,Horton,,
"Hill, Oliver","Hill, Oliver",Oliver,,Hill,,
Keith Hampson,Keith Hampson,Keith,,Hampson,,
"Powell, Darren","Powell, Darren",Darren,,Powell,,
Lloyd Doyley,Lloyd Doyley,Lloyd,,Doyley,,
"Dragas, George","Dragas, George",George,,Dragas,,
Howie Camnitz,Howie Camnitz,Howie,,Camnitz,,
"Rickards, John","Rickards, John",John,,Rickards,,
Selwyn Image,Selwyn Image,Selwyn,,Image,,
"Osborne, Sarah","Osborne, Sarah",Sarah,,Osborne,,
Henry Compton,Henry Compton,Henry,,Compton,,
"Redmond, Moira","Redmond, Moira",Moira,,Redmond,,
Charles Manners,Charles Manners,Charles,,Manners,,
"Hunt, Kenneth","Hunt, Kenneth",Kenneth,,Hunt,,
Lena Jeger,Lena Jeger,Lena,,Jeger,,
"Rush, Ian","Rush, Ian",Ian,,Rush,,
Richard Grimsdale,Richard Grimsdale,Richard,,Grimsdale,,
"Hodges, Johnny","Hodges, Johnny",Johnny,,Hodges,,
Andrew Wilson,Andrew Wilson,Andrew,,Wilson,,
"Gobbo, James","Gobbo, James",James,,Gobbo,,
Nicholas Nuttall,Nicholas Nuttall,Nicholas,,Nuttall,,
"Bateman, Sean","Bateman, Sean",Sean,,Bateman,,
Andy Pick,Andy Pick,Andy,,Pick,,
"Woolston, Thomas","Woolston, Thomas",Thomas,,Woolston,,
Barry Quinn,Barry Quinn,Barry,,Quinn,,
"Lovich, Lene","Lovich, Lene",Lene,,Lovich,,
Barry Trapnell,Barry Trapnell,Barry,,Trapnell,,
"Riddle, Stu","Riddle, Stu",Stu,,Riddle,,
Rosamund Clifford,Rosamund Clifford,Rosamund,,Clifford,,
"Montagu, Henry","Montagu, Henry",Henry,,Montagu,,
Jody Dobrowski,Jody Dobrowski,Jody,,Dobrowski,,
"Truelove, Owen","Truelove, Owen",Owen,,Truelove,,
Jacob Sanders,Jacob Sanders,Jacob,,Sanders,,
"Abrahams, Esther","Abrahams, Esther",Esther,,Abrahams,,
Patrick Harvie,Patrick Harvie,Patrick,,Harvie,,
"Baker, Janet","Baker, Janet",Janet,,Baker,,
Robert Vernon,Robert Vernon,Robert,,Vernon,,
"Currie, Tony","Currie, Tony",Tony,,Currie,,
John Whitbourn,John Whitbourn,John,,Whitbourn,,
"Lyell, Nicholas","Lyell, Nicholas",Nicholas,,Lyell,,
Tony Rolt,Tony Rolt,Tony,,Rolt,,
"Brereton, William","Brereton, William",William,,Brereton,,
Robert Pugh,Robert Pugh,Robert,,Pugh,,
"Moore, Billy","Moore, Billy",Billy,,Moore,,
Conrad Gates,Conrad Gates,Conrad,,Gates,,
"Neitz, David","Neitz, David",David,,Neitz,,
Peter Callander,Peter Callander,Peter,,Callander,,
"Hancox, Richard","Hancox, Richard",Richard,,Hancox,,
"Miller, Trevor","Miller, Trevor",Trevor,,Miller,,
Jeffrey Tate,Jeffrey Tate,Jeffrey,,Tate,,
"Francis, Stu","Francis, Stu",Stu,,Francis,,
Leslie Plummer,Leslie Plummer,Leslie,,Plummer,,
"Thomas, Sandy","Thomas, Sandy",Sandy,,Thomas,,
Albert Hall,Albert Hall,Albert,,Hall,,
"Cale, John","Cale, John",John,,Cale,,
Gilbert Longden,Gilbert Longden,Gilbert,,Longden,,
"Abrahams, Sidney","Abrahams, Sidney",Sidney,,Abrahams,,
Alexander Windsor,Alexander Windsor,Alexander,,Windsor,,
"Hayes, Frank","Hayes, Frank",Frank,,Hayes,,
Charles Wilmot,Charles Wilmot,Charles,,Wilmot,,
"Ludham, Godfrey","Ludham, Godfrey",Godfrey,,Ludham,,
Bob Shankly,Bob Shankly,Bob,,Shankly,,
"Silver, Millicent","Silver, Millicent",Millicent,,Silver,,
Joseph Hewitt,Joseph Hewitt,Joseph,,Hewitt,,
"Lancaster, Stuart","Lancaster, Stuart",Stuart,,Lancaster,,
Nigel Roebuck,Nigel Roebuck,Nigel,,Roebuck,,
"Simmons, Rachel","Simmons, Rachel",Rachel,,Simmons,,
Alfred Tasker,Alfred Tasker,Alfred,,Tasker,,
"Imiela, Antoni","Imiela, Antoni",Antoni,,Imiela,,
Michael Horovitz,Michael Horovitz,Michael,,Horovitz,,
"Mordt, Nils","Mordt, Nils",Nils,,Mordt,,
Robert Bell,Robert Bell,Robert,,Bell,,
"Hughes, Bettany","Hughes, Bettany",Bettany,,Hughes,,
Tom Sykes,Tom Sykes,Tom,,Sykes,,
"Ryder, Janet","Ryder, Janet",Janet,,Ryder,,
George Beet Jnr.,George Beet Jnr.,George,,Beet,,Jnr
William Rathbone III,William Rathbone III,William,,Rathbone,,III
Henry Wise Jr.,Henry Wise Jr.,Henry,,Wise,,Jr
A Jackson Jr.,A Jackson Jr.,A,,Jackson,,Jr
Kenny Cooper Sr.,Kenny Cooper Sr.,Kenny,,Cooper,,Sr
Andrew Hugine Jr.,Andrew Hugine Jr.,Andrew,,Hugine,,Jr
Elmer P Martin Jr.,Elmer P Martin Jr.,Elmer,P,Martin,,Jr
Thomas Wedgwood IV,Thomas Wedgwood IV,Thomas,,Wedgwood,,IV
George Beet Snr.,George Beet Snr.,George,,Beet,,Snr
John Shaw Jr,John Shaw Jr,John,,Shaw,,Jr
George Shenton Sr,George Shenton Sr,George,,Shenton,,Sr
John Wesley Work III,John Wesley Work III,John,Wesley,Work,,III
Josiah Wedgwood III,Josiah Wedgwood III,Josiah,,Wedgwood,,III
Joseph Burke II,Joseph Burke II,Joseph,,Burke,,II
