original,noised,predicted first,predicted middle,predicted last,predicted title,predicted suffix
Clodoaldo Paulino De Lima,Clodoaldo Paulino De Lima,Clodoldod,Paulino De,Lima,,
"Martins, Valdemar Rodrigues","Martins, Valdemar Rodrigues",Valdemar,Rodriruus,Martins,,
Luis Ignacio Quinteros,Luis Ignacio Quinteros,Luis,Ignanio,Quinteros,,
Eduardo Adelino Da Silva,Eduardo Adelino Da Silva,Eduardo,Adelino Da,Silva,,
"Gancia, Carlo Vallarino","Gancia, Carlo Vallarino",Carlo,Vallarini,Gancia,,
"Da Cruz, Renaldo Lopes","Da Cruz, Renaldo Lopes",Renaldo,Lopes,Cruz,Sir,
"De Rueda, Jorge Bravo","De Rueda, Jorge Bravo",Jorge,Bravo,Rueda,Dr,
"Miszak, Ana Cepinska","Miszak, Ana Cepinska",Ana,Cepissia,Miszak,,
Mary Anne De Paredes,Mary Anne De Paredes,Mary,Anne De,Paredes,,
Luis Eduardo Aute,Luis Eduardo Aute,Luis,Eddardo,Aute,,
Alberto Rodriguez Larreta,Alberto Rodriguez Larreta,Alberto,Rodgifuuz,Larreta,,
"Reis, Marcos Roberto Silveira","Reis, Marcos Roberto Silveira",Marcos,Roberto Silverir,Reis,,
Bruno Marques Menezes,Bruno Marques Menezes,Bruno,Marquus,Menezes,,
Columbano Bordalo Pinheiro,Columbano Bordalo Pinheiro,Colummano,Bordalo,Pinheiro,,
"Pereira, Domingos Leite","Pereira, Domingos Leite",Dominggo,Leite,Pereira,,
Givanildo Vieira De Souza,Givanildo Vieira De Souza,Givandido,Vieria De,Souza,,
Antonio Vespucio Liberti,Antonio Vespucio Liberti,Antonio,Vessucio,Liberti,,
"Sodre, Pierre Veiga","Sodre, Pierre Veiga",Pierre,Viiga,Sodre,,
Evilasio Leite Da Costa,Evilasio Leite Da Costa,Evilasio,Leite Da,Costa,,
"Yanten, Mario Sanchez","Yanten, Mario Sanchez",Mario,Sanche,Yanten,,
Muller Santos Da Silva,Muller Santos Da Silva,Muller,Santos Da,Silva,,
"Massera, Emilio Eduardo","Massera, Emilio Eduardo",Emilio,Eddarod,Massera,,
"Alvarez, Oscar Marcelino","Alvarez, Oscar Marcelino",Oscar,Marcelini,Alvarez,,
"Llama, Cristian Ezequiel","Llama, Cristian Ezequiel",Cristian,Ezequeil,Llama,,
Alfredo Salazar Southwell,Alfredo Salazar Southwell,Alfredo,Salaza,Southwell,,
"Molina, Juan Ignacio","Molina, Juan Ignacio",Juan,Ignanio,Molina,,
Fiorella D'Croz Brusatin,Fiorella D'Croz Brusatin,Fiorella,Droj,Brusatin,,
Omar Vizquel,Omar Vizquel,Omar,,Vizzuel,,
"Goyeneche, Roberto","Goyeneche, Roberto",Roberth,,Goyeneche,,
"Da Silva, Afonso","Da Silva, Afonso",Afonso,,Silva,Sir,
"Traverso, Alfredo","Traverso, Alfredo",Alfredo,,Traverson,,
"O'Reilly, Alejandro","O'Reilly, Alejandro",Alejandro,,Oreilly,,
"Feofiloff, Paulo","Feofiloff, Paulo",Paulo,,Feofiolff,,
"Bonds, De'Aundre","Bonds, De'Aundre",Deetundre,,Bonds,,
Sequeira Costa,Sequeira Costa,Sequeria,,Costa,,
"Alessandri, Fernando","Alessandri, Fernando",Fernando,,Alessandar,,
"Ramon, Anselmo","Ramon, Anselmo",Anselom,,Ramon,,
"Amigorena, Santiago","Amigorena, Santiago",Santiago,,Amigorean,,
Ricardo Sperafico,Ricardo Sperafico,Ricardo,,Speravico,,
"Moura, Eli-Eri","Moura, Eli-Eri",Eli,Eri,Moura,,
"Arroyuelo, Javier","Arroyuelo, Javier",Javier,,Arroyele,,
Carlota Castrejana,Carlota Castrejana,Carolta,,Castrejana,,
"Tjon-A-Ten, Varina","Tjon-A-Ten, Varina",Varina,,Thondste,,
"Augusto, Infante","Augusto, Infante",Infanet,,Augusto,,
Ras Shorty I,Ras Shorty I,Ras,Shorty,I,,
