original,noised,predicted first,predicted middle,predicted last,predicted title,predicted suffix
John Cunningham Saunders,John Cunningham Saunders,John,Cunninghar,Saunders,,
"Bush, Stephen J","Bush, Stephen J",Stephen,,Bush,,Jr
"Acton, Charles Januarius","Acton, Charles Januarius",Charles,Janasuuus,Acton,,
G D'Arcy Boulton,G D'Arcy Boulton,G,Darcy,Boulton,,
"Fox-Davies, Arthur Charles","Fox-Davies, Arthur Charles",Arthur,Charles,Foxavies,,
John Wallace Linton,John Wallace Linton,John,Wallane,Linton,,
"Conway, John S","Conway, John S",John,,Conway,,Sr
"Centre, Carrubbers Christian","Centre, Carrubbers Christian",Carubbbers,Christian,Centre,,
Sheilah Graham Westbrook,Sheilah Graham Westbrook,Sheilah,Grasam,Westbrook,,
"Tennant, Edward Wyndham","Tennant, Edward Wyndham",Edward,Wyndhan,Tennant,,
"Ieuaf, Hywel Ap","Ieuaf, Hywel Ap",Hhwel,Ap,Ieuaf,,
"Ford, Brian J","Ford, Brian J",Brian,,Ford,,Jr
Charles Hesterman Merz,Charles Hesterman Merz,Charles,Hestreman,Merz,,
"Shahbazi, Alireza Shapour","Shahbazi, Alireza Shapour",Alireza,Shappour,Shahbazi,,
William Crawford Williamson,William Crawford Williamson,William,Chawford,Williamson,,
"Gill, Parmjit Singh","Gill, Parmjit Singh",Parmit,Singh,Gill,,
"Gwylog, Elisedd Ap","Gwylog, Elisedd Ap",Elised,Ap,Gaylog,,
"Stoner, Edmund Clifton","Stoner, Edmund Clifton",Edmund,Clitton,Stoner,,
Elizabeth Jennings Graham,Elizabeth Jennings Graham,Elizabeth,Jenninga,Graham,,
Eldridge Cleaver,Eldridge Cleaver,Eldride,,Cleaver,,
Falconer Madan,Falconer Madan,Madan,,Falconer,,
Heneage Finch,Heneage Finch,Heneagg,,Finch,,
Tony Di Bart,Tony Di Bart,Tony,Di,Bart,,
Thomas Tresham I,Thomas Tresham I,Thomas,Tresham,I,,
Thomas Assheton Smith I,Thomas Assheton Smith I,Thomas,Ashheton Smitha,I,,
Aubrey De Vere III,Aubrey De Vere III,Aubrey,De,Vere,,III
