original name,noised name,predicted first,predicted middle,predicted last
Willi Schrder,Willi Sch7rder,Willi,,Scharder
"Patrignani, Camilo A.","Patrignani, Camlo A.",Camlo,A,Patrignani
Ferid Chouchane,FeridJ Chouchane,Ferid,J,Chouchane
"Rossolimo, Amanda","Rossolimo, DAmanda",D,Amanda,Rossolimo
"McWilliams, Terry","McWilliams, Tery",Tery,,Mcsilliams
"Linder, Christian","Linder, Chistian",Chistian,,Linder
William Nicholson,William Nichodlson,William,,Nichodlson
Gustav Ingvar Rydell,GustavhIngvar Rydell,Gustavh,Ingvar,Rydell
"Dominguez, Pablo","Domin1guez, Pablo",Pablo,,Dominiguez
Hanif Kureishi,Hanif Kureisshi,Hanif,,Kureisshi
"Morales, Rufino","Morales, RuAino",Ruino,,Morales
"Langarica, Claudia","Langarica, Clautdia",Clautdia,,Langarica
Victor Rivera,Victor Rvera,Victor,,Rvera
"Mejia, Maria","Mejia, Laria",Laria,,Mejia
David A. Klarner,David A. Klarhner,David,A,Klarhner
"Grennan, Grainne M.","vGrennan, Grainne M.",Grainne,M,Grannan
Shuta Yoshino,Shut Yoshino,Shut,,Yoshino
Grard Denecheau,Grad Denecheau,Grad,,Denecheau
Michael Shannon,Michael Shan5non,Michael,,Shananon
"Aviles, Carmen","Aviles, Carnen",Carnen,,Aviles
Carlos Lannes,Crarlos Lannes,Crarlos,,Lannes
"Cook, Amanda","Cook, AXmanda",Ammanda,,Cook
Stig-Gran Johansson,Stig-Gran JohaAnsson,Stigh,Gran,Johannsson
"Ritter, Jennifer",RitterS Jennifer,Ritter,S,Jennifer
"Johnson, Patty","ohnson, Patty",Patty,,Tonson
Mahoula Kramou,Mahoua Kramou,Mahoua,,Kramou
Dee Wallace,Dee Wallacf,Dee,,Wallac
Beat Meister,Beay Meister,Beay,,Meister
Charlotte Ayanna,Charlbotte Ayanna,Ayanna,,Charlbotte
Norio Ito,Norio It,Norio,,It
Tatyana Vasilyevna Ananko,rTatyana Vasilyevna Ananko,Tatyana,Vasilleen,Ananko
"Tighe, Maureen","Tighe, Maurden",Maurden,,Tighe
"Damuth, Kevin","Damugh, Kevin",Kevin,,Damugh
"Sanchez, Ronald","SanTchez, Ronald",Ronald,,Sancchez
Jeong Yong-Gyun,Jeong Yong-GyIun,Jeong,Yong,Gyun
Maria Lazarou,aria Lazarou,Aria,,Lazarou
"Eshleman, Ryo","EshlGeman, Ryo",Ryo,,Eshloemann
Lutz Benter,Lutz Bente,Bente,,Lutz
Frank Montaldi,Frank Montalldi,Frank,,Montalldi
"Harbour, Phoebe L.","Harbour, Phoeb2 L.",Phoeby,L,Harbour
Robert W. Brooks,Roberto W. Brooks,Roberto,W,Brooks
"Parker, Megan","Parker, Aegan",Aegan,,Parker
"Rickner, Abby","Rickner, HAbby",Hobby,,Rickner
"Royal, Amy E.","Roal, Amy E.",Amy,E,Roal
Robert Langlois,Robert Labglois,Robert,,Labglois
Wu Shude,Wu Sude,Wu,,Sude
Steve Martin,Stee Martin,Stee,,Martin
"Yamada, Haruki","Yamada, HarBuki",Har,Buki,Yamada
Matthew Broderick,Matthew Brodeick,Matthew,,Brodeick
"Gallagher, Claire W.","Gallagher, Claire j.",Claire,j,Gallagher
Mrton Lrincz,MrtonyLrincz,Mrtony,,Lrincz
Judy Reynolds,Judy Reynolls,Judy,,Reynolls
Harold R. Ives,Harold R. Ive,Harold,R,Ive
"Cheung, Lap Kei","Cheung,K Lap Kei",K,Lap Kei,Cheung
"Decarli, Debbie","Decarli, Qebbie",Qebbie,,Decarli
"Harlock, David","Halock, David",David,,Halock
"Caruso, Isabella","Caruso, IsAbella",Is,Abella,Caruso
Atanas Ivanov Gerov,Atana Ivanov Gerov,Atana,Ivanov,Gero
"Merkin, Rachel L.","Merkin, achel L.",Achel,L,Merkin
Jana Kapustov,Jana Kaprustov,Jana,,Kaprustov
"Sandor, Doru","Sndor, Doru",Doru,,Sndor
Yasuaki Mitsumori,YasuakEi Mitsumori,Yasuak,Ei,Mitsumori
Brian Alexander Glennie,Brian AlexanderS Glennie,Brian,Alexandera,Glennie
"McCarthy, Marybeth A.","McCarthy,WMarybeth A.",W,Marybeth A,Mceartiy
Ali Akansu,Aili Akansu,Aili,,Akansu
"Jordan, Joanne","Jordan, Joane",Joane,,Jordan
Mark Herring,ark Herring,Ark,,Herring
Zsuzsanna Tiba,Zsujsanna Tiba,Zsujsanna,,Tiba
Micha Kuda,Micha KTuda,Micha,K,Tuda
"Merrin, Zach P.","Merrin, ach P.",Ach,P,Merrin
Andrea Rolla,Anrea Rolla,Anrea,,Rolla
Ruslan Biktyakov,Rslan Biktyakov,Rslan,,Biktyakov
"Carlson, Ryann","Carlson, Ryan9",Ryan,,Carlson
Tjalling Koopmans,Tjalling Koopymans,Tjalling,,Koopymans
Vasco de Carvalho,Vasco de Crvalho,Vasco,De,Crvalho
"Xiarhos, Ashlynne O.","Xiarhos, Ashlynn9e O.",Ashlynne,O,Xiaroos
Erland Franz Herkenrath,ErlanPd Franz Herkenrath,Erlande,Franz,Herkenrarh
"Harmon, Joanna","Harmon, Josnna",Josnna,,Harmon
Zoghman Mebkhout,Zghman Mebkhout,Zghman,,Mebkhout
"Pakstis, Sarah K.","Pakstis, Sadah K.",Sadah,K,Pakstis
"Ulery, Julie A.","Ulery, Julie Ak.",Julie,Ak,Ulery
Scott Cooper,Shott Cooper,Shott,,Cooper
Christian Carion,Christian arion,Christian,,Arion
Song Jin-U,Song Jin=U,Jin,,Song
"Carroll, Anne","CLarroll, Anne",Anne,,Larroll
"Osborne, Joseph P.","Osborne, oseph P.",Oseph,P,Osborne
"Heo, Kyungdoo","Heo, Kyungkoo",Kyungkoo,,Heo
"Carney, Veronique","Carney, Veroniqe",Veroniqee,,Carney
Yasutaka Ihara,Yasutaka Ihaara,Yasutaka,,Ihaara
Basheer Mohamed Al-Khewani,Hasheer Mohamed Al-Khewani,Hasheer,Mohamed Al,Khewani
Loni Klettl,Lons Klettl,Lons,,Klettl
Stephen King,Stephen Kineg,Stephen,,Kineg
"Cochrane, Krysta","Coctrane, Krysta",Krysta,,Coctrane
Alison Margaret Knowles,Alison Margaret Kowles,Alison,Margaret,Kowles
"Baratta, Gustavo","Bara2tta, Gustavo",Gustavo,,Barastta
"Mish, Brad","MiUsh, Brad",Brad,,Mirsh
"Zaccheo, Billy","ZacPheo, Billy",Billy,,Zachheo
Zavana Aranga,Zavna Aranga,Zavna,,Aranga
Klaus Hahn,Klaus Haghn,Klaus,,Haghn
"Haylor, Richard","Haylo, Richard",Richard,,Haylo
"O'Grady, Sean T.","O'Gr0ady, Sean T.",Sean,T,Ohorayy
"Brady, Lauren","BSrady, Lauren",Lauren,,Srady
Edgard Viseur,Edgard Voseur,Edgard,,Voseur
"McCarron, Emma L.","McCrron, Emma L.",Emma,L,Mcerron
Andrea eri,ndrea eri,Ndrea,,eri
Eric Emil Lindroth,Eric Emil Lindroh,Eric,Emil,Lindroh
Akiyoshi Hongo,Akiyosvi Hongo,Akiyosvi,,Hongo
Song In-Jun,SongIn-Jun,Song,Ina,Jun
Benjamin Youla,Benjamin Youa,Benjamin,,Youa
"Zappala, Lisa M.","Zappala, Lia M.",Lia,M,Zappala
"Stoddart, Jason","Stoddart, ason",Ason,,Stoddart
"Paula, Manny M.","Pula, Manny M.",Manny,M,Pula
Ian Hamilton Wrigley,Ian Hamilton Wrigtley,Ian,Hamilton,Wrigtley
"Fudacz, Nancy","Fudacz, Nanfy",Nanfy,,Fudacz
"Quiros, Christian","Qu9ros, Christian",Christian,,Queros
Wael Fahim Mostafa,Wael Fahim MostafGa,Wael,Fahim,Mostafsa
"Johnson, Susan L.","Johnpson, Susan L.",Susan,L,Johnpson
"Humen, Laura B.","Humeb, Laura B.",Laura,B,Humeb
Hajime Watanuki,HajimeH Watanuki,Hajime,H,Watanuki
Georges Casimir Semelaigne,Georges Casimir S5emelaigne,Georges,Casimir,Sremelaiin
Olive Higgins Prouty,)live Higgins Prouty,Mlive,Higgins,Prouty
Jocelyn Moorhouse,Joclyn Moorhouse,Joclyn,,Moorhouse
Fan Jie,Fan ie,Fan,,Le
Paul Golding,Paul Glding,Paul,,Glding
Agustn Caldern Dez,OAgustn Caldern Dez,Ogusun,Calderc,Dez
Zhu Minzhu,Zhu Mzinzhu,Zhu,,Mzinzhu
Adam Jamie McGeorge,HAdam Jamie McGeorge,Hadam,Jamie Mc,George
"Bartlett, James W.","Bartlett, James Wa.",James,Wan,Bartlett
"Scapillato, Tim","ScapiJllato, Tim",G,Tim,Scaaiallat
Claudia Strobl,Claudia SFrobl,Claudia,S,Frobl
Irak'li Ch'och'ua,Ira8'li Ch'och'ua,Iralli,Chocca,Cua
Fares Al-Ferjani,ares Al-Ferjani,Ares,Al,Ferjani
"Griffin, Kathryn S.","Giffin, Kathryn S.",Kathryn,S,Giffin
"Martin, Christie L.","partin, Christie L.",Christie,L,Partin
Monica Lanz,Monica Lanwz,Monica,,Lanwz
"Oates, Brian G.","Oates, BrianK G.",Brian,K G,Oates
Houssine Kharja,Houasine Kharja,Houasine,,Kharja
Chris Pratt,Chris Patt,Chris,,Patt
Hanna Viktoria Helgesson,Hanna Viktoria Helgeksson,Hanna,Viktoria,HelgeKsson
"LaPointe, Talia A.","JaPointe, Talia A.",Talia,A,Jaoiite
Esmeral Tunluer,Esmeral Tuncuer,Esmeral,,Tuncker
Ailana Fraser,Ailana FraSser,Ailana,Fra,Sser
Maurice Edelston,MaurCce Edelston,Maur,Cce,Edelston
"Canney, Lori","Canney, Lor",Lor,,Canney
Wu Naiqun,Wu Naqun,Naqun,,Wu
"L'Abbe, Fabienne","L'Abbe, Fabienn",Fabienn,,Lobbe
"Rush, Jeff","Rusbh, Jeff",Jeff,,Rusbh
"Olivera, Gabriela","Olivera, Gabriea",Gabriea,,Olivera
Adja Marieme Diop,Aja Marieme Diop,Aja,Marieme,Diop
"Hobson, Robin J.","Hobson, Roin J.",Roin,J,Hobson
Shiwe Octavia Nogwanya,Showe Octavia Nogwanya,Showe,Octavia,Nogwanya
"Fasan, Andrea","Fasan, Adrea",Adrea,,Fasan
Alvin Paul Wegeman,AlviP Paul Wegeman,Alvia,Paul,Wegeman
"Hall, Robert",Hallw Robert,Hall,,Robert
Nataliya Tsyganova,Natalia Tsyganova,Natalia,,Tsyganova
Aksel Frederik Andersen,Ak1sel Frederik Andersen,Akhsel,Frederik,Andersen
"Fair, Stephen","Fair, Stehen",Stehen,,Fair
"Modica, Nicole","Modica,vNicole",Nicole,,Movica
Douglas George Churchill,DouTglas George Churchill,Dou,Tglas George,Churchill
Wilhelm Killing,Wilhelm illing,Wilhelm,,Valing
"Johnson, Rhonda","Jhnson, Rhonda",Rhonda,,Janson
George Nonomura,GEorge Nonomura,Eorde,,Nonomura
Nils Kristian Eriksen,Niwls Kristian Eriksen,Niwls,Kristian,Eriksen
Thrasyllus of Mendes,Thrasylls of Mendes,Thrasylls,Tf,Mendes
Jerry Seinfeld,Jerry Sein0feld,Jerry,,Seinefeld
Ahmed Abdul Basith,Ahmed AbBdul Basith,Ahmed,Abdel,Basith
"Brandt, Jaiden L.","Brandt, Jaid6en L.",Jaeden,L,Brandt
Julie Gerecht,Julie erecht,Julie,,Erecht
Peter Matthews,Peter MMtthews,Peter,M,Mothews
"Purves, Brendan","Purves, Brenean",Brenean,,Purves
"Egorov, Alexey","Egoroxv, Alexey",Alexey,,Egoroyv
Yevgeny Yuryevich Natsvin,Yevgeny Yuryevich Nstsvin,Yevgeny,Yuryevich,Nstsvin
Colin Firth,Coelin Firth,Coelin,,Firth
Valerie Curtin,VHlerie Curtin,Velerie,,Curtin
Antonio Nestor Garca,Antonio Nestor Grca,Antonio,Nestor,Grca
"Haapala, Juha","Haapla, Juha",Juha,,Haapla
"Bagnulo, Matthew","Bagnuno, Matthew",Matthew,,Bagnuno
Sidney Graham,QSidney Graham,Q,Sidney,Graham
Lennart Eisner,Lennartc Eisner,Lennartc,,Eisner
"Shockley, Stacy","Shockley, Sacy",Sacy,,Shockley
Annette Bening,Annette Bning,Annette,,Being
"Vanfossen, Amy L.","Vanlfossen, Amy L.",Amy,L,Vanlfossen
Sergio Chianella,Sergio Chiajnella,Sergio,,Chiannella
"Gertken, Jodi A.","Gertken, Jodi .",Jodi,,Gertken
Joseph Ludwig Raabe,Joseph LudwigyRaabe,Joseph,Ludwige,Raabe
Dag Hopen,Da Hopen,Da,,Hopen
Isabelle Adjani,Isabelle Adjbni,Isabelle,,Adjeni
Jere Lee Elliott,Jere Lee Elliot,Jere,Lee,Elliot
"Jo, Yoshiko","Jo, Yoshio",Yoshio,,Jo
"Agudelo, John A.","Agudelo, Joh A.",Joh,A,Agudelo
Peter Koefoed,PeZter Koefoed,Pe,Zter,Koeford
Josh A. Cagan,Josh A. agan,Josh,A,Agan
"Burnett, Jotham","Brnett, Jotham",Jotham,,Brnett
Guy Hirsch,GFy Hirsch,Fy,,Hirsch
"Long, Caiying","Long, Caziying",Casiying,,Long
Paolo Ferrando,Paolo FerJrando,Paolo,,Ferfrando
Marek Gawkowski,Karek Gawkowski,Karek,,Gawkowski
Chris Robanske,Cheis Robanske,Cheis,,Robanske
Seifu Mekonnen,Seifu Meko4nnen,Seifu,,Mekoonnen
"Benson, Jill","Benson, Jnill",Jnill,,Benson
"Dixon, David","Dixon, Dvid",Dvid,,Dixon
"Nelson, Joan E.","Nelson, Joank E.",Joank,E,Nelson
Gregg Araki,Gegg Araki,Gegg,,Araki
"O'Brien, Bobby Earle","O'Brien, obby Earle",Joby,Earle,Ocrien
Miroslav Jka,MiroRslav Jka,Miro,Rslav,Jka
"Yi, Li",Yi Li,Yi,,Li
Martin Ansa Ortz,Martih Ansa Ortz,Martih,Ansa,Ortz
"Shaffer, Allison","Shaffer, llison",Clison,,Shaffer
Andrzej Bogdan Chylinski,Andzej Bogdan Chylinski,Andzej,Bogdan,Chylinski
"Swain, Scott A.","Swain, Scot A.",Scot,A,Swain
"Kimball, Jeff","Kimball, Ieff",Ieff,,Kimball
Valentina Serghei,ValenRtina Serghei,Valen,Rtinan,Serghei
"Roach, Gabe","Roach, Gab",Gab,,Roach
Hirofumi Sakai,Hirofhumi Sakai,Hirofhumi,,Sakai
"Kelly, Ryan D.","Klly, Ryan D.",Ryan,D,Klly
David Connor,David Cnnor,David,,Cnnor
"Moniak, Daniel","Monik, Daniel",Daniel,,Moni
"Merkel, Patricia","erkel, Patricia",Patricia,,Erkel
"Suris, Edgar","Suris, Edbar",Edbar,,Suris
"Blakney, Luz A.","Blakney, LuZ A.",Lu,A,Blakney
Harrison Ford,HarrisoO Ford,Ford,,Harriso
Karim Saddam Minshid,Karim Sa3ddam Minshid,Karim,Sanddam,Minshid
Yoshitaka Tokunaga,Yoshiftaka Tokunaga,Yoshiftaka,,Tokunaga
"Schriner, Amber","Schriner, AmBer",Amer,,Schriner
Takashige Matsumoto,Takashige Ma1sumoto,Takashige,,Maxsumoto
"Petersen, David","PeBersen, David",David,,Pesersen
James Cameron,Jaes Cameron,Cameron,,Jaes
Denis Ulanov,enis Ulanov,Enis,,Ulanov
"Robbins, Allison","Robbins, mAllison",m,Allisor,Robbins
Stefan Wgerbauer,Stefan Wgerhauer,Stefan,,Wgerhauer
Hubert Hhne,Hubert HhnCe,Hubert,,Hhile
David Earl McGill,David Earl MGill,David,Earl M,Gill
Kyriaki Kouvari,Kyriaoi Kouvari,Kyriaoi,,Kouvari
Tatiana De Rosnay,Tatiana De Rosna6,Tatiana,De,Rosna
Ryan Kwanten,Tyan Kwanten,Tyan,,Kwanten
Teruko Nakano,TerukoGNakano,Teruko,G,Nakano
Gustaf Eugen Bergman,Gustawf Eugen Bergman,Gustaf,Eugan,Bergman
"Kearney, Mary K.","Kearney, Mary bK.",Mary,,Kearney
Teruko Yamada,eruko Yamada,eruk,,Yamada
Guy de Maupassant,Guy de Faupassant,Guy,De,Faupassant
Mario Mattioli,Mario Mattioi,Mario,,Mattioi
Tommy Lee Jones,Tommy Lee Joes,Tommy,Lee,Joes
Vladas Jankauskas,Vladas Jankaukas,Vladas,,Jankaukas
Renato Martini,Renato Marmini,Renato,,Marminia
Constantin Popovici,Constantin Popovci,Constantin,,Popovci
Jacek Tadeusz Morajko,Jacek Tadeusx Morajko,Jacek,Tadeus,Morajko
George Edward Mara,George EdWard Mara,George,Ederd,Mara
"Seney, Matt","Seey, Matt",Matt,,Seey
Alec Baldwin,Alec BaldwiVn,Alec,,Baldwisn
Emanuele Di Gregorio,Emanfuele Di Gregorio,Emanfuele,Di,Gregorio
"Martino, Paul","Jartino, Paul",Paul,,Jartino
"Goldstein, Jessi F.","Gocldstein, Jessi F.",Jessi,F,Gocldstein
"Bischoff, Charlie","Bifchoff, Charlie",Charlie,,Bifchoff
Mladen Bestvina,Mlden Bestvina,Mlden,,Bestvina
Alyssa Milano,A3lyssa Milano,Allyssa,,Milano
"Vuono, Jeffrey","Vuono, Joeffrey",Joeffrey,,Vuono
Oscar Ral Bidegain,OscXar Ral Bidegain,Oscrar,Ral,Bidegain
Godwin Okpara,Godwin Ok4ara,Godwin,,Okeara
Li Yanyan,Li Yanan,Li,,Yanan
"Blanchard, Tim","Nlanchard, Tim",Tim,,Nlanchard
Rafael Nickel,Rafael Ni5ckel,Rafael,,Nicckel
"Colleran, Tim","Colleran, Tmm",Tmm,,Colleran
Ariel Ramos Wilson,Arkel Ramos Wilson,Arkel,Ramos,Wilson
Devon Sawa,evon Sawa,Evon,,Sawa
Brian Azzarello,Bian Azzarello,Bian,,Azzarello
"Hernandez, Elizabeth","Hernandez, Elizabth",Elizabhh,,Hernandez
Laura Vargas Koch,Laura Varga Koch,Laura,Varga,Koch
Keira Knightley,Keira nightley,Keira,,Nightley
Yevgeny Lomach,Yeveny Lomach,Yeveny,,Lomach
Gnter Siegmund,Gnter Segmund,Gnter,,Segmund
"Mota, Juan","Mota,L Juan",L,Juan,Mota
Abdul Mansaray,Abdul Mainsaray,Abdul,,Mainsaray
Birhanu Yemataw Balew,Birhanu YTemataw Balew,Birhanu,Temataw,Balew
"Sorenson, Wendy","Sorenso, Wendy",Wendy,,Sorenso
Giorgio Cecchetti,Giorgio CecchettF,Giorgio,,Cecchettt
Erik Lars Lindeberg,Erik Lars Lzindeberg,Erik,Lars,Lzindeberg
Leung Chun Wing,Leung Chun ing,Leung,Chun,Ming
Elisabeth Shue,Elisabeth Sue,Elisabeth,,Sue
"Seymour, Alan C.","Seymur, Alan C.",Alan,C,Seymur
Georges Van Haelen,Geores Van Haelen,Van,Haelen,Geores
"Cohen, Mark","Cohen, Mak",Mak,,Cohen
Franc itnik,FranM itnik,Fran,M,Stnik
Eugne Legrand,Eune Legrand,Eune,,Legrand
"Pratt, Daniel J.","Pratt, Daniesl J.",Daniell,J,Pratt
"Cho, Tai Hee","Cho, Tai HeMe",Tai,Hele,Cho
"Bilimoria, Bhavin","Bilimolia, Bhavin",Bhavin,,Bilimolia
Joseph Weber,Josph Weber,Josph,,Weber
"Burrows, Jennifer","Burrows, Jenn0fer",Jennefer,,Burrows
"Thompson, Jace","T6ompson, Jace",Jace,,Trompson
Rao Vucini,Rao ucini,Rao,,Acini
Ayman Mazhar,Ayma Mazhar,Ayma,,Mazhar
"Salem, Juliana B.","Salem, Jullana B.",Jullana,B,Salem
Robin Godfrey Hodder,Rovin Godfrey Hodder,Rovin,Godfrey,Hodder
Jonathan Adam Holland,Jonathaon Adam Holland,Jonathaon,Adam,Holland
"Kneller, Sian","Knerler, Sian",Sian,,Knerler
Pter Vpi,Pter Vp,Pter,,Vp
"Liao, Kuo Chih","Liao, Keuo Chih",Keuo,Chih,Liao
"Jaskiewicz, Ryan","Jaskiewicz, Ryam",Ryam,,Jaskiewicz
Fethi Ghariani,Fethi Ghriani,Fethi,,Ghriani
Arto Salomaa,Arto Saloumaa,Arto,,Saloumaa
Quentin Tarantino,uentin Tarantino,Dentin,,Tarantino
Jnos Rehus-Uzor,Jnos Rhus-Uzor,Jnos,Rhus,Uzor
"Juengel, Dave","Juenge, Dave",Dave,,Juenge
Teresa Cohen,Tersa Cohen,Tersa,,Cohen
"Vigneron, Peter","Vigneron, 2eter",Heter,,Vigneron
Daniel Gillespie,Danwiel Gillespie,Danwiel,,Gillespie
"Dawes, Bridget K.","Dawes, Gridget K.",Gridget,K,Dawes
"Stevens, Aaron Z.","Stvens, Aaron Z.",Aaron,Z,Stvens
Aleksandar ivkovic,Alksandar ivkovic,Alksandar,,Sikovic
"Hashida, Akiko","Hashhida, Akiko",Akiko,,Hashhida
Matthew Sarmento,Matthe2 Sarmento,Matthe,,Sarmento
"Dandaraw, Susan","Danaraw, Susan",Susan,,Danaraw
Haakon Piro Bryhn,Haakon Pio Bryhn,Haakon,Pio,Bryhn
Edward Furlong,Edward FurXong,Edward,Fur,Xong
Markus Pittner,Markus Pittnek,Markus,,Pitthek
Anthony Frederick Holles,Anthony Frederick HolQes,Anthony,Frederick,Holes
"Staub, Christine","StAub, Christine",Christine,,Stuub
Hao Kexin,Ha Kexin,Kexin,,Ha
"Price, Tim","Prie, Tim",Tim,,Prie
Moumouni Siuley,Moumoun9 Siuley,Moumouno,,Siuley
Melanie Matthews,Melanie Mtthews,Melanie,,Mathews
"Goodwin, Elizabeth","Goodwin, CElizabeth",C,Elizabeth,Goodwin
Andr Claude,Andr laude,Andro,,Laude
"Bushong, Cailtlin","ushong, Cailtlin",Cailtinn,,Ushong
Pierino Caccialupi,Pierino CacciaTlupi,Pierino,Caccia,Tlupi
"Reddy, Naveen","Reddy, Nabeen",Nabeen,,Reddy
"Hijri, Mohamed",Hijri8 Mohamed,Hijri,,Mohamed
Delphine Lansac,Delphin Lansac,Delphin,,Lansac
Ken Steven Tsujiura,Ken teven Tsujiura,Ken,Keven,Tsujiura
Cindy Eadie,Cindy Eacie,Cindy,,Eacie
Michael Shaara,Migchael Shaara,Migchael,,Shaara
"Horning, Peter","Horning, aeter",Jeter,,Horning
Max Hofmeister,ax Hofmeister,Dx,,Hofmeister
"Sahnd, Kevin","Sahnd, Kevcin",Kevcin,,Sahnd
"Klarich, Lee","Klarch, Lee",Lee,,Klarch
John Houston Craige,John ouston Craige,John,Duston,Craige
"Bretz, Virgil","Bretz, Virgi",Virgi,,Bretz
"Rivera, Miguel","Rivra, Miguel",Miguel,,Rivra
Anatoly Ivanovich Nazarenko,Anatoly Ivanovicjh Nazarenko,Anatoly,Ivanyvich,Nazarenko
Yves-Louis Pinaud,Yves-Louis inaud,Yvesh,Louis,Anaud
Philippe Stott,Philipe Stott,Philipe,,Stott
Bill Chen,BilL Chen,Bil,L,Chen
Paul Schupp,Paul SAchupp,Paul,,Sachupp
Micha Bieniek,Micha BOieniek,Micha,B,Okeniek
Ludovic Gal,Ludovic al,Ludovic,,Al
Han Wenxia,Haen Wenxia,Wenxia,,Haen
Claudia Barth,Claudia BarXth,Claudia,,Bartth
"Vierzba, Nicole M.","Vierba, Nicole M.",Nicole,M,Vierba
"Sack, Myra","Sack, M6ra",Mora,,Sack
"Galarneau, Jason","Galareau, Jason",Jason,,Galareau
"Sackles, Paul E.","Sacknles, Paul E.",Paul,E,Sacknles
"Nam, Kyung J.","NaXm, Kyung J.",Kyung,J,Naam
Johannes Lauridsen,Johannes Laurisen,Johannes,,Laurisen
"Ziegler, Ron",Zieglery Ron,Ron,,Zieglery
Kokoutse Fabrice Dabla,Kokoutse Fabrice Daba,Kokoutse,Fabrice,Daba
"Mccullough, Sarah","Mccullough, Saraa",Saraa,,Mccullough
"Liang, Steven W.","Liang, Stevem W.",Stevem,W,Liang
Alain Portes,Alain Ports,Alain,,Ports
Georges Grosjean,Georpges Grosjean,Georpges,,Grosjean
"Elliott, Karey",Elliott Karey,Elliott,,Kare
Julio Cabrera Balsa,Julio Cabrera Basa,Julio,Cabrera,Basa
Ibrain Crombet McKenzie,Ibrain Crmbet McKenzie,Ibrain,Crmbet Mc,Kenzie
Andrew Birkin,zAndrew Birkin,Indrew,,Birkin
Beniamin Kuciski,Beniamin Kucipski,Beniamin,,Kucipski
"Wong, Ken Mun",Wong Ken Mun,Wong,Ken,Mun
River Phoenix,River PhoeWnix,River,,Phoennix
"Cheung, Tak Hong","Cheung, Tak Hongg",Tak,Hongg,Cheung
Swen Schuller,Sen Schuller,Sen,,Schuller
"Brady, Tye M.","Brady, Tye h.",Tye,h,Brady
"Biwott, Shadrack","Biwott, Shadrak",Shadrak,,Biwott
Claude Jean-Prost,Claude Jeaxn-Prost,Claude,Jeaxny,Prost
"Parent, Joe","PRrent, Joe",Joe,,Prrent
"Neal, Samuel R.","Neal, Samuel 9.",Samuel,E,Neal
"Fischer, Brad","Fischfr, Brad",Brad,,Fischr
"Lucey, Jim",LuceyZ Jim,Lucey,,Jim
Hisayoshi Harasawa,Hisayoshi Harasqwa,Hisayoshi,,Harassa
John Coffey,John Coffemy,John,,Coffemy
"Hernandez, Francisco M.","Hernandez, Francsco M.",Francsco,,Hernandez
Kristian Seip,Kfistian Seip,Kjistian,,Seip
Ivan Demyanenko,IvDan Demyanenko,Ivan,,Deyyanenko
"Manley, Mark","Manle0, Mark",Mark,,Manle
Mikhailis Kalomoiris,MikhailDis Kalomoiris,Mikhail,Dis,Kalomoiris
"Egge, Jerry","Egge, JeGry",Je,Gry,Egge
"Tavolacci, John","Tavolacc, John",John,,Tavolacc
John Zakrzewski,John ZakrzewsGki,John,Zakrzees,Gki
"Leblanc, Daniel","Leblanc, Vaniel",Vaniel,,Leblanc
"Ferrigno, Pat A.","Ferrigno, Pat Av",Pat,Ave,Ferrigno
Yeter Seviml,YeterJSeviml,Yetera,,Seviml
"Dalmas, Susana","Dalmas, Susan",Susan,,Dalmas
Zach Dean,Zacy Dean,Zacy,,Dean
Alistair Davis,AlPistair Davis,Al,Pistair,Davis
Dusn Kovcs,Dusn Kqovcs,Dusn,,Knovcs
