original name,noised name,predicted first,predicted middle,predicted last
Willi Schrder,Willi Schrde,Willi,,Scherde
"Patrignani, Camilo A.","Patrignyani, Camilo A.",K,Camilo A,Patriglyan
Ferid Chouchane,Ferie Chouchane,Ferie,,Chouchane
"McWilliams, Terry","gcWilliams, Terry",Terry,,Gilliams
"Linder, Christian","Lnder, Christian",Christian,,Lander
Gustav Ingvar Rydell,Gustav Ingvar Rydelo,Gustav,Ingaa,Rydelo
"Dominguez, Pablo","Dominguen, Pablo",Pablo,,Dominguen
"Varecka, Tj","Varrecka, Tj",Tj,,Varrecka
"Langarica, Claudia","Langarica, Clauddia",Clauddia,,Langarica
Victor Rivera,Victor Ricera,Victor,,Ricera
"Mejia, Maria","Mejia, MarQa",Mara,,Mejia
David A. Klarner,David Az. Klarner,David,Az,Klarner
Shuta Yoshino,Shua Yoshino,Shua,,Yoshino
Grard Denecheau,Grard DenecKheau,Grard,Denec,Kheau
"Aviles, Carmen","Avires, Carmen",Carmen,,Avires
Stig-Gran Johansson,iStig-Gran Johansson,Stig,Gran,Johansson
Mahoula Kramou,Mhoula Kramou,Mhoula,,Kramou
Dee Wallace,Dee Wallase,Dee,,Wallase
Charlotte Ayanna,Charlotte Aanna,Charlotte,,Aanna
Kenta Kazuno,Kenta Kauno,Kenta,,Kauno
Norio Ito,Noeio Ito,Nomio,,Ito
Tatyana Vasilyevna Ananko,Tatyana Vailyevna Ananko,Tatyana,Vailyevna,Annanko
"Damuth, Kevin","Damuth,a Kevin",Damuthaa,,Kevin
"Sanchez, Ronald","Sanchezl, Ronald",Ronald,,Sanchezl
Jeong Yong-Gyun,Jeong Yng-Gyun,Jeong,Yng,Gun
Maria Lazarou,Maria Lazazrou,Maria,,Lazarrou
"Lukas, Amy","Lukas, Am",Am,,Lukas
"Eshleman, Ryo","Eshlemhan, Ryo",Ryo,,Eshlemhan
Lutz Benter,Lutz Menter,Lutz,,Menter
Frank Montaldi,Frank Montalfi,Frank,,Montalfi
"Harbour, Phoebe L.","Harbfur, Phoebe L.",Phoebe,L,Harjfur
Robert W. Brooks,obert W. Brooks,Obert,W,Brooks
Ralph Harold Yandell,Ralph Harold andell,Ralph,Harold,Andell
"Royal, Amy E.","Ryal, Amy E.",Amy,E,Ryale
"Sloan, Bradley","Sllan, Bradley",Bradley,,Sillan
Ken Russell,Kun Russell,Kun,,Russell
Wu Shude,Wu Whude,Wu,,Wude
Steve Martin,teve Martin,Teve,,Martin
"Yamada, Haruki","Yamada, Harki",Hark,,Yamada
Matthew Broderick,Matthew Brodexick,Matthew,,Brodemick
"Gallagher, Claire W.","Gallasgher, Claire W.",Claire,W,Gallasher
Mrton Lrincz,Mrtong Lrincz,Martong,,Lrinc
Judy Reynolds,Judy Rynolds,Judy,,Rynolds
Hilary Duff,Hilary Dff,Hilary,,Df
Harold R. Ives,Harold R.h Ives,Harold,Rh,Ives
"Cheung, Lap Kei","CheSung, Lap Kei",Lap,Ke,Cheung
"Decarli, Debbie","Decarli,K Debbie",K,Debbie,Decarli
Atanas Ivanov Gerov,Atalnas Ivanov Gerov,Atalnas,Ivani,Gerov
Yasuaki Mitsumori,Ysuaki Mitsumori,Ysuaki,,Mitsumori
Brian Alexander Glennie,Brian Alexanderc Glennie,Brian,Alexandr,Glennie
"McCarthy, Marybeth A.","McCathy, Marybeth A.",Marybeth,A,Mccaty
Ali Akansu,Ali OAkansu,Ali,,Oakansu
"Jordan, Joanne","Jordan, Joann",Joann,,Jordan
Zsuzsanna Tiba,Zsuzsanna 7Tiba,Zsusaanna,,Tiba
Karen Elise Baldwin,KarenyElise Baldwin,Kareny,Elise,Baldwin
Ruslan Biktyakov,Rusln Biktyakov,Rusen,,Biktyakov
Herman Suizo,Herman Suzo,Suzzo,,Herman
"Draughon, Tammy","Draqughon, Tammy",Tammy,,Dracughon
Vasco de Carvalho,Vasco df Carvalho,Vasco,D,Carvalho
"Xiarhos, Ashlynne O.","iarhos, Ashlynne O.",Ashlynne,O,Larhos
Erland Franz Herkenrath,Erland Fran Herkenrath,Erlanda,Fran,Herkenrath
"Guida, Diego","Guida,n Diego",Diego,,Guidan
"Harmon, Joanna","Tarmon, Joanna",Joanna,,Tarmon
Zoghman Mebkhout,Zoghman Mebmhout,Zoghman,,Memhout
"Pakstis, Sarah K.","PDakstis, Sarah K.",Sarah,K,Dakstis
"Ulery, Julie A.","Uley, Julie A.",Julie,A,Uley
Joss Whedon,Hoss Whedon,Hoss,,Whedon
Scott Cooper,Scott CoopAr,Scott,,Coopar
Christian Carion,Christian2 Carion,Christian,,Caron
Song Jin-U,Song Ji-U,Song,,Jimn
"Carroll, Anne","Caroll, Anne",Anne,,Caroll
"Osborne, Joseph P.","Osborne, Joseph .",Joseph,A,Osborne
"Heo, Kyungdoo","Heo, Kiyungdoo",Kiyunggoo,,Heo
Michael Gordon Ker,Michael GordoncKer,Michael,,Gordoncker
Yasutaka Ihara,Yas4utaka Ihara,Ihara,,Yasutaka
Basheer Mohamed Al-Khewani,Baseer Mohamed Al-Khewani,Baseer,Mohamed Al,Khewani
Loni Klettl,Loni KHettl,Loni,,Hettl
"Meacham, Denise","Meacham, Denie",Denie,,Meacham
"Cochrane, Krysta","Cochane, Krysta",Krysta,,Cochane
"Mcclish, Mickel","Mcclishi, Mickel",Mickel,,Mcclishi
"Baratta, Gustavo","Baratta, Gustgvo",Gustvo,,Baratta
"Zaccheo, Billy","ZCaccheo, Billy",Billy,,Saccheo
Zavana Aranga,ZavanS Aranga,Zavan,,Aranga
"Wells, Christine","Wells, Christie",Christie,,Wells
Klaus Hahn,Klaua Hahn,Klaua,,Hahn
"Haylor, Richard","Halor, Richard",Richard,,Hailor
"O'Grady, Sean T.","O'Grady,aSean T.",Sean,T,Ogady
Edgard Viseur,Edgard0 Viseur,Edgardo,,Vissur
"McCarron, Emma L.","McCarron, EmmaX L.",Emma,L,Mccarron
Andrea eri,Andtea eri,Andrea,,Eri
Eric Emil Lindroth,Eric Emil LindrCoth,Eric,Emil Linda,Coth
Song In-Jun,Son In-Jun,Son,Ina,Jun
"Weerakoon, Neil","Weera4koon, Neil",Neil,,Weerarkoon
Benjamin Youla,BenjaminYoula,Benjamin,,Youlaa
"Stoddart, Jason","Stoddar, Jason",Jason,,Stoddard
Ian Hamilton Wrigley,Ian Hamilton Wrgley,Ian,Hamiloon,Wurgley
"Anthony, Larry","Antony, Larry",Larry,,Antony
"Fudacz, Nancy",FudaczP Nancy,Nancy,,Fudaczi
"Quiros, Christian","QuiRos, Christian",Christian,,Quilos
"Johnson, Susan L.","Johnson, Susan Lr",Susan,,Johnson
"Humen, Laura B.","Humen, LaurPa B.",Laurka,B,Humen
Georges Casimir Semelaigne,Georges Casimir 2Semelaigne,Georges,Casimrr W,Semelaicne
Olive Higgins Prouty,Olive Hipggins Prouty,Olive,Hiitorns,Prouty
Jocelyn Moorhouse,JocelyniMoorhouse,Jocelyni,,Moorhouse
Fan Jie,Fan ie,Fani,,Ie
Gerhard J. Woeginger,erhard J. Woeginger,Erhard,J,Woeginger
Paul Golding,Pul Golding,Pul,,Golding
Agustn Caldern Dez,Agiustn Caldern Dez,Agiison,Caldern,Dez
Adam Jamie McGeorge,Adam Jamie Mceorge,Adam,Jamie,Mceorge
Claudia Strobl,Claudia Strol,Claudia,,Strol
Irak'li Ch'och'ua,lIrak'li Ch'och'ua,Farakili,,Chochua
Fares Al-Ferjani,Fares Al-FerjanQ,Fares,Al,Ferjan
"Griffin, Kathryn S.","Griffin,9 Kathryn S.",Griffin,Kathryn,S
"Martin, Christie L.","Martin, Christle L.",Christle,L,Martin
"Weirick, Chad R.","Weirick, had R.",Had,R,Weirick
"LaPointe, Talia A.","LaPointe, Talia A",Talia,A,Lamointe
Esmeral Tunluer,Esmeral Tunlue,Esmeral,,Tunlie
"Platzer, Shannon","Platzer, Shannoon",Shannoon,,Platzer
John Stiray,Jon Stiray,Jon,,Stiray
Ailana Fraser,Ailana Fraer,Ailana,,Franer
"Canney, Lori",Canneyu Lori,Canney,,Lori
Shane William Archbold,Shane Willim Archbold,Shane,Willim,Archbold
Wu Naiqun,u Naiqun,u,,Naiqan
"L'Abbe, Fabienne","L'Abue, Fabienne",Fabienne,,Labue
Adja Marieme Diop,Aja Marieme Diop,Aja,Marieme,Diop
Leandra Wiloma Smeda,Landra Wiloma Smeda,Landra,Wiloma,Smeda
Shiwe Octavia Nogwanya,Shiwe Octavia Notwanya,Shiwe,Octavia,Notwanya
Bernard Bourreau,Berard Bourreau,Berard,,Bourreau
Nataliya Tsyganova,Naaliya Tsyganova,Naaliya,,Tsyganova
Aksel Frederik Andersen,Aksel Frederik Anderse,Akel,Frederik,Anderse
"Fair, Stephen","Fair, 1tephen",Stephen,,Flir
Douglas George Churchill,Douglas Gorge Churchill,Douglas,Gorge,Churchill
Wilhelm Killing,Wilhem Killing,Wilhem,,Killing
George Nonomura,Geuorge Nonomura,Geoorge,,Nonomura
Nils Kristian Eriksen,Nls Kristian Eriksen,Nls,Kristian,Eriksen
Thrasyllus of Mendes,Thyrasyllus of Mendes,Thyrasallu,s ife,Mendes
Rudy Gauwe,Rudy Gauwbe,Rudy,,Gaube
Ahmed Abdul Basith,Ahme Abdul Basith,Abdul,Basith,Ahme
"Brandt, Jaiden L.","randt, Jaiden L.",Jaiden,L,Randt
"Delmez, John A.","Delmei, John A.",John,A,Delmein
"Purves, Brendan","Purves, BrenTdan",Bren,Tdan,Purves
"Egorov, Alexey","Egorov, Alexeg",Alexeg,,Egorov
Yevgeny Yuryevich Natsvin,Yebgeny Yuryevich Natsvin,Yebgeny,Yuryeei,Natsvin
Colin Firth,Colin Firt,Colin,,Firt
"Haapala, Juha","Haapala, JuhVa",Juhia,,Haapala
"Bagnulo, Matthew","Bagnulo, Magthew",Magthew,,Bagnulo
Sidney Graham,Sidneg Graham,Sidneg,,Graham
Lennart Eisner,Lennart Ezsner,Lennart,,Esner
"Benz, Brad","OBenz, Brad",Brad,,Oenz
"Shockley, Stacy","Shockley, StacAy",Stacay,,Shockley
Annette Bening,Annette Benig,Annette,,Beni
Sergio Chianella,Srgio Chianella,Segio,,Chianella
"Gertken, Jodi A.","GeRtken, Jodi A.",Jodi,A,Getken
"Barz, Wynde",Barzx Wynde,Bara,,Wynde
Joseph Ludwig Raabe,Joseph LudYwig Raabe,Josephh,Ludwag,Raabe
"Fletcher, Graham A.","Fletcher, Graham .",Graham,,Fletcher
Dag Hopen,Dag Hopn,Dag,,Hoon
Isabelle Adjani,Asabelle Adjani,Asabelle,,Adjani
"Jo, Yoshiko",Jo Yoshiko,Jo,,Yoshiko
"Agudelo, John A.","Agudelo, John 7A.",John,,Agudelo
"Scopelites, Kari","Scopelites, Fari",Fari,,Scopelites
"Morse, Vanessa",Morse Vanessa,More,,Vanessa
Josh A. Cagan,Josh A. agan,Josh,A,Agan
"Long, Caiying","Long, Caiyin",Caiyin,,Long
Marek Gawkowski,MarekvGawkowski,Mareke,,Gawkowski
Chris Robanske,Ch1is Robanske,Chis,,Robanske
Tong Hui,TongHui,Ton,,Hu
Seifu Mekonnen,Seifu Mskonnen,Seifu,,Makonnen
"Dixon, David","Eixon, David",David,,Eixon
"O'Brien, Bobby Earle","O'Brien, BobbE Earle",Bobbe,Earle,Odrien
"Warner, Chip","Waner, Chip",Chip,,Waner
Miroslav Jka,MiroslavJka,Miroslav,,Jaka
Martin Ansa Ortz,Martin Ansa Orz,Martin,Ansa,Or
Andrzej Bogdan Chylinski,Andrzej BogdaUn Chylinski,Andrej,Bogdan,Chylinski
"Kimball, Jeff","Kimbal, Jeff",Jeff,,Kimbal
Hirofumi Sakai,Hirofui Sakai,Sakai,,Hirofui
"Kelly, Ryan D.","Kell, Ryan D.",Ryan,D,Kell
David Connor,David Conor,David,,Conor
Marcel Vlad,Marctel Vlad,Marctel,,Vlad
"Moniak, Daniel","Mojiak, Daniel",Daniel,,Mojiak
Stanko Despot,Stoanko Despot,Despot,,Stoanko
"Suris, Edgar","Suris, Edgamr",Edgamar,,Suris
Harrison Ford,HBarrison Ford,Barrison,,Ford
Karim Saddam Minshid,Kaim Saddam Minshid,Kaim,Saddam,Minshid
David Moret,David Moeet,David,,Moedet
Yoshitaka Tokunaga,Yoshitka Tokunaga,Yoshitka,,Tokunaga
Takashige Matsumoto,Takashige Matsumto,Takashige,,Matsumto
"Rotherham, Suzanne","Rotherham, uzanne",Ozanne,,Rotherham
Denis Ulanov,Denis Ulanoc,Denis,,Ulanoc
"Johnson, Neil","Johnson, Nel",Nel,,Johnson
"Robbins, Allison","Robbinas, Allison",Allison,,Robbinas
Stefan Wgerbauer,Stefan WgerBauer,Stefan,Wyer,Bauer
Hubert Hhne,Hubert Hvhne,Hubert,,Highne
David Earl McGill,David Earl McGil,David,Earl,Mccil
Kyriaki Kouvari,Kyriaki Kouari,Kyriaki,,Kouari
Tatiana De Rosnay,Tatiana e Rosnay,Tatiana,e,Rosnay
Ryan Kwanten,Ry7an Kwanten,Ryan,,Ksanten
Teruko Nakano,Teruko Najano,Teruko,,Najano
Gustaf Eugen Bergman,Gustaf Eufen Bergman,Gustaf,Eufen,Bergman
"Kearney, Mary K.","Kearney, May K.",May,K,Kearney
Teruko Yamada,Teuko Yamada,Teuko,,Yamada
Guy de Maupassant,Guy deC Maupassant,Guy,Dee,Maupassant
Stefanie Horn,Stefaie Horn,Stefaine,,Horn
Mario Mattioli,Mario Matioli,Mario,,Matioli
Vladas Jankauskas,Vladas JankausGkas,Vladas,Jankauu,Gokas
Renato Martini,Renato Martioi,Renato,,Martoi
Constantin Popovici,Constanin Popovici,Popovici,,Constanin
Jacek Tadeusz Morajko,Jacek Tadeusz Morako,Jacek,Tadeesz,Morako
George Edward Mara,George Edward Mar,George,Edward,Mar
"Saad, Mohammad","Saad, MoHammad",Mo,Hammad,Saad
"Seney, Matt","Seney,8Matt",Matt,,Senkey
Alec Baldwin,Alwc Baldwin,Alac,,Baldwin
Emanuele Di Gregorio,Smanuele Di Gregorio,Smanuele,Di,Gregorio
"Martino, Paul","Marrino, Paul",Paul,,Marrino
Mladen Bestvina,Mladen Bestvin,Mladen,,Bestvin
"Levangie, Peter","Lvangie, Peter",Peter,,Lavangie
"Vuono, Jeffrey","Vuono, Jeffey",Jeffey,,Vuono
Oscar Ral Bidegain,Oscar Ral Bidegaib,Oscar,Ral,Bidegair
Godwin Okpara,Godwsin Okpara,Godasin,,Ospara
Li Yanyan,Li Yanryan,Li,,Yanryan
"Blanchard, Tim","Blanchard,d Tim",d,Tim,Blanchard
Rafael Nickel,RafaKel Nickel,Rafa,Kel,Nickel
Susanne Losch,Susnne Losch,Susane,,Losch
Peter Weller,Peter Welle,Peter,,Welle
"Colleran, Tim","Collean, Tim",Tim,,Colleman
Ariel Ramos Wilson,Arie Ramos Wilson,Arie,Ramos,Wilson
Brian Azzarello,Brian Azzrello,Brian,,Azzrello
"Hernandez, Elizabeth","Herandez, Elizabeth",Elizabeth,,Herandez
Keira Knightley,KeAra Knightley,Keara,,Knightley
Yevgeny Lomach,Yevgenh Lomach,Yevgen,,Lomach
Selin Oruz,Selin Ordz,Selin,,Ordiz
Gnter Siegmund,Gnter Siegmud,Gunter,,Siegmud
"Mota, Juan","Mota, JVan",Jan,,Mota
"Rawdon, Dick","Rawdon,R Dick",R,Dick,Rawdon
James W. Davis,James W. DSavis,James,W,Savi
Birhanu Yemataw Balew,Birhanu Yematawl Balew,Birhanu,Yematall,Balew
"Sorenson, Wendy",SorensonB Wendy,Sorenson,,Wendy
Erik Lars Lindeberg,Erik Lars Lineberg,Erik,Lars,Lineberg
Leung Chun Wing,Leung Chun Wng,Leung,Chun,Wong
Elisabeth Shue,Elisabeth Shuie,Elisabeth,,Shuie
"Thomas, John C.",Thomash John C.,Thomasha,John,C
Georges Van Haelen,Georges Van Ha3len,Georges,Van,Hallen
"Cohen, Mark","Cohn, Mark",Mark,,Cohn
Franc itnik,Franc inik,France,,Inik
"Pratt, Daniel J.","Patt, Daniel J.",Daniel,J,Patt
"Cho, Tai Hee","Cho, Tai HOe",Tai,Oc,Cho
"Bilimoria, Bhavin","Bilimora, Bhavin",Bhavin,,Bilimora
"Burrows, Jennifer","Burrows, Jennife",Jennie,,Burrows
"Salem, Juliana B.","Salem, Juliana JB.",Juliana,,Salem
Robin Godfrey Hodder,Robn Godfrey Hodder,Robn,Godfrey,Hodder
Jonathan Adam Holland,Jonathan Adam Holjland,Jonathan,Adam,Holjland
Pter Vpi,EPter Vpi,Etter,,Vi
"Liao, Kuo Chih","Liao, Kuo ChiZh",Kuo,Chizh,Liao
Fethi Ghariani,FeAhi Ghariani,Fehi,,Ghariani
"Carlen, Katarina","Carln, Katarina",Katarina,,Carlin
Quentin Tarantino,Quntin Tarantino,Quntin,,Tarantino
Jnos Rehus-Uzor,Jno Rehus-Uzor,Jono,Rehue,Uzor
"Juengel, Dave","Juengel, ave",Ave,,Juengel
Teresa Cohen,Teresa Cohrn,Teresa,,Cohran
"Dawes, Bridget K.","Daees, Bridget K.",Bridget,K,Daet
Michael Adams,Michael Atams,Michael,,Atams
Aleksandar ivkovic,Aleksandarivkovic,Aleksandar,,Ivkovic
"Hashida, Akiko","Hasida, Akiko",Akiko,,Hasida
"Branum, Ashley","Branum, Ashey",Ashey,,Branum
Haakon Piro Bryhn,HaakonsPiro Bryhn,Haakons,Piro,Bryn
Markus Pittner,Markus PKittner,Markus,,Kittner
Richard Couch,Richard Cokuch,Richard,,Cokuch
Hao Kexin,Hao Jexin,Jexin,,Hao
"Price, Tim",PriceF Tim,Price,,Tim
Moumouni Siuley,Moumouni Siuey,Moumouni,,Sinsey
Melanie Matthews,Melanie Matthewx,Melanie,,Matthew
Robert De Niro,obert De Niro,Obert,De,Niro
"Bushong, Cailtlin","Bushong, CailtlBin",Caill,Bin,Bushong
Pierino Caccialupi,Pierno Caccialupi,Pierno,,Caccialupi
"Reddy, Naveen","Reddy, Navveen",Navveen,,Reddy
"Hijri, Mohamed","Hijri, ohamed",Ohamed,,Hijri
Ken Steven Tsujiura,Ken Steven Tsujiurma,Ken,Steven,Tsujiurma
Cindy Eadie,Ciondy Eadie,Ciondy,,Eadie
Michael Shaara,Michael SDaara,Michael,,Daara
Max Hofmeister,Max Hofneister,Max,,Hofneister
"Sahnd, Kevin","Sahnd, evin",Evin,,Sand
"Bretz, Virgil","Bretz, Vlrgil",Vergill,,Bretz
"Rivera, Miguel","Ridvera, Miguel",Miguel,,Ridvera
Anatoly Ivanovich Nazarenko,Anatcly Ivanovich Nazarenko,Anatsly,Ivanoyich,Nazarenko
Yves-Louis Pinaud,Yves-LoFuis Pinaud,Yves,Louis,Pinaud
"Hicks, Thomas","HBicks, Thomas",Thomas,,Bicks
Philippe Stott,Pilippe Stott,Pilippe,,Stott
Bill Chen,Bill Cxen,Bill,,Cwen
Paul Schupp,aul Schupp,Ful,,Schupp
Ludovic Gal,LudGvic Gal,Lud,Guic,Gall
Han Wenxia,Han Wenxi,Han,,Weni
Claudia Barth,Claudia warth,Claudia,,Warth
"Lane, Kathryn E.","Lane, Kathryn .",Kathryn,,Lane
Bill Pullman,Bill PEllman,Bill,,Pellman
Igor Solopov,Igr Solopov,Igre,,Solopov
Johannes Lauridsen,Johannes LauridHen,Johannes,Laurid,Hen
Lyman Currier,Lyman Curerier,Lyman,,Curerier
Kokoutse Fabrice Dabla,Kokoutse fabrice Dabla,Kokoute,Cabrice,Dabla
"Mccullough, Sarah","Mccullough, Sadah",Sadah,,Mccullough
"Liang, Steven W.","LiaQg, Steven W.",Steven,W,Lia
Georges Grosjean,Georges Grsjean,Georges,,Grasjean
Pernille Svarre Nielsen,Perille Svarre Nielsen,Perille,Svarre,Nielsen
"Elliott, Karey","Elliott, Kare6",Karen,,Elliott
Ibrain Crombet McKenzie,Ibrain rombet McKenzie,Ibrain,Rombet,Mcmenzie
Beniamin Kuciski,Beniamin KuBciski,Beniamin,,Kusciski
"Cheung, Tak Hong","Cheng, Tak Hong",Tak,Hong,Cheng
"Brady, Tye M.","Brad, Tye M.",Tye,M,Brad
"Biwott, Shadrack","Biwott, hadrack",Hadrack,,Biwott
Claude Jean-Prost,Claude Jeahn-Prost,Claude,Jean,Prost
"Hagwood, Jennifer M.","Hagwold, Jennifer M.",Jennifer,M,Hagwold
"Neal, Samuel R.","Neal, Samiel R.",Samiel,R,Neal
"Fischer, Brad","Fscher, Brad",Brad,,Ficher
"Lucey, Jim","Loucey, Jim",Jim,,Loucey
Kristian Seip,Krwistian Seip,Krwistian,,Seip
"Manley, Mark","Manleh, Mark",Mark,,Manleh
Kazimierz Sichulski,GKazimierz Sichulski,Kazimiki,,Sichilski
Mikhailis Kalomoiris,Mikhailjs Kalomoiris,Mikhailes,,Kalomoiris
"Egge, Jerry","Egge, Jersy",Jersy,,Egge
Nicolaas Pieneman,Nicolas Pieneman,Nicolas,,Pieneman
"Tavolacci, John","Tavlacci, John",John,,Tavalacci
John Zakrzewski,Joh Zakrzewski,Joh,,Zakrzewski
"Tuch, Ramon","Tuch,d Ramon",Tuchard,,Ramon
"Ferrigno, Pat A.","Ferrign, Pat A.",Pat,A,Ferrigan
Ronnie Drrenmatt,Ronnie DrrCenmatt,Ronnie,Dery,Cenmatt
Yeter Seviml,Yeter Seiml,Yeter,,Seiml
Zach Dean,Zach Dea,Zach,,Dea
Dusn Kovcs,Dusn ovcs,Dusn,,Ovcs
