original name,noised name,predicted first,predicted middle,predicted last
Richard Jordan,Richard 9Jordan,Richard,,Jordan
"Rossolimo, Amanda",Rossolimo9 Amanda,Amanda,,Rossolimo
William Nicholson,WilliamCNicholson,William,,Nicholson
Hanif Kureishi,Hanif KureKishi,Hanif,,Kureishi
"Roman, Barbara","Roman, BarBara",Barbara,,Roman
"Ozbolt, Joe","Ozbolt, vJoe",Joe,,Ozbolt
"Morales, Rufino","Morales,2Rufino",Rufino,,Morales
"Hlavacek, Michael","Hlavacek, Michoael",Michael,,Hlavacek
"Grennan, Grainne M.","Grennab, Grainne M.",Grainne,M,Grennan
Michael Shannon,Michael 7Shannon,Michael,,Shannon
Carlos Lannes,CarloZs Lannes,Carlos,,Lannes
"Cook, Amanda","Cook, AmandYa",Amanda,,Cook
"Ritter, Jennifer","Ritter, Jenbifer",Jennifer,,Ritter
"Johnson, Patty","Johnsn, Patty",Patty,,Johnson
Beat Meister,Beat Meiste4,Beat,,Meister
"Sano, Hiroaki","CSano, Hiroaki",Hiroaki,,Sano
"Tighe, Maureen","Tighex, Maureen",Maureen,,Tighe
Thomas B. Wilson,Thomas B. WilPson,Thomas,B,Wilson
"Parker, Megan","Parkr, Megan",Megan,,Parker
"Rickner, Abby","Rikner, Abby",Abby,,Rickner
Lancine Fofana,LancinebFofana,Lancine,,Fofana
Robert Langlois,Robert L9anglois,Robert,,Langlois
"Smith, Jennifer","Smith, Jnnifer",Jennifer,,Smith
"Begoc, Pierre","Begoc,Pierre",Pierre,,Begoc
"Harlock, David","Harlock, DavNid",David,,Harlock
"Caruso, Isabella","Caruso, IsaPbella",Isabella,,Caruso
"Merkin, Rachel L.","Merkin, RacheTl L.",Rachel,L,Merkin
Jana Kapustov,qana Kapustov,Jana,,Kapustov
"Sandor, Doru","San9dor, Doru",Doru,,Sandor
"Jansen, Daniel","Jansen, Danief",Daniel,,Jansen
Jakub Jaworski,Jakub Jaworskt,Jakub,,Jaworski
Mark Herring,Mrk Herring,Mark,,Herring
Daniel G. Sullivan,7aniel G. Sullivan,Daniel,G,Sullivan
Micha Kuda,Mlcha Kuda,Micha,,Kuda
"Merrin, Zach P.","Merrin,Zach P.",Zach,P,Merrin
Andrea Rolla,Andrea Ro6lla,Andrea,,Rolla
"Carlson, Ryann","Crlson, Ryann",Ryann,,Carlson
Tjalling Koopmans,Tjslling Koopmans,Tjalling,,Koopmans
"Carney, Veronique","Carne, Veronique",Veronique,,Carney
Stephen King,Stephen9King,Stephen,,King
Alison Margaret Knowles,AlisonXMargaret Knowles,Alison,Margaret,Knowles
"Mish, Brad","Mish, Brd",Brad,,Mish
"Couture, Jocelyn","Couture, JoceNlyn",Jocelyn,,Couture
"Bedbury, Nick","Bedbury, NicMk",Nick,,Bedbury
"Bigoni, Brian","BigZoni, Brian",Brian,,Bigoni
"Brady, Lauren","Brady, LIauren",Lauren,,Brady
Akiyoshi Hongo,Akiyosgi Hongo,Akiyoshi,,Hongo
"Zappala, Lisa M.","Zappal9a, Lisa M.",Lisa,M,Zappala
"Paula, Manny M.","Paula, MaQny M.",Manny,M,Paula
Wael Fahim Mostafa,WaelFahim Mostafa,Wael,Fahim,Mostafa
Hajime Watanuki,H8ajime Watanuki,Hajime,,Watanuki
"Crandell, Kristina","C5andell, Kristina",Kristina,,Crandell
Russell Banks,Russell BHanks,Russell,,Banks
Zhu Minzhu,Zhu M6inzhu,Zhu,,Minzhu
"Bartlett, James W.","Bartlett, Jameds W.",James,W,Bartlett
"Scapillato, Tim","Scapillato, Tibm",Tim,,Scapillato
Monica Lanz,Monica4Lanz,Monica,,Lanz
"Oates, Brian G.","Oates, BrJian G.",Brian,G,Oates
"Jagutis, Jared J.","Jagutis, JaYred J.",Jared,J,Jagutis
Houssine Kharja,HoussineKharja,Houssine,,Kharja
Chris Pratt,ChrisQPratt,Chris,,Pratt
Hanna Viktoria Helgesson,HaEnna Viktoria Helgesson,Hanna,Viktoria,Helgesson
Gemma Arterton,Gemms Arterton,Gemma,,Arterton
Maurice Edelston,LMaurice Edelston,Maurice,,Edelston
"Rush, Jeff","Rush, Jef",Jeff,,Rush
"Olivera, Gabriela","Olivea, Gabriela",Gabriela,,Olivera
"Hobson, Robin J.","Hob2son, Robin J.",Robin,J,Hobson
"Fasan, Andrea","FasAn, Andrea",Andrea,,Fasan
Alvin Paul Wegeman,fAlvin Paul Wegeman,Alvin,Paul,Wegeman
"Hall, Robert","iHall, Robert",Robert,,Hall
"Modica, Nicole","Modica, Nicoe",Nicole,,Modica
"Johnson, Rhonda","Johnson, Rhfnda",Rhonda,,Johnson
Jerry Seinfeld,Jer5y Seinfeld,Jerry,,Seinfeld
"Kelly, John","Kelly, Jhn",John,,Kelly
Julie Gerecht,2ulie Gerecht,Julie,,Gerecht
"Howard, Sofia","Howrd, Sofia",Sofia,,Howard
Peter Matthews,Pet4r Matthews,Peter,,Matthews
Valerie Curtin,Valerie Curxtin,Valerie,,Curtin
Antonio Nestor Garca,Antnio Nestor Garca,Antonio,Nestor,Garca
"Vanfossen, Amy L.","Vnfossen, Amy L.",Amy,L,Vanfossen
"Mullins, Padraig","Mullins, Pa5draig",Padraig,,Mullins
Jere Lee Elliott,Jere Lee El;iott,Jere,Lee,Elliott
Denzel Washington,Denzel Wshington,Denzel,,Washington
Peter Koefoed,Peter jKoefoed,Peter,,Koefoed
"Burnett, Jotham","Burnett,lJotham",Jotham,,Burnett
Guy Hirsch,Guy HiRrsch,Guy,,Hirsch
Paolo Ferrando,PaoloGFerrando,Paolo,,Ferrando
"Benson, Jill","Benspn, Jill",Jill,,Benson
"Nelson, Joan E.",Nelson Joan E.,Joan,E,Nelson
Gregg Araki,GreggAraki,Gregg,,Araki
"Yi, Li","Yi,Li",Li,,Yi
"Shaffer, Allison","Shaffer, Al8lison",Allison,,Shaffer
"Swain, Scott A.","SwOain, Scott A.",Scott,A,Swain
"Todd, Ken","T6odd, Ken",Ken,,Todd
"Weidensaul, Nicole","Weidensaul, Nicle",Nicole,,Weidensaul
"Woo, Jong Jung","Woo,7Jong Jung",Jong,Jung,Woo
Valentina Serghei,Valebtina Serghei,Valentina,,Serghei
"Roach, Gabe","Roach, aGabe",Gabe,,Roach
"Merkel, Patricia","serkel, Patricia",Patricia,,Merkel
Billy Mark Morgan,Bllly Mark Morgan,Billy,Mark,Morgan
"Brooks, Daniel","BrookJs, Daniel",Daniel,,Brooks
"Blakney, Luz A.","Blakney, LuUz A.",Luz,A,Blakney
"Schriner, Amber","SchriMner, Amber",Amber,,Schriner
"Petersen, David","Petersen, DavMd",David,,Petersen
James Cameron,Jaes Cameron,James,,Cameron
"Zerressen, Mike","Zerressen, MiBe",Mike,,Zerressen
Leonel Gabriel Priz,Leonel GabrielPriz,Leonel,Gabriel,Priz
"Barnett, Shanon","Barnett,xShanon",Shanon,,Barnett
Tommy Lee Jones,ToDmmy Lee Jones,Tommy,Lee,Jones
"Tranchina, Sara","Tranchina, aSara",Sara,,Tranchina
"Staffin, Kevin","StafAfin, Kevin",Kevin,,Staffin
"Goldstein, Jessi F.",Goldstein Jessi F.,Jessi,F,Goldstein
"Hybels, David","Hybekls, David",David,,Hybels
"Bischoff, Charlie","Bischofrf, Charlie",Charlie,,Bischoff
Alyssa Milano,AlysOa Milano,Alyssa,,Milano
Devon Sawa,Devon3 Sawa,Devon,,Sawa
Laura Vargas Koch,Laura 5Vargas Koch,Laura,Vargas,Koch
Abdul Mansaray,Abdul MQnsaray,Abdul,,Mansaray
Giorgio Cecchetti,Giorgio Cec2chetti,Giorgio,,Cecchetti
"Seymour, Alan C.",Seymour4 Alan C.,Alan,C,Seymour
Eugne Legrand,Eugne Legrnd,Eugne,,Legrand
"Pearce, Raymond A.","Pearce, Raymnd A.",Raymond,A,Pearce
Joseph Weber,Josept Weber,Joseph,,Weber
"Thompson, Jace","ThoOmpson, Jace",Jace,,Thompson
Rao Vucini,Rao VuciNi,Rao,,Vucini
Ayman Mazhar,AymaT Mazhar,Ayman,,Mazhar
"Kneller, Sian","Knel,er, Sian",Sian,,Kneller
"Jaskiewicz, Ryan","Jaskiewicz, Ryahn",Ryan,,Jaskiewicz
Arto Salomaa,AUrto Salomaa,Arto,,Salomaa
"Vigneron, Peter","VignEron, Peter",Peter,,Vigneron
Daniel Gillespie,Daniel Gil.espie,Daniel,,Gillespie
"Merrill, Kathryn","Merripl, Kathryn",Kathryn,,Merrill
"Stevens, Aaron Z.","StevHens, Aaron Z.",Aaron,Z,Stevens
Matthew Sarmento,MatthewgSarmento,Matthew,,Sarmento
"Dandaraw, Susan","Dandqraw, Susan",Susan,,Dandaraw
"Rebella, Dan","Rebella, Da",Dan,,Rebella
Edward Furlong,Edward Furlng,Edward,,Furlong
Anthony Frederick Holles,Anthony Frederick 6Holles,Anthony,Frederick,Holles
"Staub, Christine","Staub, Christne",Christine,,Staub
"Goodwin, Elizabeth","Goodwin, Elizaeth",Elizabeth,,Goodwin
Andr Claude,Andr Cluaude,Andr,,Claude
Delphine Lansac,Delphine La5nsac,Delphine,,Lansac
"Kelly, Thomas","KOelly, Thomas",Thomas,,Kelly
"Horning, Peter","Horning,lPeter",Peter,,Horning
"Klarich, Lee","Klarich, Lse",Lee,,Klarich
John Houston Craige,JohPn Houston Craige,John,Houston,Craige
Nick Thompson,Nick Thompso,Nick,,Thompson
Colin Farrell,Colin FaPrrell,Colin,,Farrell
Micha Bieniek,WMicha Bieniek,Micha,,Bieniek
"Rudman, Nicholas III","Rudman, 8Nicholas III",Nicholas,,Rudman
"Vierzba, Nicole M.","Vierzba, NicoRle M.",Nicole,M,Vierzba
"Sack, Myra","DSack, Myra",Myra,,Sack
"Galarneau, Jason","Galarneau, J4ason",Jason,,Galarneau
"Sackles, Paul E.",Sackles Paul E.,Paul,E,Sackles
"Nam, Kyung J.","kNam, Kyung J.",Kyung,J,Nam
"Murphy, Leah J.","MurphyR, Leah J.",Leah,J,Murphy
Jason Schafer,Jqson Schafer,Jason,,Schafer
"Ziegler, Ron","Zieglerm, Ron",Ron,,Ziegler
Alain Portes,AlaiN Portes,Alain,,Portes
"Graham, Scott C.","Graham, SCcott C.",Scott,C,Graham
Julio Cabrera Balsa,Julio CabreraBalsa,Julio,Cabrera,Balsa
Andrew Birkin,AndreTw Birkin,Andrew,,Birkin
"Wong, Ken Mun","Wong, Ken mun",Ken,Mun,Wong
River Phoenix,River PhoeWnix,River,,Phoenix
Swen Schuller,Swen Schullr,Swen,,Schuller
"Parent, Joe","PNrent, Joe",Joe,,Parent
Hisayoshi Harasawa,HisayoshiHarasawa,Hisayoshi,,Harasawa
John Coffey,John CoMfey,John,,Coffey
"Hernandez, Francisco M.","Hernandez, FranciscoM.",Francisco,M,Hernandez
Ivan Demyanenko,rIvan Demyanenko,Ivan,,Demyanenko
"Leblanc, Daniel","Leblanc, Danel",Daniel,,Leblanc
"Dalmas, Susana","DaWlmas, Susana",Susana,,Dalmas
Alistair Davis,Alistair Daviw,Alistair,,Davis
