original name,noised name,predicted first,predicted middle,predicted last
William Nicholson,William NicholsoDn,William,,Nicholson
"Dominguez, Pablo","DomFinguez, Pablo",Pablo,,Dominguez
"Varecka, Tj","Varecka, Tmj",Tj,,Varecka
Hanif Kureishi,HanifU Kureishi,Hanif,,Kureishi
"Mejia, Maria","MMejia, Maria",Maria,,Mejia
Shuta Yoshino,Shuta Yoshin2o,Shuta,,Yoshino
Michael Shannon,oMichael Shannon,Michael,,Shannon
"Cook, Amanda","Coohk, Amanda",Amanda,,Cook
"Ritter, Jennifer","Ritter, Jennife",Jennifer,,Ritter
"Johnson, Patty","JQohnson, Patty",Patty,,Johnson
Dee Wallace,Dee Wallce,Dee,,Wallace
"Damuth, Kevin","DNamuth, Kevin",Kevin,,Damuth
"Eshleman, Ryo","Esjleman, Ryo",Ryo,,Eshleman
"Harbour, Phoebe L.","Harbour, PhoebeL.",Phoebe,L,Harbour
Robert W. Brooks,Robet W. Brooks,Robert,W,Brooks
"Parker, Megan","Par,er, Megan",Megan,,Parker
"Rickner, Abby","RicknerF, Abby",Abby,,Rickner
Ralph Harold Yandell,Ralph Harold Yande8l,Ralph,Harold,Yandell
"Royal, Amy E.","Royual, Amy E.",Amy,E,Royal
Ken Russell,Ken Ru1ssell,Ken,,Russell
"Smith, Jennifer","Smith, JennifUer",Jennifer,,Smith
Steve Martin,Steve Ma8rtin,Steve,,Martin
Judy Reynolds,J5udy Reynolds,Judy,,Reynolds
"Begoc, Pierre",Begoc Pierre,Pierre,,Begoc
"Harlock, David","Harlock, dDavid",David,,Harlock
"Sandor, Doru","SandXor, Doru",Doru,,Sandor
"Jansen, Daniel","JanLen, Daniel",Daniel,,Jansen
Brian Alexander Glennie,BriAn Alexander Glennie,Brian,Alexander,Glennie
Ali Akansu,AliP Akansu,Ali,,Akansu
Daniel G. Sullivan,Da1niel G. Sullivan,Daniel,G,Sullivan
Karen Elise Baldwin,Karen Elise Balvdwin,Karen,Elise,Baldwin
Micha Kuda,qMicha Kuda,Micha,,Kuda
"Merrin, Zach P.","Merrin, ZaFch P.",Zach,P,Merrin
Andrea Rolla,Andrea Rollfa,Andrea,,Rolla
Herman Suizo,H4rman Suizo,Herman,,Suizo
"Carlson, Ryann",Carlson Ryann,Ryann,,Carlson
"Draughon, Tammy","DraTughon, Tammy",Tammy,,Draughon
"Pakstis, Sarah K.","Pakstis,Sarah K.",Sarah,K,Pakstis
"Ulery, Julie A.","Ulery, Julie1 A.",Julie,A,Ulery
Scott Cooper,Scott Coopr,Scott,,Cooper
"Carroll, Anne","Carroll,sAnne",Anne,,Carroll
"Osborne, Joseph P.","Osborne, JosephR P.",Joseph,P,Osborne
Michael Gordon Ker,MichaeRl Gordon Ker,Michael,Gordon,Ker
"Cochrane, Krysta","C9chrane, Krysta",Krysta,,Cochrane
"Couture, Jocelyn","Couture, JocHlyn",Jocelyn,,Couture
"Bedbury, Nick","Bedbury, NicBk",Nick,,Bedbury
"Zaccheo, Billy","Zaccheo, Bil2ly",Billy,,Zaccheo
"Wells, Christine",Wells8 Christine,Christine,,Wells
"Haylor, Richard","Haylor, RichLrd",Richard,,Haylor
"Brady, Lauren","Brady, LLauren",Lauren,,Brady
Eric Emil Lindroth,Eric Eml Lindroth,Eric,Emil,Lindroth
Ian Hamilton Wrigley,Ian HamiltonWrigley,Ian,Hamilton,Wrigley
"Fudacz, Nancy","Fudacz, Na1ncy",Nancy,,Fudacz
"Quiros, Christian","Quiros, Christjian",Christian,,Quiros
"Johnson, Susan L.","Johnson, Susanz L.",Susan,L,Johnson
"Humen, Laura B.","Humen,kLaura B.",Laura,B,Humen
Jocelyn Moorhouse,Jocelyn MoorhousXe,Jocelyn,,Moorhouse
Fan Jie,FanY Jie,Fan,,Jie
Paul Golding,Pal Golding,Paul,,Golding
Russell Banks,Russelk Banks,Russell,,Banks
"Bartlett, James W.","Bartlett, Jaes W.",James,W,Bartlett
"Martin, Christie L.","Martin, Chrisie L.",Christie,L,Martin
"Platzer, Shannon","Platzer, Shnnon",Shannon,,Platzer
"Rush, Jeff","Rush,AJeff",Jeff,,Rush
"Olivera, Gabriela","OliveraN, Gabriela",Gabriela,,Olivera
Adja Marieme Diop,Adja 3Marieme Diop,Adja,Marieme,Diop
"Hobson, Robin J.","Hobsn, Robin J.",Robin,J,Hobson
Bernard Bourreau,BernLard Bourreau,Bernard,,Bourreau
Aksel Frederik Andersen,Akse6l Frederik Andersen,Aksel,Frederik,Andersen
"Modica, Nicole","Modica, Nifole",Nicole,,Modica
Douglas George Churchill,Dougls George Churchill,Douglas,George,Churchill
"Johnson, Rhonda","Johnson, 5Rhonda",Rhonda,,Johnson
George Nonomura,Geo9rge Nonomura,George,,Nonomura
Nils Kristian Eriksen,Nils K5istian Eriksen,Nils,Kristian,Eriksen
"Kelly, John","KeHly, John",John,,Kelly
"Brandt, Jaiden L.","Bran2dt, Jaiden L.",Jaiden,L,Brandt
Julie Gerecht,Jule Gerecht,Julie,,Gerecht
"Delmez, John A.","Delmez,John A.",John,A,Delmez
Lennart Eisner,Lenart Eisner,Lennart,,Eisner
Joseph Ludwig Raabe,JosephgLudwig Raabe,Joseph,Ludwig,Raabe
"Fletcher, Graham A.","Fletcher, Grwham A.",Graham,A,Fletcher
Denzel Washington,Denzel Washingtkn,Denzel,,Washington
"Scopelites, Kari","Scopelites, Kzri",Kari,,Scopelites
"Morse, Vanessa","Morse,tVanessa",Vanessa,,Morse
Josh A. Cagan,Josh A.Cagan,Josh,A,Cagan
Paolo Ferrando,PaoPlo Ferrando,Paolo,,Ferrando
Marek Gawkowski,Marek GawkowsPki,Marek,,Gawkowski
Chris Robanske,Chrs Robanske,Chris,,Robanske
"Benson, Jill","Beson, Jill",Jill,,Benson
"Dixon, David","Dixon, Davd",David,,Dixon
"Nelson, Joan E.","Nelson,Joan E.",Joan,E,Nelson
"Warner, Chip","WarneB, Chip",Chip,,Warner
Valentina Serghei,ValeGntina Serghei,Valentina,,Serghei
"Kelly, Ryan D.","Keglly, Ryan D.",Ryan,D,Kelly
David Connor,David ConYor,David,,Connor
"Moniak, Daniel","Moniak, Danisl",Daniel,,Moniak
Stanko Despot,StankUo Despot,Stanko,,Despot
"Merkel, Patricia","Merkel, Paricia",Patricia,,Merkel
"Brooks, Daniel","Brooks, DanieG",Daniel,,Brooks
"Petersen, David","Petersen, Davld",David,,Petersen
"Johnson, Neil","JohnsFon, Neil",Neil,,Johnson
"Zerressen, Mike","Zefressen, Mike",Mike,,Zerressen
"Robbins, Allison","RobbNins, Allison",Allison,,Robbins
Ryan Kwanten,RyanUKwanten,Ryan,,Kwanten
Gustaf Eugen Bergman,Gustaf Eugen BeGgman,Gustaf,Eugen,Bergman
Tommy Lee Jones,Tommy LEe Jones,Tommy,Lee,Jones
Alec Baldwin,Alec BaldwHin,Alec,,Baldwin
"Martino, Paul","Martino, Pau",Paul,,Martino
"Staffin, Kevin","Staffin, xKevin",Kevin,,Staffin
"Goldstein, Jessi F.",GoldsteinT Jessi F.,Jessi,F,Goldstein
"Bischoff, Charlie","Bischoff,Charlie",Charlie,,Bischoff
Mladen Bestvina,MladeNn Bestvina,Mladen,,Bestvina
Godwin Okpara,Godwin Okpaa,Godwin,,Okpara
"Blanchard, Tim","BlanchNard, Tim",Tim,,Blanchard
Peter Weller,Peter WelXler,Peter,,Weller
"Colleran, Tim","Co,leran, Tim",Tim,,Colleran
"Hernandez, Elizabeth","Hernajdez, Elizabeth",Elizabeth,,Hernandez
"Mota, Juan","Mota, JuaSn",Juan,,Mota
James W. Davis,dames W. Davis,James,W,Davis
Elisabeth Shue,Elisabetb Shue,Elisabeth,,Shue
"Cohen, Mark","CohZn, Mark",Mark,,Cohen
"Burrows, Jennifer","Burrows, Jznnifer",Jennifer,,Burrows
"Thompson, Jace","Thompson, 2Jace",Jace,,Thompson
Ayman Mazhar,Aymn Mazhar,Ayman,,Mazhar
"Salem, Juliana B.","Salem, Julian0a B.",Juliana,B,Salem
Jonathan Adam Holland,JonathanAdam Holland,Jonathan,Adam,Holland
Fethi Ghariani,FeThi Ghariani,Fethi,,Ghariani
"Carlen, Katarina","Carl5en, Katarina",Katarina,,Carlen
Quentin Tarantino,Quentjin Tarantino,Quentin,,Tarantino
"Juengel, Dave","Juengel, Dve",Dave,,Juengel
Daniel Gillespie,D9aniel Gillespie,Daniel,,Gillespie
"Merrill, Kathryn","Merrill, Kabthryn",Kathryn,,Merrill
Michael Adams,Michael ARdams,Michael,,Adams
"Rebella, Dan","Rebella, DaAn",Dan,,Rebella
Anthony Frederick Holles,Anthony 8rederick Holles,Anthony,Frederick,Holles
"Goodwin, Elizabeth","Goodwin, Elizabreth",Elizabeth,,Goodwin
Robert De Niro,hRobert De Niro,Robert,De,Niro
"Reddy, Naveen","Rebddy, Naveen",Naveen,,Reddy
"Hijri, Mohamed","Hijri, Moamed",Mohamed,,Hijri
"Horning, Peter","Horning,GPeter",Peter,,Horning
Nick Thompson,Nick Thomps9n,Nick,,Thompson
"Hicks, Thomas","HiRcks, Thomas",Thomas,,Hicks
Philippe Stott,Phlippe Stott,Philippe,,Stott
Bill Chen,Bill FChen,Bill,,Chen
Colin Farrell,Colin FarrJell,Colin,,Farrell
Paul Schupp,Paul SchupKp,Paul,,Schupp
"Rudman, Nicholas III","Rudman, Nicholas II",Nicholas,,Rudman
"Lane, Kathryn E.","Lane, Kathrn E.",Kathryn,E,Lane
Bill Pullman,BillPullman,Bill,,Pullman
Igor Solopov,IFgor Solopov,Igor,,Solopov
"Mccullough, Sarah","Mcculhough, Sarah",Sarah,,Mccullough
"Liang, Steven W.","Liang, SteveWn W.",Steven,W,Liang
Alain Portes,Alain P1ortes,Alain,,Portes
"Elliott, Karey","Elliott, Katrey",Karey,,Elliott
Andrew Birkin,Andre Birkin,Andrew,,Birkin
"Wong, Ken Mun","Wong, Ksn Mun",Ken,Mun,Wong
"Cheung, Tak Hong","Cheung, TakHong",Tak,Hong,Cheung
"Lucey, Jim","Lucey,6Jim",Jim,,Lucey
John Coffey,JohZn Coffey,John,,Coffey
"Hernandez, Francisco M.","Hernandez, Frajcisco M.",Francisco,M,Hernandez
Ivan Demyanenko,Ivn Demyanenko,Ivan,,Demyanenko
"Manley, Mark","Manley,Mark",Mark,,Manley
Kazimierz Sichulski,KazimierzkSichulski,Kazimierz,,Sichulski
"Dalmas, Susana","Dalmas, Susanwa",Susana,,Dalmas
Zach Dean,Zwch Dean,Zach,,Dean
