original name,noised name,predicted first,predicted middle,predicted last
Willi Schrder,Willi Schder,Willie,,Schder
"Patrignani, Camilo A.","Patrignani, Xamilo A.",Xamilo,A,Patrignani
Ferid Chouchane,Ferid ChZuchane,Ferid,,Chuchane
Richard Jordan,Richardd Jordan,Jordan,,Richards
"Rossolimo, Amanda","ossolimo, Amanda",Amanda,,Oskolimo
"McWilliams, Terry","McWilliams, TIrry",Tirry,,Mcwilliams
"Linder, Christian","Linder, SChristian",Shristian,,Linder
Gustav Ingvar Rydell,Gustav Ingvar Ryd4ell,Gustar,Inga,Rydell
"Roman, Barbara","Roman, Barbarna",Barbarina,,Roman
"Ozbolt, Joe","Ozbollt, Joe",Joe,,Ozbollt
"Morales, Rufino","Morals, Rufino",Rufino,,Morals
"Langarica, Claudia","Langarica, Cludia",Cludia,,Langarica
"Hlavacek, Michael","HDavacek, Michael",Michael,,Davacek
Victor Rivera,Victor Rzivera,Victor,,Razivera
David A. Klarner,David A. Karner,David,A,Karner
"Grennan, Grainne M.","G9rennan, Grainne M.",Grainne,M,Girennan
Grard Denecheau,Grard DenecheSau,Grard,Deneche,Sau
"Aviles, Carmen","Avilevs, Carmen",Carmen,,Avileves
Carlos Lannes,Carlos Lanes,Carlos,,Lanes
Stig-Gran Johansson,Stig-Gran Johanssoon,Stigiran,,Johanssono
Mahoula Kramou,Mahojla Kramou,Mahojla,,Kramou
Beat Meister,Beat Meisrer,Beat,,Meisrer
"Sano, Hiroaki","Sano, iroaki",Iroaki,,Sano
Charlotte Ayanna,Charotte Ayanna,Ayanna,,Charotte
Kenta Kazuno,Kenta Kazun,Kenta,,Kazun
Norio Ito,Norio Io,Nori,,I
Tatyana Vasilyevna Ananko,Tatyana Vasilevna Ananko,Tatyana,Vasilliana,Anankou
"Tighe, Maureen","Tigh6, Maureen",Maureen,,Tight
"Sanchez, Ronald","Sanhez, Ronald",Ronald,,Sanez
Thomas B. Wilson,Tomas B. Wilson,Tomas,B,Wilson
Jeong Yong-Gyun,Jeong Yong-Gyyn,Jeong,Yong,Gyyn
Maria Lazarou,Jaria Lazarou,Jariar,,Lazarou
"Lukas, Amy","LOkas, Amy",Amy,,Lokas
Lutz Benter,Lutz enter,Lutz,,Enter
Frank Montaldi,Frank Muntaldi,Frank,,Muntaldi
Lancine Fofana,LanciFne Fofana,Lancine,,Fonfana
Robert Langlois,obert Langlois,Ebert,,Langlois
"Sloan, Bradley","Srloan, Bradley",Bradley,,Serloan
Wu Shude,Wu Shufe,Wu,,Shufe
"Yamada, Haruki",Yamada Haruki,Yamada,,Haruki
Matthew Broderick,Matthew Brnoderick,Matthew,,Bernoderic
"Gallagher, Claire W.","Gallagher, laire W.",Laire,W,Gallagher
Mrton Lrincz,Mrton LrIncz,Marton,,Lrincz
Hilary Duff,Jilary Duff,Jilary,,Duff
Harold R. Ives,Harold R. IveJ,Harold,R,Ive
"Cheung, Lap Kei","Cheung,8 Lap Kei",Cheung,Lap,Kei
"Decarli, Debbie","Recarli, Debbie",Debbie,,Recarli
"Caruso, Isabella","Caruso, Isabilla",Isabilla,,Caruso
Atanas Ivanov Gerov,Atanas5 Ivanov Gerov,Atanat,Ivanov,Gerov
"Merkin, Rachel L.","Merki, Rachel L.",Rachel,L,Merki
Jana Kapustov,Jana mapustov,Jan,,Mapustov
Yasuaki Mitsumori,Yauaki Mitsumori,Yaqaki,,Mitsumori
Jakub Jaworski,Jakub Haworski,Jakub,,Haworski
"McCarthy, Marybeth A.","McCarthy, Marybeth gA.",Marybeth,A,Mccarthy
"Jordan, Joanne","Jordan, oanne",Ianne,,Jordan
Mark Herring,Mark HerSing,Mark,,Herling
Zsuzsanna Tiba,Zsuzsana Tiba,Zsuzana,,Tiba
Ruslan Biktyakov,Ruslan Biktbakov,Ruslan,,Bikbakov
Tjalling Koopmans,TjallingKoopmans,Talling,,Koopmans
Vasco de Carvalho,Vasc de Carvalho,Vasce,,Carvalho
"Xiarhos, Ashlynne O.","Xiarhos, Ashlaynne O.",Ashlaynne,O,Xiarhos
Erland Franz Herkenrath,Erlad Franz Herkenrath,Erlad,Fran,Herkenrath
"Guida, Diego","Guia, Diego",Diego,,Guia
"Harmon, Joanna","Harmon, oanna",Hanna,,Harmon
Zoghman Mebkhout,Zoghman Mekhout,Zoghman,,Mekhout
Joss Whedon,Joss Whedoj,Joss,,Whedok
Christian Carion,Christian arion,Christian,,Arion
Song Jin-U,Sog Jin-U,Sog,,Jin
"Heo, Kyungdoo","Heo, KDungdoo",Dungdos,,Heo
"Carney, Veronique","Carney, Veroique",Verique,,Carney
Yasutaka Ihara,Yasutaka IEara,Ivara,,Yasutaka
Basheer Mohamed Al-Khewani,BasheerMohamed Al-Khewani,Bashteer,Mohamed,Alhewani
Loni Klettl,oni Klettl,Oni,,Klettl
"Meacham, Denise","Meacam, Denise",Denise,,Meacam
Stephen King,Stephen Kin,Stephen,,Kin
Alison Margaret Knowles,Alison Margare Knowles,Alison,Margare,Knowles
"Mcclish, Mickel","Tcclish, Mickel",Mickel,,Tcclish
"Baratta, Gustavo","Baatta, Gustavo",Gustavo,,Baattar
"Mish, Brad","Mishi, Brad",Brad,,Mishi
"Bigoni, Brian","Bgoni, Brian",Brian,,Bono
Zavana Aranga,Mavana Aranga,Mavana,,Aranga
Klaus Hahn,Klaus Hahkn,Klaus,,Hahon
"O'Grady, Sean T.",O'Grady Sean T.,O,Grady Sean,T
Edgard Viseur,Edgard Viseu,Edgar,,Viseu
"McCarron, Emma L.","McCarroEn, Emma L.",Emma,L,Mccarroon
Andrea eri,Andrea er,Andrea,,Er
Akiyoshi Hongo,AkiyosThi Hongo,Akiyos,Thi,Hongo
Song In-Jun,ong In-Jun,Ong,,Indun
"Weerakoon, Neil","WeerakBon, Neil",Neill,,Weeraixon
Benjamin Youla,Benjamin Youl,Benjamin,,You
"Zappala, Lisa M.","ZapNala, Lisa M.",Lisa,M,Zapala
"Stoddart, Jason","Stoddart, Jashon",Jashon,,Stoddart
"Paula, Manny M.","Pula, Manny M.",Manny,,Pula
"Anthony, Larry","AnthoFy, Larry",Larry,,Anthory
Wael Fahim Mostafa,Wael FahimSMostafa,Wael,Fahili,Mostafa
Hajime Watanuki,Hajim Watanuki,Hajim,,Watanuki
Georges Casimir Semelaigne,Geoxrges Casimir Semelaigne,Georges,Casimir,Semelianne
"Crandell, Kristina","Cradell, Kristina",Kristina,,Craddell
Olive Higgins Prouty,Olive Higgins Irouty,Olive,Higginre,Irouty
Gerhard J. Woeginger,Gedhard J. Woeginger,Gedhard,J,Woeginger
Agustn Caldern Dez,Agustn Caldern D7z,Agustin,Calderne,Duz
Zhu Minzhu,Zhu Minhu,Minu,,Zhu
Adam Jamie McGeorge,Adam Jamie McGeorg,Adam,Jamie,Mcheorg
"Scapillato, Tim","Scapillao, Tim",Tim,,Scapillano
Claudia Strobl,Clauda Strobl,Clauda,,Strobl
Irak'li Ch'och'ua,Irak'Wi Ch'och'ua,Chochoua,,Irakki
Fares Al-Ferjani,Fares Al-Ferjai,Fares,,Alferjai
"Griffin, Kathryn S.","Lriffin, Kathryn S.",Kathryn,S,Lriffin
Monica Lanz,Monica Lnz,Monica,,Liz
"Oates, Brian G.","POates, Brian G.",Brian,G,Pates
"Jagutis, Jared J.","Jagutis, Jared Jz.",Jared,,Jagutis
Houssine Kharja,Houssine hharja,Houssine,,Hharja
Chris Pratt,Chris Prat8,Chris,,Prati
Hanna Viktoria Helgesson,HannSa Viktoria Helgesson,Hannina,Viktoria,Helgerson
"Weirick, Chad R.","Weirick, Cha R.",Cha,R,Weirick
"LaPointe, Talia A.","LaPoine, Talia A.",Talia,A,Lacoine
Esmeral Tunluer,ECsmeral Tunluer,Esmeral,,Tunvuer
Gemma Arterton,Geima Arterton,Geima,,Arterton
John Stiray,John Stiay,John,,Stia
Ailana Fraser,Ailaa Fraser,Ailaa,,Fraser
Maurice Edelston,Maurtce Edelston,Maurtce,,Edelston
"Canney, Lori","Catney, Lori",Lori,,Catney
Shane William Archbold,Shane Woilliam Archbold,Shance,Wiilliam,Archbold
Wu Naiqun,Wu NaiqQn,Wu,,Naiqan
"L'Abbe, Fabienne","L'A6be, Fabienne",Fabienne,,Labbe
Leandra Wiloma Smeda,Leandra Wilma Smeda,Leandra,Wilma,Smeda
Shiwe Octavia Nogwanya,Shiwe Octvia Nogwanya,Shiw,Octvia,Noganya
"Fasan, Andrea","FasSan, Andrea",Andrea,,Fassan
Alvin Paul Wegeman,Alvin Paul Wegean,Alvin,Paul,Wegean
"Hall, Robert","Hll, Robert",Robert,,Hill
Nataliya Tsyganova,Nataliya Tsyganona,Nataliya,,Tseganona
"Fair, Stephen","FaUir, Stephen",Stephen,,Fauir
Wilhelm Killing,Wlhelm Killing,Walhelme,,Killing
Thrasyllus of Mendes,Theasyllus of Mendes,Theajyullo,Of,Mendes
Jerry Seinfeld,Jerry einfeld,Jerry,,Einfeld
Rudy Gauwe,Ruy Gauwe,Ruy,,Gauwe
Ahmed Abdul Basith,Atmed Abdul Basith,Atmed,Abdul,Basith
"Howard, Sofia","Howard, Sofua",Sofua,,Howard
Peter Matthews,Peter Matthsws,Peter,,Mathes
"Purves, Brendan","Purves, Bendan",Bendan,,Purves
"Egorov, Alexey","Egorv, Alexey",Alexey,,Egorv
Yevgeny Yuryevich Natsvin,Yevgeny Yuryevbich Natsvin,Yevgeny,Yurhevicbh,Natsvin
Colin Firth,Colin FirIh,Colin,,Firi
Valerie Curtin,ValeriehCurtin,Valeries,,Curtin
Antonio Nestor Garca,Antonio NJestor Garca,Antonio,Jestor,Garca
"Haapala, Juha","Hapala, Juha",Juha,,Hapala
"Bagnulo, Matthew","Bagnulo, Natthew",Natthe,,Bagnulo
Sidney Graham,Sidney GrahaJ,Sidney,,Graha
"Benz, Brad","enz, Brad",Brad,,Enz
"Shockley, Stacy","Shockley, tacy",Tacy,,Shockley
Annette Bening,Annette Being,Annette,,Bein
"Vanfossen, Amy L.","V9anfossen, Amy L.",Amy,L,Vannossen
Sergio Chianella,Xergio Chianella,Xergio,,Chianella
"Gertken, Jodi A.","Geryken, Jodi A.",Jodi,A,Geryken
"Barz, Wynde","Barz,K Wynde",K,Wynde,Bar
"Mullins, Padraig","Mullins, Padraiig",Padradig,,Mullins
Dag Hopen,D4ag Hopen,Deag,,Hoppen
Isabelle Adjani,Isabell Adjani,Isabell,,Adjani
Jere Lee Elliott,JereLee Elliott,Jerevee,,Elliott
"Jo, Yoshiko","Jo, YoshiDo",Yoshito,,Jo
"Agudelo, John A.","Agudelo, John As",John,As,Agulel
Peter Koefoed,Seter Koefoed,Seter,,Koefoed
"Burnett, Jotham",Burnett6 Jotham,Joham,,Burnett
Guy Hirsch,Guy Hrsch,Guy,,Hresch
"Long, Caiying","Long, Caiyinrg",Caeyingg,,Long
Tong Hui,Tong Hi,Tong,,Hi
Seifu Mekonnen,Seifu 1ekonnen,Seifu,,Yekonnen
Gregg Araki,Gregg Arki,Gregg,,Arki
"O'Brien, Bobby Earle","O'Brien, Bobby arle",Bobby,Arle,Orien
Miroslav Jka,Miroslav ka,Miroslav,,Ka
"Yi, Li","YZi, Li",Li,,Zi
Martin Ansa Ortz,DMartin Ansa Ortz,Martin,Ana,Ortz
"Shaffer, Allison","Saffer, Allison",Allison,,Slaffer
Andrzej Bogdan Chylinski,Anodrzej Bogdan Chylinski,Anbodozej,Bogdan,Chllinski
"Swain, Scott A.","Swain, Scoatt A.",Scoatt,A,Swain
"Todd, Ken",Todd Ken,Todd,,Ken
"Weidensaul, Nicole","eidensaul, Nicole",Nicole,,Eidensaul
"Woo, Jong Jung","Woo, ong Jung",Ong,Jung,Woo
"Kimball, Jeff","Kimbal8l, Jeff",Jeff,,Kimbalil
"Roach, Gabe","RSach, Gabe",Gabe,,Sach
Hirofumi Sakai,HirofumOi Sakai,Saka,,Hirofumi
Marcel Vlad,Marcel Vld,Marcel,,Veld
Billy Mark Morgan,Billy MaLk Morgan,Billy,Mar,Morgan
"Suris, Edgar","Suris, Edvar",Edva,,Suris
"Blakney, Luz A.","Blakney, Luz Ak.",Luz,Ak,Blakney
Harrison Ford,arrison Ford,Arrison,,Ford
Karim Saddam Minshid,Karim Saddam Minshsid,Karim,Sadda,Minshist
David Moret,David Koret,David,,Kore
Yoshitaka Tokunaga,YosHitaka Tokunaga,Yos,Hitaka,Tokunaga
"Schriner, Amber","Scheiner, Amber",Amber,,Scheiner
Takashige Matsumoto,Takashige Ma5sumoto,TakashigM,,Masumoto
James Cameron,Jame Cameron,Jame,,Cameron
"Rotherham, Suzanne","otherham, Suzanne",Suzanne,,Otherham
Denis Ulanov,DenisLUlanov,Denis,,Lulanov
Stefan Wgerbauer,Stefan Wterbauer,Stefan,,Waterbauer
Hubert Hhne,Hubet Hhne,Hubet,,Hohne
David Earl McGill,David Earf McGill,David,Ear,Mcill
Kyriaki Kouvari,<yriaki Kouvari,Hyriaki,,Kouvari
Tatiana De Rosnay,Tatana De Rosnay,Tatania,De,Rosnay
Teruko Nakano,Yeruko Nakano,Yeruko,,Nakano
Leonel Gabriel Priz,geonel Gabriel Priz,Geonel,Gabriel,Priz
"Kearney, Mary K.","Karney, Mary K.",Mary,K,Karney
Teruko Yamada,Teruio Yamada,Terio,,Yamada
Guy de Maupassant,Gu de Maupassant,Gude,,Maupassant
Stefanie Horn,Stefanie Hon,Stefanie,,Hon
Mario Mattioli,Mario Mattoli,Mario,,Mattoli
"Barnett, Shanon","Barnett, mShanon",Shannon,,Barnett
Vladas Jankauskas,Vladas Jankauskxs,Vladas,,Jankausses
Renato Martini,Renat Martini,Renat,,Martini
Constantin Popovici,Constanti2n Popovici,Constantin,n,Popovici
Jacek Tadeusz Morajko,Jacek TadeusznMorajko,Jacek,Tadedean,Morajo
George Edward Mara,George EdwaDd Mara,George,Edwar,Mara
"Saad, Mohammad","Saad, Mohamad",Mohamad,,Saad
"Seney, Matt","Sene, Matt",Matt,,Sene
Emanuele Di Gregorio,EmZnuele Di Gregorio,Emmiele,Dij,Gregorio
"Tranchina, Sara",Tranchinav Sara,Tranchind,,Sara
"Hybels, David","Hybvels, David",David,,Hyvels
"Levangie, Peter","MLevangie, Peter",Peter,,Mevangie
Alyssa Milano,Alyssa Milao,Alyssa,,Milao
"Vuono, Jeffrey","Vuono, Jegfrey",Jegfrey,,Vuono
Oscar Ral Bidegain,Orscar Ral Bidegain,Orscar,Ral,Bidegain
Li Yanyan,Li YOnyan,Li,,Yenyan
Rafael Nickel,Ratael Nickel,Ratanel,,Nickel
Susanne Losch,Susanne Lodch,Susanne,,Loch
Ariel Ramos Wilson,ArieX Ramos Wilson,Arie,Ramos,Wilson
Devon Sawa,Devon Sbawa,Devon,,Shaw
Brian Azzarello,Bian Azzarello,Bian,,Azzarello
Laura Vargas Koch,Laura Vajrgas Koch,Laura,Varnas,Koch
Keira Knightley,teira Knightley,Terra,,Knightley
Yevgeny Lomach,Yegeny Lomach,Yegeny,,Lomach
Selin Oruz,Selin ruz,Selin,,Ruaz
Gnter Siegmund,Gnter Siegpmund,Gnner,,Siepmund
Abdul Mansaray,Abdul Mansaday,Abdul,,Manaday
"Rawdon, Dick","Rwdon, Dick",Dick,,Radon
Birhanu Yemataw Balew,Birhanu Yemataw alew,Birhanu,Yemata,Alew
"Sorenson, Wendy","Srorenson, Wendy",Wendy,,Srorenson
Giorgio Cecchetti,Giorgido Cecchetti,Giorgido,,Cecchetti
Erik Lars Lindeberg,Erik Larhs Lindeberg,Erik,Larrhs,Lindeberg
Leung Chun Wing,eung Chun Wing,Eung,Chun,Wing
"Thomas, John C.","Thomas, Jon C.",Jon,C,Thomas
"Seymour, Alan C.","SHeymour, Alan C.",Alan,C,Setmour
Georges Van Haelen,Gsorges Van Haelen,Ghorges,Van,Haelen
Franc itnik,Franc ipnik,Franc,,Ipnik
Eugne Legrand,Eugine Legrand,Eugine,,Legrand
"Pratt, Daniel J.","Pratt, Draniel J.",Draniel,J,Pratt
"Cho, Tai Hee","Cho, Tai H8e",Tai,He,Cho
"Bilimoria, Bhavin","BilimoriSa, Bhavin",Bhavin,,Bilimorida
"Pearce, Raymond A.","earce, Raymond A.",Raymond,A,Barce
Joseph Weber,Joseph eber,Joseph,,Eber
Rao Vucini,Ro Vucini,Ro,,Vuccini
Robin Godfrey Hodder,Robin Godffey Hodder,Robin,Godffey,Hodder
"Kneller, Sian","Knekler, Sian",Sian,,Knekler
Pter Vpi,Pter hpi,Peter,,Hpi
"Liao, Kuo Chih","Liao, Kuo ChBh",Kuo,Chi,Liao
"Jaskiewicz, Ryan","Jaskiswicz, Ryan",Ryan,,Jaskiswicz
Arto Salomaa,ArtDo Salomaa,Art,Don,Salomata
Jnos Rehus-Uzor,Jnos Rehus-zor,Janos,,Rehuszor
Teresa Cohen,Terdsa Cohen,Terdas,,Cohen
"Vigneron, Peter","Vigneron, eter",Iter,,Vigneron
"Dawes, Bridget K.","Dawes, Bidget K.",Bidget,K,Dawes
"Stevens, Aaron Z.","Stevens, Waron Z.",Waron,Z,Stevens
Aleksandar ivkovic,Aleksanar ivkovic,Aleksandar,,Ivcikic
"Hashida, Akiko","Hasida, Akiko",Akiko,,Hasida
Matthew Sarmento,Matthhew Sarmento,Matthhew,,Sarmento
"Dandaraw, Susan","DaMndaraw, Susan",Susan,,Dandara
"Branum, Ashley","Branum,d Ashley",d,Ashley,Branum
Haakon Piro Bryhn,HaakonlPiro Bryhn,Bryn,,Haskonlir
Edward Furlong,Edward Frlong,Edward,,Felong
Markus Pittner,Markus Pitter,Markus,,Pitter
"Staub, Christine","Stau, Christine",Christine,,Stau
Richard Couch,Richard Conuch,Richard,,Conuch
Hao Kexin,ao Kexin,Ao,,Kexin
"Price, Tim","Price, Fim",Fim,,Price
Moumouni Siuley,Muoumouni Siuley,Siudley,,Murumouni
Melanie Matthews,MelanielMatthews,Melaniel,,Matthews
Andr Claude,andr Claude,Andre,,Claude
"Bushong, Cailtlin","Bushong, Cqiltlin",Caitlin,,Busshong
Pierino Caccialupi,Pierino COccialupi,Pierino,,Coccicluli
Delphine Lansac,DelPhine Lansac,Delphine,,Lanac
"Kelly, Thomas",Kelly Thomas,Kelly,,Thomas
Ken Steven Tsujiura,Ken SteveN Tsujiura,Ken,Steven,Tsujura
Cindy Eadie,Cindy Eadir,Cindy,,Eadir
Michael Shaara,Michael Shaar,Michael,,Shaar
Max Hofmeister,Moax Hofmeister,Moxx,,Hoffeister
"Sahnd, Kevin","SPahnd, Kevin",Kevin,,Sand
"Klarich, Lee","Kparich, Lee",Lee,,Kparich
John Houston Craige,John 9ouston Craige,John,Youston,Craig
"Bretz, Virgil","Gretz, Virgil",Virgil,,Gretz
"Rivera, Miguel","ivera, Miguel",Miguel,,Ivera
Anatoly Ivanovich Nazarenko,Anatly Ivanovich Nazarenko,Anatly,Ivanovica,Nazarenko
Yves-Louis Pinaud,Yves->ouis Pinaud,Yves,Kovis,Pinaud
Micha Bieniek,Micha BieniYk,Micha,,Bienick
Ludovic Gal,Ludrovic Gal,Ludrovic,,Gal
Han Wenxia,Han WWenxia,Han,,Wenzia
Claudia Barth,Cladia Barth,Cladia,,Barth
"Vierzba, Nicole M.","Vierzba, Nicole M;",Nicole,,Vieraba
"Sack, Myra","Sack, Myrpa",Myrpa,,Sack
"Galarneau, Jason","Galarneu, Jason",Jason,,Galarne
"Sackles, Paul E.","Sackles, PaLul E.",Paul,E,Scackles
"Nam, Kyung J.","Nam,Kyung J.",Kyung,J,Na
"Murphy, Leah J.","Munrphy, Leah J.",Leah,J,Munrphy
Jason Schafer,Jason SchaQer,Jason,,Schaner
Johannes Lauridsen,Johannes Laeridsen,Johannes,,Larridsen
"Ziegler, Ron","Zieger, Ron",Ron,,Zieger
Lyman Currier,Lymn Currier,Lyn,,Currier
Kokoutse Fabrice Dabla,Kokoutse Favrice Dabla,Koloutse,Favrice,Dabla
Georges Grosjean,Georges Grohjean,Georges,,Grojean
Pernille Svarre Nielsen,Pe8rnille Svarre Nielsen,Peernille,Svare,Nielsen
"Graham, Scott C.","Graham,f Scott C.",D,Scott C,Graham
Julio Cabrera Balsa,Juli Cabrera Balsa,Juli,Cabrera,Bala
Ibrain Crombet McKenzie,Ibrain Cdombet McKenzie,Ibrain,Chomket,Mckenzie
Beniamin Kuciski,Beniamn Kuciski,Beniana,,Kuciski
River Phoenix,River Phoeix,River,,Pholix
Swen Schuller,Swen Schsller,Swen,,Schaller
"Brady, Tye M.",BradyT Tye M.,Brady,Tye,M
"Biwott, Shadrack","Biwott, ShadracAk",Shadrackk,,Biwott
Claude Jean-Prost,Claude Jean-Post,Claude,Jean,Post
"Hagwood, Jennifer M.","Hagwoode, Jennifer M.",Jennifer,M,Hamwoode
"Parent, Joe","Paren4, Joe",Joe,,Paren
"Neal, Samuel R.","Nal, Samuel R.",Samuel,R,Nal
"Fischer, Brad","Fiscer, Brad",Brad,,Fiscer
Hisayoshi Harasawa,Hisayoshi Harasabwa,Hisayashi,,Harasabay
Kristian Seip,Kristin Seip,Kristin,,Seip
Mikhailis Kalomoiris,Mkhailis Kalomoiris,Mkhailis,,Kalomiris
"Egge, Jerry","Egg, Jerry",Jerry,,Egg
Nicolaas Pieneman,Nicolaas Pienemsn,Nicolas,,Pieneman
"Tavolacci, John","Tavolacc, John",John,,Tavolac
John Zakrzewski,John Zakrzewzki,John,,Zakrewski
"Tuch, Ramon","Tuc, Ramon",Ramon,,Tuc
"Leblanc, Daniel","LeIlanc, Daniel",Daniel,,Lelance
"Ferrigno, Pat A.","Ferrigno, Pat AY.",Pat,,Ferrigno
Ronnie Drrenmatt,Ronnie Drenmatt,Ronnie,,Drenmatt
Yeter Seviml,eter Seviml,Eter,,Sevin
Alistair Davis,AlistVair Davis,Alist,Vair,Davis
Dusn Kovcs,DuPsn Kovcs,Dusan,,Kovs
