name,first,last,middle,title,suffix,name_noised,first_noised,last_noised,middle_noised,title_noised,suffix_noised
John Ssebaana Kizito,John,Kizito,Ssebaana,,,John Sebaana Kizito,John,Kizito,Sebaana,,
"Jones, V M",V,Jones,M,,,"Jones,V M",V,Jones,M,,
Hama Amirou Ly,Hama,Ly,Amirou,,,Hma Amirou Ly,Hma,Ly,Amirou,,
"Nascimento, Lopo Do",Lopo,Nascimento,Do,,,"Nascimento, Lopo Djo",Lopo,Nascimento,Djo,,
Ras Mengesha Yohannes,Ras,Yohannes,Mengesha,,,Ras Mngesha Yohannes,Ras,Yohannes,Mngesha,,
"Davies, H O",H,Davies,O,,,"Davies,H O",H,Davies,O,,
Martha Sandolo Belleh,Martha,Belleh,Sandolo,,,MTartha Sandolo Belleh,MTartha,Belleh,Sandolo,,
"Akandu, Lawrence Chimezie",Lawrence,Akandu,Chimezie,,,"Akandu, Lawrence Chiezie",Lawrence,Akandu,Chiezie,,
Darge Sahle Selassie,Darge,Selassie,Sahle,,,Darge Sahle Sepassie,Darge,Sepassie,Sahle,,
"Erhenede, Justice John",Justice,Erhenede,John,,,"Erhenede, JuStice John",JuStice,Erhenede,John,,
Fred Kwasi Apaloo,Fred,Apaloo,Kwasi,,,Frd Kwasi Apaloo,Frd,Apaloo,Kwasi,,
"Chaurembo, Ania Said",Ania,Chaurembo,Said,,,"Chaurembo, Ania Sa2d",Ania,Chaurembo,Sa2d,,
Mathias Meinrad Chikawe,Mathias,Chikawe,Meinrad,,,rMathias Meinrad Chikawe,rMathias,Chikawe,Meinrad,,
"Yahia, Wissem Ben",Wissem,Yahia,Ben,,,"Yahia, Wisem Ben",Wisem,Yahia,Ben,,
Aziza Sleyum Ally,Aziza,Ally,Sleyum,,,Aziza Sl8eyum Ally,Aziza,Ally,Sl8eyum,,
"Barque, Barry Moussa",Barry,Barque,Moussa,,,"Barque, Bary Moussa",Bary,Barque,Moussa,,
Erinayo Wilson Oryema,Erinayo,Oryema,Wilson,,,ErinayoWilson Oryema,Erinayo,Oryema,Wilson,,
"Dada, Idi Amin",Idi,Dada,Amin,,,"Dad, Idi Amin",Idi,Dad,Amin,,
Hilary R W Johnson,Hilary,Johnson,R W,,,Hilary Ru W Johnson,Hilary,Johnson,Ru W,,
"Gana, Mohammed Abba",Mohammed,Gana,Abba,,,"Gana, Mouammed Abba",Mouammed,Gana,Abba,,
Asha Haji Elmi,Asha,Elmi,Haji,,,Asa Haji Elmi,Asa,Elmi,Haji,,
"Dlamini, Jameson Mbilini",Jameson,Dlamini,Mbilini,,,"Dlamini,, Jameson Mbilini",Jameson,Dlamini,Mbilini,,
Thomas R Odhiambo,Thomas,Odhiambo,R,,,"Thoma,s R Odhiambo","Thoma,s",Odhiambo,R,,
"Nouira, Hedi Amara",Hedi,Nouira,Amara,,,"Nouira, Hedi ATara",Hedi,Nouira,ATara,,
F Abiola Irele,F,Irele,Abiola,,,F Abiopa Irele,F,Irele,Abiopa,,
"Achour, Selim Ben",Selim,Achour,Ben,,,"Achour, SelGim Ben",SelGim,Achour,Ben,,
J E A Wey,J,Wey,E A,,,J EA Wey,J,Wey,E A,,
"Dodge, Ralph Edward",Ralph,Dodge,Edward,,,"DodgD, Ralph Edward",Ralph,DodgD,Edward,,
John Kodwo Amissah,John,Amissah,Kodwo,,,John Kodwo Aissah,John,Aissah,Kodwo,,
"Ezeh, Alphonsus Azuogu",Alphonsus,Ezeh,Azuogu,,,"Ezdh, Alphonsus Azuogu",Alphonsus,Ezdh,Azuogu,,
Abubakar Tafawa Balewa,Abubakar,Balewa,Tafawa,,,Abubaka Tafawa Balewa,Abubaka,Balewa,Tafawa,,
"Mbongo, Mbedi A",Mbedi,Mbongo,A,,,"Mbongo, MbPdi A",MbPdi,Mbongo,A,,
Amadou Tidiane Tall,Amadou,Tall,Tidiane,,,Amadou TidianPe Tall,Amadou,Tall,TidianPe,,
"Seko, Mobutu Sese",Mobutu,Seko,Sese,,,"Sek, Mobutu Sese",Mobutu,Sek,Sese,,
Fernando Neves Nando,Fernando,Nando,Neves,,,Fernando Nevew Nando,Fernando,Nando,Nevew,,
"Bayntun, Henry William",Henry,Bayntun,William,,,"Bayntun, QHenry William",QHenry,Bayntun,William,,
Helton Samo Cunha,Helton,Cunha,Samo,,,Helton Sao Cunha,Helton,Cunha,Sao,,
"Dorda, Abuzed Omar",Abuzed,Dorda,Omar,,,"Dord, Abuzed Omar",Abuzed,Dord,Omar,,
Amal Nuri Safar,Amal,Safar,Nuri,,,Amal Nuri SaQfar,Amal,SaQfar,Nuri,,
"Samatar, Muse Dude",Muse,Samatar,Dude,,,"Samatar, Muse Dudte",Muse,Samatar,Dudte,,
Hemed Mohammed Hemed,Hemed,Hemed,Mohammed,,,Hemmed Mohammed Hemed,Hemmed,Hemed,Mohammed,,
"Onu, Sylvester Umaru",Sylvester,Onu,Umaru,,,"Onu, SyKlvester Umaru",SyKlvester,Onu,Umaru,,
Ama Sefa Yeboah,Ama,Yeboah,Sefa,,,Aa Sefa Yeboah,Aa,Yeboah,Sefa,,
"Deerow, Abdallah Isaaq",Abdallah,Deerow,Isaaq,,,"Deerow, AbdaIllah Isaaq",AbdaIllah,Deerow,Isaaq,,
Khalida Rashid Khan,Khalida,Khan,Rashid,,,Khalida Rashid.Khan,Khalida,Khan,Rashid,,
"Edozien, Joseph Chike",Joseph,Edozien,Chike,,,"Edozien, Josph Chike",Josph,Edozien,Chike,,
Maua Abeid Daftari,Maua,Daftari,Abeid,,,Maua Mbeid Daftari,Maua,Daftari,Mbeid,,
"Toivo, Andimba Toivo Ya",Andimba,Toivo,Toivo Ya,,,"Toivo,Andimba Toivo Ya",Andimba,Toivo,Toivo Ya,,
Louis Lansana Beavogui,Louis,Beavogui,Lansana,,,Louis Lansana eavogui,Louis,eavogui,Lansana,,
"Khamis, Mwajuma Hassan",Mwajuma,Khamis,Hassan,,,"Khamis, Mwaquma Hassan",Mwaquma,Khamis,Hassan,,
Alamin Mohammed Seid,Alamin,Seid,Mohammed,,,Alamin Mohmmed Seid,Alamin,Seid,Mohmmed,,
"Warner, Bennie Dee",Bennie,Warner,Dee,,,"Warner, Bennie DKee",Bennie,Warner,DKee,,
Gosbert Begumisa Blandes,Gosbert,Blandes,Begumisa,,,Gosbert Begumisa Blandels,Gosbert,Blandels,Begumisa,,
"Mariam, Mahisente Habte",Mahisente,Mariam,Habte,,,"Mariam, Mahisente Habt",Mahisente,Mariam,Habt,,
Habib Ben Yahia,Habib,Yahia,Ben,,,Habib Bfn Yahia,Habib,Yahia,Bfn,,
"Massaoued, Amir Hadj",Amir,Massaoued,Hadj,,,"Massaoued, Amir HadAj",Amir,Massaoued,HadAj,,
Buka Suka Dimka,Buka,Dimka,Suka,,,Buka SuXa Dimka,Buka,Dimka,SuXa,,
"Tuweni, Kamilya Mohammedi",Kamilya,Tuweni,Mohammedi,,,"Tuweni, Kamilya Mohammed",Kamilya,Tuweni,Mohammed,,
Charles N Keenja,Charles,Keenja,N,,,Charles NKeenja,Charles,Keenja,N,,
"Khatib, Muhammed Seif",Muhammed,Khatib,Seif,,,"Khatib, Muhammed Seijf",Muhammed,Khatib,Seijf,,
George Mutandwa Chiweshe,George,Chiweshe,Mutandwa,,,George Mutandwa Chiwehe,George,Chiwehe,Mutandwa,,
"Ameir, Kheri Khatib",Kheri,Ameir,Khatib,,,Ameir. Kheri Khatib,Kheri,Ameir,Khatib,,
Theophilus Adeleke Akinyele,Theophilus,Akinyele,Adeleke,,,Theophilus Adelee Akinyele,Theophilus,Akinyele,Adelee,,
"Odametey, Charles Addo",Charles,Odametey,Addo,,,"Odametey,  Charles Addo",Charles,Odametey,Addo,,
Valery Twite Nahayo,Valery,Nahayo,Twite,,,Valery Twite Nahay,Valery,Nahay,Twite,,
"Hidig, Abdirashid Mohamed",Abdirashid,Hidig,Mohamed,,,"Hidig, Abdirashid Moham5ed",Abdirashid,Hidig,Moham5ed,,
Mohammed Aliyu Datti,Mohammed,Datti,Aliyu,,,Mohammed Aliyu Dtti,Mohammed,Dtti,Aliyu,,
"Diallo, Anthony Mwandu",Anthony,Diallo,Mwandu,,,"Diallo, Anghony Mwandu",Anghony,Diallo,Mwandu,,
Mbah Ndam Joseph Njang,Mbah,Njang,Ndam Joseph,,,Mbah  Ndam Joseph Njang,Mbah,Njang,Ndam Joseph,,
"Daar, Aden Abdullah Osman",Aden,Daar,Abdullah Osman,,,"Daar, Aden AbdullahOsman",Aden,Daar,Abdullah Osman,,
Cecilia Gyan Amoah,Cecilia,Amoah,Gyan,,,Cecilia GyanAmoah,Cecilia,Amoah,Gyan,,
"At-Talhi, Jadallah Azzuz",Jadallah,At-Talhi,Azzuz,,,"At-Talhi, Jadallah  Azzuz",Jadallah,At-Talhi,Azzuz,,
Muhammad Shamte Hamadi,Muhammad,Hamadi,Shamte,,,Muhammad Shamte amadi,Muhammad,amadi,Shamte,,
"Chuka, Stefano Okaka",Stefano,Chuka,Okaka,,,Chuka Stefano Okaka,Stefano,Chuka,Okaka,,
Adetona Gabriel Balogun,Adetona,Balogun,Gabriel,,,Adetona Gariel Balogun,Adetona,Balogun,Gariel,,
"Salami, Adigun Taofeek",Adigun,Salami,Taofeek,,,"alami, Adigun Taofeek",Adigun,alami,Taofeek,,
Anthony Snoti Laffor,Anthony,Laffor,Snoti,,,Anthony Snoti.Laffor,Anthony,Laffor,Snoti,,
"Khalfan, Salim Abdallah",Salim,Khalfan,Abdallah,,,"Khalfa, Salim Abdallah",Salim,Khalfa,Abdallah,,
Larbi Ben M'Hidi,Larbi,M'Hidi,Ben,,,Larbi BUen M'Hidi,Larbi,M'Hidi,BUen,,
"Kayombo, Gaudence Cassian",Gaudence,Kayombo,Cassian,,,"Kyombo, Gaudence Cassian",Gaudence,Kyombo,Cassian,,
Batilda Salha Burian,Batilda,Burian,Salha,,,Bttilda Salha Burian,Bttilda,Burian,Salha,,
"Kitole, Haji Mussa",Haji,Kitole,Mussa,,,"Kitoe, Haji Mussa",Haji,Kitoe,Mussa,,
Zakia Mrisho Mohamed,Zakia,Mohamed,Mrisho,,,ZakiaMrisho Mohamed,Zakia,Mohamed,Mrisho,,
"Ali, Amina Said",Amina,Ali,Said,,,"Ali, Amina Saird",Amina,Ali,Saird,,
Ntare Rutaganzwa Rugamba,Ntare,Rugamba,Rutaganzwa,,,Ntare RZtaganzwa Rugamba,Ntare,Rugamba,RZtaganzwa,,
"Odinga, Jaramogi Oginga",Jaramogi,Odinga,Oginga,,,"Odinga, Jaramogi Ogi1ga",Jaramogi,Odinga,Ogi1ga,,
Faysal Ben Ahmed,Faysal,Ahmed,Ben,,,Faysal lBen Ahmed,Faysal,Ahmed,lBen,,
"Obinna, Victor Nsofor",Victor,Obinna,Nsofor,,,"Obinna, Victor Nsofo",Victor,Obinna,Nsofo,,
Mohammed Bah Abba,Mohammed,Abba,Bah,,,Mohamyed Bah Abba,Mohamyed,Abba,Bah,,
"Goje, Mohammed Danjuma",Mohammed,Goje,Danjuma,,,"Goje,,Mohammed Danjuma",Mohammed,Goje,Danjuma,,
Barnabas Sibusiso Dlamini,Barnabas,Dlamini,Sibusiso,,,Barnabas Silbusiso Dlamini,Barnabas,Dlamini,Silbusiso,,
"Hashi, Mohamed Abdi",Mohamed,Hashi,Abdi,,,"ashi, Mohamed Abdi",Mohamed,ashi,Abdi,,
Botan Ise Alin,Botan,Alin,Ise,,,Botan Ise Qlin,Botan,Qlin,Ise,,
"Arfi, Said Amour",Said,Arfi,Amour,,,"Arfi, Sad Amour",Sad,Arfi,Amour,,
Abdi Hasan Awale Qeybdiid,Abdi,Qeybdiid,Hasan Awale,,,Agbdi Hasan Awale Qeybdiid,Agbdi,Qeybdiid,Hasan Awale,,
"Mayaki, Ibrahim Hassane",Ibrahim,Mayaki,Hassane,,,"Mayaki, IbCrahim Hassane",IbCrahim,Mayaki,Hassane,,
Maria Ibeshi Hewa,Maria,Hewa,Ibeshi,,,MaRria Ibeshi Hewa,MaRria,Hewa,Ibeshi,,
"Apagya, Philip Kwame",Philip,Apagya,Kwame,,,"Apagya, Phili[ Kwame",Phili[,Apagya,Kwame,,
Zainab Amir Gama,Zainab,Gama,Amir,,,Zainab Ami Gama,Zainab,Gama,Ami,,
"Animashaun, Mustapha Adamu",Mustapha,Animashaun,Adamu,,,"AnimaKshaun, Mustapha Adamu",Mustapha,AnimaKshaun,Adamu,,
Abdirizak Haji Hussein,Abdirizak,Hussein,Haji,,,Abdiriza4 Haji Hussein,Abdiriza4,Hussein,Haji,,
"Mabandla, Thandatha Jongilizwe",Thandatha,Mabandla,Jongilizwe,,,"Mabandla,Thandatha Jongilizwe",Thandatha,Mabandla,Jongilizwe,,
Antoinette Nana Djimou,Antoinette,Djimou,Nana,,,Antoinette yNana Djimou,Antoinette,Djimou,yNana,,
"Chipande, Alberto Joaquim",Alberto,Chipande,Joaquim,,,"Chipande,Alberto Joaquim",Alberto,Chipande,Joaquim,,
Mohammed Said Bareh,Mohammed,Bareh,Said,,,Mohammed aid Bareh,Mohammed,Bareh,aid,,
"Khamis, Salim Hemed",Salim,Khamis,Hemed,,,"Khamis, SalimHemed",Salim,Khamis,Hemed,,
Anton Wilhelm Amo,Anton,Amo,Wilhelm,,,Anton  Wilhelm Amo,Anton,Amo,Wilhelm,,
"Sabodo, Mustafa Jaffer",Mustafa,Sabodo,Jaffer,,,"Sabodo, Mustafa Jafer",Mustafa,Sabodo,Jafer,,
Loyce Biira Bwambale,Loyce,Bwambale,Biira,,,"Loyce Bi,ira Bwambale",Loyce,Bwambale,"Bi,ira",,
"Alo, E B",E,Alo,B,,,"Alo,.E B",E,Alo,B,,
Coster Balakasi,Coster,Balakasi,,,,CostIr Balakasi,CostIr,Balakasi,,,
"Katsonga, Davis",Davis,Katsonga,,,,"Katsong, Davis",Davis,Katsong,,,
Ben Dhifallah,Ben,Dhifallah,,,,Ben.Dhifallah,Ben,Dhifallah,,,
"Addy, Obo",Obo,Addy,,,,"7ddy, Obo",Obo,7ddy,,,
George Borba,George,Borba,,,,George  Borba,George,Borba,,,
"Melki, Mourad",Mourad,Melki,,,,"Melki, 5ourad",5ourad,Melki,,,
Joaquim Gomes,Joaquim,Gomes,,,,"Joaquim ,Gomes",Joaquim,",Gomes",,,
"Kamaphitha, Uzibhebhu",Uzibhebhu,Kamaphitha,,,,Kamaphitha Uzibhebhu,Uzibhebhu,Kamaphitha,,,
Tavio Amorin,Tavio,Amorin,,,,Tavio Amgorin,Tavio,Amgorin,,,
"Sanga, Imani",Imani,Sanga,,,,"SaOnga, Imani",Imani,SaOnga,,,
Shanyurai Majange,Shanyurai,Majange,,,,"Shanyurai,Majange",Shanyurai,Majange,,,
"Bencherif, Hamza",Hamza,Bencherif,,,,"Bencherif,, Hamza",Hamza,Bencherif,,,
Herbert Chitepo,Herbert,Chitepo,,,,Herert Chitepo,Herert,Chitepo,,,
"Ibrahim, Fouad",Fouad,Ibrahim,,,,"Ibrzhim, Fouad",Fouad,Ibrzhim,,,
Gbenga Oluokun,Gbenga,Oluokun,,,,GbengaOluokun,Gbenga,Oluokun,,,
"Salema, Anziza",Anziza,Salema,,,,"Salema,  Anziza",Anziza,Salema,,,
Efua Sutherland,Efua,Sutherland,,,,Efua Dutherland,Efua,Dutherland,,,
"Otieno, Francis",Francis,Otieno,,,,"tieno, Francis",Francis,tieno,,,
Mohammed Muyei,Mohammed,Muyei,,,,MohammedMuyei,Mohammed,Muyei,,,
"Uti, Sunday",Sunday,Uti,,,,"Uti, unday",unday,Uti,,,
Samuel Maharero,Samuel,Maharero,,,,Samuel MahaArero,Samuel,MahaArero,,,
"Madagascar, Rasoherina",Rasoherina,Madagascar,,,,"Madagascar, Rasoerina",Rasoerina,Madagascar,,,
Benjamin Kibebe,Benjamin,Kibebe,,,,Benjamin KiVbebe,Benjamin,KiVbebe,,,
"Mbangwa, Mpumelelo",Mpumelelo,Mbangwa,,,,Mbangwa. Mpumelelo,Mpumelelo,Mbangwa,,,
Ganiou Soglo,Ganiou,Soglo,,,,Ganiou  Soglo,Ganiou,Soglo,,,
"Karg, Morne",Morne,Karg,,,,"Kar, Morne",Morne,Kar,,,
Bisoye Tejuoso,Bisoye,Tejuoso,,,,Bisoye Tej8oso,Bisoye,Tej8oso,,,
"Maduka, John",John,Maduka,,,,"MBaduka, John",John,MBaduka,,,
Olusegun Obasanjo,Olusegun,Obasanjo,,,,Olusegun Obasanlo,Olusegun,Obasanlo,,,
"Cheapoo, Chea",Chea,Cheapoo,,,,"Cgheapoo, Chea",Chea,Cgheapoo,,,
Asha-Rose Migiro,Asha-Rose,Migiro,,,,Asha-ose Migiro,Asha-ose,Migiro,,,
"Girone, Remo",Remo,Girone,,,,"Girone, Reko",Reko,Girone,,,
Muumin Aadan,Muumin,Aadan,,,,sMuumin Aadan,sMuumin,Aadan,,,
"Bungei, Wilfred",Wilfred,Bungei,,,,Bungei  Wilfred,Wilfred,Bungei,,,
Liya Kebede,Liya,Kebede,,,,Liya  Kebede,Liya,Kebede,,,
"Burger, Sarel",Sarel,Burger,,,,Burger  Sarel,Sarel,Burger,,,
Shawn Gericke,Shawn,Gericke,,,,Shaen Gericke,Shaen,Gericke,,,
"Yahyaoui, Insaf",Insaf,Yahyaoui,,,,"Yahyaoui, InsaT",InsaT,Yahyaoui,,,
Koranteng Amoako,Koranteng,Amoako,,,,Koraneng Amoako,Koraneng,Amoako,,,
"Ouma, Kassim",Kassim,Ouma,,,,"Oumka, Kassim",Kassim,Oumka,,,
Sara Gizaw,Sara,Gizaw,,,,Sara Gizw,Sara,Gizw,,,
"Tesfaw, Adamu",Adamu,Tesfaw,,,,"Tesfaw, Adau",Adau,Tesfaw,,,
Richard Leakey,Richard,Leakey,,,,Richard  Leakey,Richard,Leakey,,,
"Gnonka, Liade",Liade,Gnonka,,,,"Gnonka, iade",iade,Gnonka,,,
Ibrahim Idris,Ibrahim,Idris,,,,Ibrahim  Idris,Ibrahim,Idris,,,
"Obiku, Michael",Michael,Obiku,,,,"ObViku, Michael",Michael,ObViku,,,
Alain Gaspoz,Alain,Gaspoz,,,,Alai Gaspoz,Alai,Gaspoz,,,
"Morello, Tom",Tom,Morello,,,,"Morell, Tom",Tom,Morell,,,
Tsandzile Ndwandwe,Tsandzile,Ndwandwe,,,,Tsandzile Ndwadwe,Tsandzile,Ndwadwe,,,
"Nsibambi, Apolo",Apolo,Nsibambi,,,,"Nxibambi, Apolo",Apolo,Nxibambi,,,
Kuku Sebsebe,Kuku,Sebsebe,,,,Kuku Sebdebe,Kuku,Sebdebe,,,
"Wube, Tiruwork",Tiruwork,Wube,,,,"Wube, Tiruwrk",Tiruwrk,Wube,,,
Yibeltal Admassu,Yibeltal,Admassu,,,,YibelQtal Admassu,YibelQtal,Admassu,,,
"Mekuria, Zelalem",Zelalem,Mekuria,,,,"Mskuria, Zelalem",Zelalem,Mskuria,,,
Moussa Coulibaly,Moussa,Coulibaly,,,,Moussa Couligaly,Moussa,Couligaly,,,
"Ellison, Chris",Chris,Ellison,,,,"Ellison,  Chris",Chris,Ellison,,,
Za Dengel,Za,Dengel,,,,Za Dngel,Za,Dngel,,,
"Waruinge, Philip",Philip,Waruinge,,,,"Waruinge, P7ilip",P7ilip,Waruinge,,,
Zain Verjee,Zain,Verjee,,,,Zsain Verjee,Zsain,Verjee,,,
"Modo, Ben",Ben,Modo,,,,"Modo,,Ben",Ben,Modo,,,
Stanford Derere,Stanford,Derere,,,,StanfordDerere,Stanford,Derere,,,
"Otieno, Musa",Musa,Otieno,,,,"OtieVo, Musa",Musa,OtieVo,,,
Tatenda Taibu,Tatenda,Taibu,,,,Tatenda MTaibu,Tatenda,MTaibu,,,
"Mwakwere, Ali",Ali,Mwakwere,,,,"Mwakwere,.Ali",Ali,Mwakwere,,,
Djamel Abdoun,Djamel,Abdoun,,,,"Djamel,Abdoun",Djamel,Abdoun,,,
"Aggudey, George",George,Aggudey,,,,"Aggudey, Gorge",Gorge,Aggudey,,,
Souleymane Youla,Souleymane,Youla,,,,CSouleymane Youla,CSouleymane,Youla,,,
"Rabarivony, Franck",Franck,Rabarivony,,,,"Rabarivony, Franc",Franc,Rabarivony,,,
Marco Airosa,Marco,Airosa,,,,Marco  Airosa,Marco,Airosa,,,
"Boateng, Paul",Paul,Boateng,,,,"Boateng, Haul",Haul,Boateng,,,
Yimam Yejju,Yimam,Yejju,,,,Yimam ejju,Yimam,ejju,,,
"Whitehead, Edgar",Edgar,Whitehead,,,,"Whitehead,  Edgar",Edgar,Whitehead,,,
Tom Nyariki,Tom,Nyariki,,,,Tom Nyarii,Tom,Nyarii,,,
"Codjia, Coffi",Coffi,Codjia,,,,"CodRjia, Coffi",Coffi,CodRjia,,,
Jadavji Jesani,Jadavji,Jesani,,,,JadavjiJesani,Jadavji,Jesani,,,
"Akuda, Fanizani",Fanizani,Akuda,,,,"Akuda, Fmnizani",Fmnizani,Akuda,,,
Vida Nsiah,Vida,Nsiah,,,,Voida Nsiah,Voida,Nsiah,,,
"Kabadi, Haroun",Haroun,Kabadi,,,,"Kabadi, Harun",Harun,Kabadi,,,
Samson Godwin,Samson,Godwin,,,,SamsYon Godwin,SamsYon,Godwin,,,
"Black, Byron",Byron,Black,,,,"Black, Byroun",Byroun,Black,,,
Ezra Sambu,Ezra,Sambu,,,,Ezra SWambu,Ezra,SWambu,,,
"Benikhlef, Amar",Amar,Benikhlef,,,,"Benikhlef,Amar",Amar,Benikhlef,,,
Caroline Chikezie,Caroline,Chikezie,,,,Carwoline Chikezie,Carwoline,Chikezie,,,
"Gripper, Trevor",Trevor,Gripper,,,,"Grilper, Trevor",Trevor,Grilper,,,
Rudy Haddad,Rudy,Haddad,,,,Rudy Hasdad,Rudy,Hasdad,,,
"Dibaba, Ejegayehu",Ejegayehu,Dibaba,,,,"Dibaba, Ejeayehu",Ejeayehu,Dibaba,,,
Maurice Tadajeu,Maurice,Tadajeu,,,,Maurice TadCajeu,Maurice,TadCajeu,,,
"Lwanga, Carl",Carl,Lwanga,,,,"Lwangs, Carl",Carl,Lwangs,,,
Hidipo Hamutenya,Hidipo,Hamutenya,,,,Hldipo Hamutenya,Hldipo,Hamutenya,,,
"Moumban, Karim",Karim,Moumban,,,,"Moumban,, Karim",Karim,Moumban,,,
Habib Galhia,Habib,Galhia,,,,Habib  Galhia,Habib,Galhia,,,
"Munyaneza, Henri",Henri,Munyaneza,,,,Munyaneza Henri,Henri,Munyaneza,,,
Mbulaeni Mulaudzi,Mbulaeni,Mulaudzi,,,,"Mbulaeni,Mulaudzi",Mbulaeni,Mulaudzi,,,
"Aga, Alemu",Alemu,Aga,,,,"Aga,Alemu",Alemu,Aga,,,
Choice Aisien,Choice,Aisien,,,,Choic3e Aisien,Choic3e,Aisien,,,
"Moses, Victor",Victor,Moses,,,,"Mosejs, Victor",Victor,Mosejs,,,
Fro Adu,Fro,Adu,,,,FroAdu,Fro,Adu,,,
"Raho, Slimane",Slimane,Raho,,,,"Raho, Simane",Simane,Raho,,,
Richard Mateelong,Richard,Mateelong,,,,Richard  Mateelong,Richard,Mateelong,,,
"Baidoo, Stephen",Stephen,Baidoo,,,,"Baidoo, StephQen",StephQen,Baidoo,,,
Gloria Kemasuode,Gloria,Kemasuode,,,,Gl7ria Kemasuode,Gl7ria,Kemasuode,,,
"Diori, Hamani",Hamani,Diori,,,,"Diori,,Hamani",Hamani,Diori,,,
Yemane Baria,Yemane,Baria,,,,YemaneBaria,Yemane,Baria,,,
"Plaatjies, Sydney",Sydney,Plaatjies,,,,"Paatjies, Sydney",Sydney,Paatjies,,,
Tekle Haymanot,Tekle,Haymanot,,,,TePle Haymanot,TePle,Haymanot,,,
"Asokuh, Eloka",Eloka,Asokuh,,,,"Asokuh,Eloka",Eloka,Asokuh,,,
Hakainde Hichilema,Hakainde,Hichilema,,,,Hakainde HichileMma,Hakainde,HichileMma,,,
"Makinwa, Stephen",Stephen,Makinwa,,,,"Maklnwa, Stephen",Stephen,Maklnwa,,,
Marguerite Barankitse,Marguerite,Barankitse,,,,Marg5uerite Barankitse,Marg5uerite,Barankitse,,,
"Abdirahman, Abdihakem",Abdihakem,Abdirahman,,,,"Abdirahman, Abdhakem",Abdhakem,Abdirahman,,,
Adewale Olukoju,Adewale,Olukoju,,,,Adewale  Olukoju,Adewale,Olukoju,,,
"Mbom, Ephrem",Ephrem,Mbom,,,,"Mbom, Efhrem",Efhrem,Mbom,,,
Ali Shah,Ali,Shah,,,,Ali SQhah,Ali,SQhah,,,
"Duarte, Bela",Bela,Duarte,,,,"Duabte, Bela",Bela,Duabte,,,
Abdalla Jabir,Abdalla,Jabir,,,,AbdallaJabir,Abdalla,Jabir,,,
"Belaid, Tijani",Tijani,Belaid,,,,Belaid Tijani,Tijani,Belaid,,,
Tessema Absher,Tessema,Absher,,,,Teswsema Absher,Teswsema,Absher,,,
"Selassie, Wolde",Wolde,Selassie,,,,"Selassie,.Wolde",Wolde,Selassie,,,
Amha Selassie,Amha,Selassie,,,,Amha Selassae,Amha,Selassae,,,
"Djoussouf, Abbas",Abbas,Djoussouf,,,,"Djossouf, Abbas",Abbas,Djossouf,,,
Tsehaiwork Darge,Tsehaiwork,Darge,,,,Tsehaiwork  Darge,Tsehaiwork,Darge,,,
"Keshi, Stephen",Stephen,Keshi,,,,Keshi Stephen,Stephen,Keshi,,,
Michael Ibru,Michael,Ibru,,,,Michael Iqbru,Michael,Iqbru,,,
"Metref, Hocine",Hocine,Metref,,,,"Metref,Hocine",Hocine,Metref,,,
Edmund Morris,Edmund,Morris,,,,"Edmund,Morris",Edmund,Morris,,,
"Olympio, Sylvanus",Sylvanus,Olympio,,,,"Olympio, Sylvans",Sylvans,Olympio,,,
Ibrahim Babangida,Ibrahim,Babangida,,,,Iubrahim Babangida,Iubrahim,Babangida,,,
"Diamoutene, Souleymane",Souleymane,Diamoutene,,,,"Deiamoutene, Souleymane",Souleymane,Deiamoutene,,,
Aberra Molla,Aberra,Molla,,,,Aberra  Molla,Aberra,Molla,,,
"Ugbusien, Moses",Moses,Ugbusien,,,,"Ugbusin, Moses",Moses,Ugbusin,,,
Sone Aluko,Sone,Aluko,,,,Sone Alubko,Sone,Alubko,,,
"Ha-Dani, Eldad",Eldad,Ha-Dani,,,,"a-Dani, Eldad",Eldad,a-Dani,,,
Moses Ashikodi,Moses,Ashikodi,,,,Moses  Ashikodi,Moses,Ashikodi,,,
"Martins, Obafemi",Obafemi,Martins,,,,"MartiDns, Obafemi",Obafemi,MartiDns,,,
Ronald Snapper,Ronald,Snapper,,,,Fonald Snapper,Fonald,Snapper,,,
"Kiptanui, Moses",Moses,Kiptanui,,,,"Kiptanui, Mos3s",Mos3s,Kiptanui,,,
Taytu Betul,Taytu,Betul,,,,Taytu Betu,Taytu,Betu,,,
"Oyinlola, Olagunsoye",Olagunsoye,Oyinlola,,,,"Oyinlla, Olagunsoye",Olagunsoye,Oyinlla,,,
Yobes Ondieki,Yobes,Ondieki,,,,Ybes Ondieki,Ybes,Ondieki,,,
"Uti, Sunday",Sunday,Uti,,,,"Uti,Sunday",Sunday,Uti,,,
Thomas Nimely,Thomas,Nimely,,,,Thmas Nimely,Thmas,Nimely,,,
"Afro, Teddy",Teddy,Afro,,,,"Afro,.Teddy",Teddy,Afro,,,
Sammy Korir,Sammy,Korir,,,,Samy Korir,Samy,Korir,,,
"Wek, Alek",Alek,Wek,,,,"Wek, FAlek",FAlek,Wek,,,
Kenyan British,Kenyan,British,,,,Kenyan  British,Kenyan,British,,,
"Metefara, Marcel",Marcel,Metefara,,,,"Metefara, Mfarcel",Mfarcel,Metefara,,,
Gerrie Snyman,Gerrie,Snyman,,,,GIrrie Snyman,GIrrie,Snyman,,,
"Ekpe, Simeon",Simeon,Ekpe,,,,"Ekpe, STimeon",STimeon,Ekpe,,,
Okoth Origi,Okoth,Origi,,,,Okoth.Origi,Okoth,Origi,,,
"Bizu, Sifrash",Sifrash,Bizu,,,,"Bizu, Sifrosh",Sifrosh,Bizu,,,
Tito Chingunji,Tito,Chingunji,,,,Tito Cbingunji,Tito,Cbingunji,,,
"Lacarne, Belaid",Belaid,Lacarne,,,,Lacarne. Belaid,Belaid,Lacarne,,,
Achilla Orru,Achilla,Orru,,,,Achilla  Orru,Achilla,Orru,,,
"Owu, George",George,Owu,,,,"Owu,, George",George,Owu,,,
Akintola Deko,Akintola,Deko,,,,Akintoa Deko,Akintoa,Deko,,,
"Kitamirike, Joel",Joel,Kitamirike,,,,Kitamirike  Joel,Joel,Kitamirike,,,
Salma Kikwete,Salma,Kikwete,,,,Salma Ki1kwete,Salma,Ki1kwete,,,
"Nwosu, Julius",Julius,Nwosu,,,,"Nwpsu, Julius",Julius,Nwpsu,,,
Alaixys Romao,Alaixys,Romao,,,,Alaixys.Romao,Alaixys,Romao,,,
"Yahia, Alaeddine",Alaeddine,Yahia,,,,"Yahia,.Alaeddine",Alaeddine,Yahia,,,
Osei Kofi Tutu I,Osei,Tutu,Kofi,,I,Osei Kofi utu I,Osei,utu,Kofi,,I
Mikel John OBI,Mikel,John,,,OBI,Mikel  John OBI,Mikel,John,,,OBI
Nana Osei Bonsu II,Nana,Bonsu,Osei,,II,Nana Osei Bonsu MII,Nana,Bonsu,Osei,,MII
Mass Sarr Jr,Mass,Sarr,,,Jr,NMass Sarr Jr,NMass,Sarr,,,Jr
William Drew Robeson I,William,Robeson,Drew,,I,William Drew RobesoYn I,William,RobesoYn,Drew,,I
Habib Bourguiba Jr.,Habib,Bourguiba,,,Jr,HabHib Bourguiba Jr.,HabHib,Bourguiba,,,Jr
Mari Djata II,Mari,Djata,,,II,Mqri Djata II,Mqri,Djata,,,II
