name,first,last,middle,title,suffix,name_noised,first_noised,last_noised,middle_noised,title_noised,suffix_noised
Fujiwara No Atsutada,Fujiwara,Atsutada,No,,,Fujiwara N Atsutada,Fujiwara,Atsutada,N,,
"Bali, Rai Umanath",Rai,Bali,Umanath,,,"Bali, Rai CUmanath",Rai,Bali,CUmanath,,
E A Smythies,E,Smythies,A,,,"E,A Smythies",E,Smythies,A,,
"Lan, Cheung Tak",Cheung,Lan,Tak,,,"Lqn, Cheung Tak",Cheung,Lqn,Tak,,
Mir Khasim Ali,Mir,Ali,Khasim,,,Mir KhasimAli,Mir,Ali,Khasim,,
"Joshi, B C",B,Joshi,C,,,"Joshi,  B C",B,Joshi,C,,
D R Bendre,D,Bendre,R,,,D R  Bendre,D,Bendre,R,,
"Sirohi, Giri Raj Singh",Giri,Sirohi,Raj Singh,,,"Siroh, Giri Raj Singh",Giri,Siroh,Raj Singh,,
George W Hunter,George,Hunter,W,,,George W Bunter,George,Bunter,W,,
"Nakafumi, Fujiwara No",Fujiwara,Nakafumi,No,,,"Nakafumi, Fujiwaea No",Fujiwaea,Nakafumi,No,,
J P Dutta,J,Dutta,P,,,JP Dutta,J,Dutta,P,,
"Ajnala, Rattan Singh",Rattan,Ajnala,Singh,,,"Ajnalva, Rattan Singh",Rattan,Ajnalva,Singh,,
Ghulam Ahmed Pervez,Ghulam,Pervez,Ahmed,,,Ghulam Ahmed  Pervez,Ghulam,Pervez,Ahmed,,
"Sharma, Som Nath",Som,Sharma,Nath,,,"Sharma, om Nath",om,Sharma,Nath,,
Fujiwara No Toshihito,Fujiwara,Toshihito,No,,,Fujiwar No Toshihito,Fujiwar,Toshihito,No,,
"Vacuum, Red Bacteria",Red,Vacuum,Bacteria,,,"Vacuum, Red 5acteria",Red,Vacuum,5acteria,,
Gurmit Singh Aulakh,Gurmit,Aulakh,Singh,,,"Gurmit S,ingh Aulakh",Gurmit,Aulakh,"S,ingh",,
"Ho, Chan Wai",Chan,Ho,Wai,,,"Ho,Chan Wai",Chan,Ho,Wai,,
S K Pottekkatt,S,Pottekkatt,K,,,S  K Pottekkatt,S,Pottekkatt,K,,
"Swee, Goh Keng",Goh,Swee,Keng,,,Swee  Goh Keng,Goh,Swee,Keng,,
Haing S Ngor,Haing,Ngor,S,,,Haing SNgor,Haing,Ngor,S,,
"Deora, Milind Murli",Milind,Deora,Murli,,,Deora Milind Murli,Milind,Deora,Murli,,
"Gupta, N C Sen",N,Gupta,C Sen,,,"Gupta,  N C Sen",N,Gupta,C Sen,,
Baldev Singh Dhillon,Baldev,Dhillon,Singh,,,BalWdev Singh Dhillon,BalWdev,Dhillon,Singh,,
"Tso, Yee Jee",Yee,Tso,Jee,,,"Tso, Yee Jed",Yee,Tso,Jed,,
John Alexander Low Waddell,John,Waddell,Alexander Low,,,John AleLander Low Waddell,John,Waddell,AleLander Low,,
"Khan, Azmi Maulana Obaidullah",Azmi,Khan,Maulana Obaidullah,,,"Khan, Azmi Maulanal Obaidullah",Azmi,Khan,Maulanal Obaidullah,,
Minamoto No Noriyori,Minamoto,Noriyori,No,,,Minamoto NUo Noriyori,Minamoto,Noriyori,NUo,,
"Yoshitsuna, Minamoto No",Minamoto,Yoshitsuna,No,,,"Yoshitsuna, MiPnamoto No",MiPnamoto,Yoshitsuna,No,,
Bhakti Vaibhava Puri Maharaj,Bhakti,Maharaj,Vaibhava Puri,,,Bhakti Vaibhava PuriMaharaj,Bhakti,Maharaj,Vaibhava Puri,,
"Nanavati, G T",G,Nanavati,T,,,"Nanavati,  G T",G,Nanavati,T,,
Lai Chee Ying,Lai,Ying,Chee,,,Lai Chee Ning,Lai,Ning,Chee,,
"Cheuk, Poon Yiu",Poon,Cheuk,Yiu,,,"Cheuk, Poon YAu",Poon,Cheuk,YAu,,
Taira No Noritsune,Taira,Noritsune,No,,,Taira  No Noritsune,Taira,Noritsune,No,,
"American, Punjabi Mexican",Punjabi,American,Mexican,,,"American, Punjabi exican",Punjabi,American,exican,,
Fujiwara No Nakamaro,Fujiwara,Nakamaro,No,,,Fu7jiwara No Nakamaro,Fu7jiwara,Nakamaro,No,,
"Kong, Wah Kau",Wah,Kong,Kau,,,"Kong,  Wah Kau",Wah,Kong,Kau,,
"Yoshinari, David Soria",David,Yoshinari,Soria,,,"Yoshinari, Davld Soria",Davld,Yoshinari,Soria,,
Amolak Rathan Kohli,Amolak,Kohli,Rathan,,,Amolak Rathan 5Kohli,Amolak,5Kohli,Rathan,,
"Jadeja, Ravindra Singh",Ravindra,Jadeja,Singh,,,"Jadeja, RUavindra Singh",RUavindra,Jadeja,Singh,,
P Paul Verma,P,Verma,Paul,,,P PaSul Verma,P,Verma,PaSul,,
"Thakur, Ram Singh",Ram,Thakur,Singh,,,"Thaur, Ram Singh",Ram,Thaur,Singh,,
Tonse Madhav Ananth Pai,Tonse,Pai,Madhav Ananth,,,Tons Madhav Ananth Pai,Tons,Pai,Madhav Ananth,,
"Jeong, Seo Hye",Seo,Jeong,Hye,,,"Jeong, Se9 Hye",Se9,Jeong,Hye,,
Abhinn Shyam Gupta,Abhinn,Gupta,Shyam,,,Abhinn Shtam Gupta,Abhinn,Gupta,Shtam,,
"Gill, Piara Singh",Piara,Gill,Singh,,,"Gill, Piara Sinvh",Piara,Gill,Sinvh,,
Ma Mon Luk,Ma,Luk,Mon,,,Ma Mon Lu,Ma,Lu,Mon,,
"Wan, Khaw Boon",Khaw,Wan,Boon,,,"Wa, Khaw Boon",Khaw,Wa,Boon,,
Kulwant Singh Pannu,Kulwant,Pannu,Singh,,,Kulwrant Singh Pannu,Kulwrant,Pannu,Singh,,
"Bokadia, K C",K,Bokadia,C,,,"Bokadia,  K C",K,Bokadia,C,,
Mohamed Ali Khan Walajan,Mohamed,Walajan,Ali Khan,,,Mohamed AliKhan Walajan,Mohamed,Walajan,Ali Khan,,
V R Naren Kumar,V,Kumar,R Naren,,,V R NarenKumar,V,Kumar,R Naren,,
"Fusasaki, Fujiwara No",Fujiwara,Fusasaki,No,,,"Fusasaki, Fumjiwara No",Fumjiwara,Fusasaki,No,,
Muzammil H Siddiqi,Muzammil,Siddiqi,H,,,Muzammil H SiddiUqi,Muzammil,SiddiUqi,H,,
Liu Kai Chi,Liu,Chi,Kai,,,Liu Ki Chi,Liu,Chi,Ki,,
"Kania, H J",H,Kania,J,,,"Kania,,H J",H,Kania,J,,
Premindra Singh Bhagat,Premindra,Bhagat,Singh,,,Premindr Singh Bhagat,Premindr,Bhagat,Singh,,
"Kanemichi, Fujiwara No",Fujiwara,Kanemichi,No,,,"Kanemichi, Fujiwaba No",Fujiwaba,Kanemichi,No,,
Oh Man Seok,Oh,Seok,Man,,,O Man Seok,O,Seok,Man,,
"Yadav, Karan Singh",Karan,Yadav,Singh,,,"Yadav, Ka4an Singh",Ka4an,Yadav,Singh,,
Kim Kwan Cheol,Kim,Cheol,Kwan,,,Kim Kwan CBeol,Kim,CBeol,Kwan,,
"Akimitsu, Fujiwara No",Fujiwara,Akimitsu,No,,,"Akimitsu, hujiwara No",hujiwara,Akimitsu,No,,
Satyendra Narayan Sinha,Satyendra,Sinha,Narayan,,,Satyendra  Narayan Sinha,Satyendra,Sinha,Narayan,,
"Chan, Ngeow Sze",Ngeow,Chan,Sze,,,"Cha, Ngeow Sze",Ngeow,Cha,Sze,,
Vishnu Sakharam Khandekar,Vishnu,Khandekar,Sakharam,,,Vihnu Sakharam Khandekar,Vihnu,Khandekar,Sakharam,,
"Suri, Sher Shah",Sher,Suri,Shah,,,"Suri, Sher ZShah",Sher,Suri,ZShah,,
Tsutsui Jomyo Meishu,Tsutsui,Meishu,Jomyo,,,Tsutsui  Jomyo Meishu,Tsutsui,Meishu,Jomyo,,
"Naiker, D K",D,Naiker,K,,,"Naiker,,D K",D,Naiker,K,,
Brij Lal Varma,Brij,Varma,Lal,,,Brii Lal Varma,Brii,Varma,Lal,,
"Urs, D Devaraj",D,Urs,Devaraj,,,"Ur, D Devaraj",D,Ur,Devaraj,,
Choi Soo Jong,Choi,Jong,Soo,,,ChoiSoo Jong,Choi,Jong,Soo,,
"Patel, H M",H,Patel,M,,,"Patel,  H M",H,Patel,M,,
V K Krishna Menon,V,Menon,K Krishna,,,V K Krishna 8Menon,V,8Menon,K Krishna,,
"Puri, K R",K,Puri,R,,,"Puri, K  R",K,Puri,R,,
"Sano, Roy I",Roy,Sano,I,,,"Sanl, Roy I",Roy,Sanl,I,,
Cathy Bao Bean,Cathy,Bean,Bao,,,Cathy ao Bean,Cathy,Bean,ao,,
Jong Won Park,Jong,Park,Won,,,JNong Won Park,JNong,Park,Won,,
Nirmal Jit Singh Sekhon,Nirmal,Sekhon,Jit Singh,,,Nirmal Jit Singh SRekhon,Nirmal,SRekhon,Jit Singh,,
"Yue, Wong Chun",Wong,Yue,Chun,,,"Ye, Wong Chun",Wong,Ye,Chun,,
Cheung Man Kwong,Cheung,Kwong,Man,,,Cheung Man Kong,Cheung,Kong,Man,,
"Basheer, Vaikom Muhammad",Vaikom,Basheer,Muhammad,,,"Bashee9, Vaikom Muhammad",Vaikom,Bashee9,Muhammad,,
J C Daniel,J,Daniel,C,,,J C.Daniel,J,Daniel,C,,
"Sang, Gaston Tong",Gaston,Sang,Tong,,,"Sang, Gavton Tong",Gavton,Sang,Tong,,
T N Kaul,T,Kaul,N,,,T.N Kaul,T,Kaul,N,,
"Yin, Chung Ho",Chung,Yin,Ho,,,Yin Chung Ho,Chung,Yin,Ho,,
Bhai Taru Singh,Bhai,Singh,Taru,,,"Bhai,Taru Singh",Bhai,Singh,Taru,,
"Rao, Akkineni Nageswara",Akkineni,Rao,Nageswara,,,"Rao,, Akkineni Nageswara",Akkineni,Rao,Nageswara,,
Qin Er Shi,Qin,Shi,Er,,,Qif Er Shi,Qif,Shi,Er,,
"Korenari, Fujiwara No",Fujiwara,Korenari,No,,,"Korenari, F0ujiwara No",F0ujiwara,Korenari,No,,
Muhammad Hidayat Ullah,Muhammad,Ullah,Hidayat,,,Mumhammad Hidayat Ullah,Mumhammad,Ullah,Hidayat,,
"Baba, Sant Gadge",Sant,Baba,Gadge,,,"Babz, Sant Gadge",Sant,Babz,Gadge,,
Mani Damodara Chakyar,Mani,Chakyar,Damodara,,,Mlani Damodara Chakyar,Mlani,Chakyar,Damodara,,
"Singh, Bhai Taru",Bhai,Singh,Taru,,,"Singh, Bha Taru",Bha,Singh,Taru,,
R V Raveendran,R,Raveendran,V,,,R V Raveendr9an,R,Raveendr9an,V,,
"Ki, Chan Siu",Chan,Ki,Siu,,,"Ki, Chan Si",Chan,Ki,Si,,
"Chuen, Tsang Lap",Tsang,Chuen,Lap,,,"Chupen, Tsang Lap",Tsang,Chupen,Lap,,
Girdhari Lal Bhargava,Girdhari,Bhargava,Lal,,,"Girdhari Lal,Bhargava",Girdhari,Bhargava,Lal,,
"Eng, Yeap Cheng",Yeap,Eng,Cheng,,,"Eng,, Yeap Cheng",Yeap,Eng,Cheng,,
Pan Yin Tze,Pan,Tze,Yin,,,Pan in Tze,Pan,Tze,in,,
"Koretada, Fujiwara No",Fujiwara,Koretada,No,,,"Koretada, Fujiwara NEo",Fujiwara,Koretada,NEo,,
Kenji Kosaka,Kenji,Kosaka,,,,Kehji Kosaka,Kehji,Kosaka,,,
"Suda, Issei",Issei,Suda,,,,"Suda,.Issei",Issei,Suda,,,
Ji Mingyi,Ji,Mingyi,,,,JiMingyi,Ji,Mingyi,,,
"Daqian, Zhang",Zhang,Daqian,,,,"Daqian, Znang",Znang,Daqian,,,
Hu Jinguang,Hu,Jinguang,,,,H Jinguang,H,Jinguang,,,
"Agnihotri, Bharat",Bharat,Agnihotri,,,,"Agnihotri,Bharat",Bharat,Agnihotri,,,
Frederic Thesiger,Frederic,Thesiger,,,,Frederic Thlsiger,Frederic,Thlsiger,,,
"Yunhe, Pan",Pan,Yunhe,,,,"Yunhe, Pax",Pax,Yunhe,,,
Gengshi Han,Gengshi,Han,,,,Gen2shi Han,Gen2shi,Han,,,
"Amritraj, Vijay",Vijay,Amritraj,,,,Amritraj Vijay,Vijay,Amritraj,,,
Satoru Iwata,Satoru,Iwata,,,,Satoru Iata,Satoru,Iata,,,
"Umino, Chica",Chica,Umino,,,,Umino Chica,Chica,Umino,,,
Song Zheyuan,Song,Zheyuan,,,,SongZheyuan,Song,Zheyuan,,,
"Rana, Jadi",Jadi,Rana,,,,Rana. Jadi,Jadi,Rana,,,
Motohisa Furukawa,Motohisa,Furukawa,,,,Motohisa FurMukawa,Motohisa,FurMukawa,,,
"Tang, Ai",Ai,Tang,,,,"Tan, Ai",Ai,Tan,,,
Takashi Ishizeki,Takashi,Ishizeki,,,,Takashi Ishizfeki,Takashi,Ishizfeki,,,
"Seigen, Go",Go,Seigen,,,,"Seigen, G",G,Seigen,,,
Dinshah Irani,Dinshah,Irani,,,,Dinshah Irasni,Dinshah,Irasni,,,
"Mochizuki, Masaaki",Masaaki,Mochizuki,,,,"Mochizuki, Masaki",Masaki,Mochizuki,,,
Jal Cooper,Jal,Cooper,,,,Jal Coope,Jal,Coope,,,
"Masuda, Keiko",Keiko,Masuda,,,,"Masuda,Keiko",Keiko,Masuda,,,
Tsutomu Takebe,Tsutomu,Takebe,,,,Tsutomu  Takebe,Tsutomu,Takebe,,,
"Vora, Motilal",Motilal,Vora,,,,"Vora,,Motilal",Motilal,Vora,,,
Cang Xin,Cang,Xin,,,,Cang 0Xin,Cang,0Xin,,,
"Kowashi, Inoue",Inoue,Kowashi,,,,"Kowahi, Inoue",Inoue,Kowahi,,,
Nobuyoshi Kuwano,Nobuyoshi,Kuwano,,,,Nobuyosh Kuwano,Nobuyosh,Kuwano,,,
"Morishima, Takeshi",Takeshi,Morishima,,,,Morishima Takeshi,Takeshi,Morishima,,,
Kansei Nakano,Kansei,Nakano,,,,Kanzei Nakano,Kanzei,Nakano,,,
Eiji Iwamoto,Eiji,Iwamoto,,,,UEiji Iwamoto,UEiji,Iwamoto,,,
"Srivastav, Raju",Raju,Srivastav,,,,"Srivastav,, Raju",Raju,Srivastav,,,
Sukumar Ray,Sukumar,Ray,,,,Sukumar Ra8y,Sukumar,Ra8y,,,
"Mupnar, Perumal",Perumal,Mupnar,,,,Mupnar  Perumal,Perumal,Mupnar,,,
Lai Heng,Lai,Heng,,,,Lai Yeng,Lai,Yeng,,,
"Baskaran, Sathasivam",Sathasivam,Baskaran,,,,"aBaskaran, Sathasivam",Sathasivam,aBaskaran,,,
Takashi Otsuka,Takashi,Otsuka,,,,2akashi Otsuka,2akashi,Otsuka,,,
"Yucheng, Wang",Wang,Yucheng,,,,"ucheng, Wang",Wang,ucheng,,,
Chen Jieru,Chen,Jieru,,,,Chen JiUeru,Chen,JiUeru,,,
"Tingfang, Bie",Bie,Tingfang,,,,"TingfanKg, Bie",Bie,TingfanKg,,,
Cheng Yi,Cheng,Yi,,,,ChengYi,Cheng,Yi,,,
"Zhuo, Dong",Dong,Zhuo,,,,"Zhuo,,Dong",Dong,Zhuo,,,
Honda Tadamasa,Honda,Tadamasa,,,,Honda Tadamasa,Honda,Tadamasa,,,
"Chikafusa, Kitabatake",Kitabatake,Chikafusa,,,,"Chikafusa, Kitaatake",Kitaatake,Chikafusa,,,
Janardhana Poojary,Janardhana,Poojary,,,,Janfardhana Poojary,Janfardhana,Poojary,,,
"Taniguchi, Tomoko",Tomoko,Taniguchi,,,,"Faniguchi, Tomoko",Tomoko,Faniguchi,,,
Tiruppur Kumaran,Tiruppur,Kumaran,,,,Tiruppur  Kumaran,Tiruppur,Kumaran,,,
"Weifeng, Li",Li,Weifeng,,,,"Weifeng, LVi",LVi,Weifeng,,,
Gao Qipei,Gao,Qipei,,,,Gao.Qipei,Gao,Qipei,,,
"Takamachi, Nanoha",Nanoha,Takamachi,,,,"Takamachi,, Nanoha",Nanoha,Takamachi,,,
Hirohiko Araki,Hirohiko,Araki,,,,Hirohko Araki,Hirohko,Araki,,,
Ieng Sary,Ieng,Sary,,,,Iens Sary,Iens,Sary,,,
"Honda, Hirotoshi",Hirotoshi,Honda,,,,"Honda,Hirotoshi",Hirotoshi,Honda,,,
Yang Guozhong,Yang,Guozhong,,,,Yang Guozhohg,Yang,Guozhohg,,,
"Adhikari, Hemu",Hemu,Adhikari,,,,"Adhikari, Hem",Hem,Adhikari,,,
Chino Moreno,Chino,Moreno,,,,hino Moreno,hino,Moreno,,,
"Kobayashi, Tomoki",Tomoki,Kobayashi,,,,"Kobayashi,.Tomoki",Tomoki,Kobayashi,,,
Ramo Nakajima,Ramo,Nakajima,,,,Ramo  Nakajima,Ramo,Nakajima,,,
"Ito, Tatsuya",Tatsuya,Ito,,,,"Uto, Tatsuya",Tatsuya,Uto,,,
Nana Patekar,Nana,Patekar,,,,Nana  Patekar,Nana,Patekar,,,
"Sadamasa, Okudaira",Okudaira,Sadamasa,,,,"Sadamasa, OkudaQra",OkudaQra,Sadamasa,,,
Elijah Impey,Elijah,Impey,,,,Elijwh Impey,Elijwh,Impey,,,
"Singh, Bijendra",Bijendra,Singh,,,,"Singh, BTjendra",BTjendra,Singh,,,
Tadao Ando,Tadao,Ando,,,,TadaoAndo,Tadao,Ando,,,
"Lim, Hyun",Hyun,Lim,,,,"Lim, Hyub",Hyub,Lim,,,
Weichang Chien,Weichang,Chien,,,,Weidhang Chien,Weidhang,Chien,,,
"Peshwe, Moropant",Moropant,Peshwe,,,,"Yeshwe, Moropant",Moropant,Yeshwe,,,
Kumar Navaratnam,Kumar,Navaratnam,,,,Kuma Navaratnam,Kuma,Navaratnam,,,
"Saluja, Renu",Renu,Saluja,,,,"Saluja, Fenu",Fenu,Saluja,,,
Jayarama Reddy,Jayarama,Reddy,,,,ayarama Reddy,ayarama,Reddy,,,
"Guan, Tong",Tong,Guan,,,,"Guan,, Tong",Tong,Guan,,,
Remi Kaler,Remi,Kaler,,,,RemiKaler,Remi,Kaler,,,
"Shoujing, Guo",Guo,Shoujing,,,,"Shoujing,, Guo",Guo,Shoujing,,,
Dodda Ganesh,Dodda,Ganesh,,,,Ddda Ganesh,Ddda,Ganesh,,,
"Ranatunga, Nishantha",Nishantha,Ranatunga,,,,"Rasatunga, Nishantha",Nishantha,Rasatunga,,,
Yutaka Higuchi,Yutaka,Higuchi,,,,PYutaka Higuchi,PYutaka,Higuchi,,,
"Tsai, Rick",Rick,Tsai,,,,"Tsai, 6Rick",6Rick,Tsai,,,
Pohl Trial,Pohl,Trial,,,,Pohl  rial,Pohl, rial,,,
"Junjiro, Takakusu",Takakusu,Junjiro,,,,Junjiro. Takakusu,Takakusu,Junjiro,,,
Yang Bo,Yang,Bo,,,,Yang  Bo,Yang,Bo,,,
"Xizhi, Wang",Wang,Xizhi,,,,Xizhi Wang,Wang,Xizhi,,,
Shiv Chopra,Shiv,Chopra,,,,Shiv Cho4pra,Shiv,Cho4pra,,,
"Kakichi, Uchida",Uchida,Kakichi,,,,"Kakichi,, Uchida",Uchida,Kakichi,,,
Zhong Ding,Zhong,Ding,,,,Zhong UDing,Zhong,UDing,,,
"Watanabe, Tomoyoshi",Tomoyoshi,Watanabe,,,,"Watanabe, Tmoyoshi",Tmoyoshi,Watanabe,,,
Mussarat Abbas,Mussarat,Abbas,,,,Mussarat Abbqas,Mussarat,Abbqas,,,
"Ganguly, Sourav",Sourav,Ganguly,,,,"Ganguly,Sourav",Sourav,Ganguly,,,
Shivappa Nayaka,Shivappa,Nayaka,,,,Shivappa Naaka,Shivappa,Naaka,,,
"Devi, Leela",Leela,Devi,,,,"Devi, Leelaa",Leelaa,Devi,,,
Pang Jiaying,Pang,Jiaying,,,,Png Jiaying,Png,Jiaying,,,
"Tadashige, Takatoriki",Takatoriki,Tadashige,,,,"Tadashige, Takatorik",Takatorik,Tadashige,,,
Shinji Wada,Shinji,Wada,,,,Shinj Wada,Shinj,Wada,,,
"Singh, Gurnam",Gurnam,Singh,,,,"Sjingh, Gurnam",Gurnam,Sjingh,,,
Takashi Inui,Takashi,Inui,,,,Takshi Inui,Takshi,Inui,,,
"Kurihara, Harumi",Harumi,Kurihara,,,,"Kurihlra, Harumi",Harumi,Kurihlra,,,
Bobby Deol,Bobby,Deol,,,,Bobby eol,Bobby,eol,,,
"Gongyao, Zhang",Zhang,Gongyao,,,,"GongyaBo, Zhang",Zhang,GongyaBo,,,
"Nair, Damodran",Damodran,Nair,,,,"Nai, Damodran",Damodran,Nai,,,
Liu Chuyu,Liu,Chuyu,,,,Lu Chuyu,Lu,Chuyu,,,
"Dighe, Sameer",Sameer,Dighe,,,,"zDighe, Sameer",Sameer,zDighe,,,
Micheal Nakamura,Micheal,Nakamura,,,,Micheal Nakaaura,Micheal,Nakaaura,,,
"Spector, Dave",Dave,Spector,,,,Spector Dave,Dave,Spector,,,
Rajshree Pathy,Rajshree,Pathy,,,,Rajsheee Pathy,Rajsheee,Pathy,,,
"Yumemakura, Baku",Baku,Yumemakura,,,,"Yumemakura, Bsku",Bsku,Yumemakura,,,
Amit Shah,Amit,Shah,,,,Amit  Shah,Amit,Shah,,,
"Du Rowa, Gateau",Gateau,Du Rowa,,,,"Du Rowa, Gwteau",Gwteau,Du Rowa,,,
Matilal Sarkar,Matilal,Sarkar,,,,Matilal Sark3ar,Matilal,Sark3ar,,,
"Usagi, Miyamoto",Miyamoto,Usagi,,,,"UsagRi, Miyamoto",Miyamoto,UsagRi,,,
Gong Lijiao,Gong,Lijiao,,,,Gozng Lijiao,Gozng,Lijiao,,,
"Pandit, Ramai",Ramai,Pandit,,,,"Panqit, Ramai",Ramai,Panqit,,,
Raj Narain,Raj,Narain,,,,Ran Narain,Ran,Narain,,,
"Kondo, Koji",Koji,Kondo,,,,"KJondo, Koji",Koji,KJondo,,,
Reema Sen,Reema,Sen,,,,Reema.Sen,Reema,Sen,,,
"Naoyori, Shinjo",Shinjo,Naoyori,,,,"Naoyori, Shino",Shino,Naoyori,,,
Ma Zhong,Ma,Zhong,,,,M Zhong,M,Zhong,,,
"Panchbhai, Bhau",Bhau,Panchbhai,,,,Panchbhai. Bhau,Bhau,Panchbhai,,,
Sun Xiu,Sun,Xiu,,,,Sun iu,Sun,iu,,,
"Guangyi, Wang",Wang,Guangyi,,,,"Guwngyi, Wang",Wang,Guwngyi,,,
Keel Lorentz,Keel,Lorentz,,,,Keel Lorenz,Keel,Lorenz,,,
"Hong, Gene",Gene,Hong,,,,"Hong,  Gene",Gene,Hong,,,
Hughes Eng,Hughes,Eng,,,,"Hughes,Eng",Hughes,Eng,,,
"Tong, Zhou",Zhou,Tong,,,,"Tong, Zuou",Zuou,Tong,,,
Nainendra Nand,Nainendra,Nand,,,,Jainendra Nand,Jainendra,Nand,,,
"Fzono, Aqi",Aqi,Fzono,,,,"Fzzono, Aqi",Aqi,Fzzono,,,
Black Box,Black,Box,,,,Black  Box,Black,Box,,,
"Nijimura, Okuyasu",Okuyasu,Nijimura,,,,"Nijimur, Okuyasu",Okuyasu,Nijimur,,,
Minako Seki,Minako,Seki,,,,Minak0o Seki,Minak0o,Seki,,,
"Ji, Liang",Liang,Ji,,,,"Ji,  Liang",Liang,Ji,,,
Ashikaga Tadayoshi,Ashikaga,Tadayoshi,,,,"Ashikaga,Tadayoshi",Ashikaga,Tadayoshi,,,
"Nagayasu, Hirano",Hirano,Nagayasu,,,,"Nagayacsu, Hirano",Hirano,Nagayacsu,,,
Prem Kumar,Prem,Kumar,,,,Prem humar,Prem,humar,,,
"Takai, Miho",Miho,Takai,,,,"Takai, Mi0ho",Mi0ho,Takai,,,
Yukimasa Obi,Yukimasa,Obi,,,,Yukimaa Obi,Yukimaa,Obi,,,
"Kawasaki, Audrey",Audrey,Kawasaki,,,,"KYwasaki, Audrey",Audrey,KYwasaki,,,
Qin Lang,Qin,Lang,,,,Qin Lavg,Qin,Lavg,,,
"Moritomo, Saegusa",Saegusa,Moritomo,,,,"Moyitomo, Saegusa",Saegusa,Moyitomo,,,
Mir Qasim,Mir,Qasim,,,,MirQasim,Mir,Qasim,,,
"Tulsi, Acharya",Acharya,Tulsi,,,,"Tulsi, Achar5a",Achar5a,Tulsi,,,
Arvind Dave,Arvind,Dave,,,,"Arvind D,ve",Arvind,"D,ve",,,
"Ma, Lao",Lao,Ma,,,,"Ms, Lao",Lao,Ms,,,
Telugu Talli,Telugu,Talli,,,,Teluu Talli,Teluu,Talli,,,
"Jun, Shiraoka",Shiraoka,Jun,,,,"Ju, Shiraoka",Shiraoka,Ju,,,
Madhu Koda,Madhu,Koda,,,,Madhu KoPda,Madhu,KoPda,,,
"Watanabe, Yoshimi",Yoshimi,Watanabe,,,,"Watanabe,  Yoshimi",Yoshimi,Watanabe,,,
Lok Yiu,Lok,Yiu,,,,Lo Yiu,Lo,Yiu,,,
"Zan, Ni",Ni,Zan,,,,Zan Ni,Ni,Zan,,,
Mangesh Panchal,Mangesh,Panchal,,,,MangeUh Panchal,MangeUh,Panchal,,,
"Kadphises, Kujula",Kujula,Kadphises,,,,"Kadphises, Kujul1a",Kujul1a,Kadphises,,,
Lin Ying,Lin,Ying,,,,Lin ing,Lin,ing,,,
"Kanvinde, Achyut",Achyut,Kanvinde,,,,"Kanvindqe, Achyut",Achyut,Kanvindqe,,,
Karam Singh,Karam,Singh,,,,Kaam Singh,Kaam,Singh,,,
"Hui, Shi",Shi,Hui,,,,"H7i, Shi",Shi,H7i,,,
Xiao Yanling,Xiao,Yanling,,,,Xiaq Yanling,Xiaq,Yanling,,,
"Saburo, Mutsumi",Mutsumi,Saburo,,,,"Saburo, Mutaumi",Mutaumi,Saburo,,,
Sri Nagesh,Sri,Nagesh,,,,Sri Nagsh,Sri,Nagsh,,,
"Zhaoying, Ye",Ye,Zhaoying,,,,"Zhaoying,.Ye",Ye,Zhaoying,,,
Eiichiro Washio,Eiichiro,Washio,,,,Eiichiro  Washio,Eiichiro,Washio,,,
"Onuki, Keiko",Keiko,Onuki,,,,"OnuVi, Keiko",Keiko,OnuVi,,,
Rajendra Chola III,Rajendra,Chola,,,III,"Rajendra,Chola III",Rajendra,Chola,,,III
Krishna Raja Wadiyar IV,Krishna,Wadiyar,Raja,,IV,Krishna Raja Wadiyar UV,Krishna,Wadiyar,Raja,,UV
Kulothunga Chola I,Kulothunga,Chola,,,I,KulothungaChola I,Kulothunga,Chola,,,I
Shah Jahan III,Shah,Jahan,,,III,Shah Kahan III,Shah,Kahan,,,III
Maharaja Sayajirao Gaekwad III,Maharaja,Gaekwad,Sayajirao,,III,rMaharaja Sayajirao Gaekwad III,rMaharaja,Gaekwad,Sayajirao,,III
Veera Ballala I,Veera,Ballala,,,I,Veera Ballaa I,Veera,Ballaa,,,I
Wakanohana Kanji II,Wakanohana,Kanji,,,II,akanohana Kanji II,akanohana,Kanji,,,II
Virupaksha Raya II,Virupaksha,Raya,,,II,Virupaksha Rfaya II,Virupaksha,Rfaya,,,II
Mihira Bhoja I,Mihira,Bhoja,,,I,Mihira  Bhoja I,Mihira,Bhoja,,,I
Rajendra Choda II,Rajendra,Choda,,,II,Rajrndra Choda II,Rajrndra,Choda,,,II
Bukka Raya II,Bukka,Raya,,,II,Gukka Raya II,Gukka,Raya,,,II
Rajendra Chola II,Rajendra,Chola,,,II,Rajendra Chola aII,Rajendra,Chola,,,aII
Narasaraja Wodeyar II,Narasaraja,Wodeyar,,,II,Narasaraja Wodeyar I,Narasaraja,Wodeyar,,,I
Parantaka Chola II,Parantaka,Chola,,,II,Parantaka Chola VI,Parantaka,Chola,,,VI
Balbir Singh Sr.,Balbir,Singh,,,Sr,Balbir SingKh Sr.,Balbir,SingKh,,,Sr
Raja Raja Chola I,Raja,Chola,Raja,,I,Raja Raja CShola I,Raja,CShola,Raja,,I
