name,first,last,middle,title,suffix,name_noised,first_noised,last_noised,middle_noised,title_noised,suffix_noised
George Rostrevor Hamilton,George,Hamilton,Rostrevor,,,George RostrevorHamilton,George,Hamilton,Rostrevor,,
"Thompson, Caroline H",Caroline,Thompson,H,,,"Thompson, Caroltine H",Caroltine,Thompson,H,,
E M Grace,E,Grace,M,,,E M GRace,E,GRace,M,,
"Lethbridge, Thomas Charles",Thomas,Lethbridge,Charles,,,"Lethbridge, ThomasCharles",Thomas,Lethbridge,Charles,,
Joseph Lowthian Hudson,Joseph,Hudson,Lowthian,,,Joseph Lowthian Hudon,Joseph,Hudon,Lowthian,,
"Barnes, Henry Edwin",Henry,Barnes,Edwin,,,"Bbarnes, Henry Edwin",Henry,Bbarnes,Edwin,,
Michael L Williams,Michael,Williams,L,,,Michael L illiams,Michael,illiams,L,,
"Westwood, John Obadiah",John,Westwood,Obadiah,,,"Westwood, Johj Obadiah",Johj,Westwood,Obadiah,,
Edward William Vernon Harcourt,Edward,Harcourt,William Vernon,,,Edward Williamq Vernon Harcourt,Edward,Harcourt,Williamq Vernon,,
"Ashton, Thomas Gair",Thomas,Ashton,Gair,,,"Ashton,, Thomas Gair",Thomas,Ashton,Gair,,
Harry Marshall Ward,Harry,Ward,Marshall,,,HarryMarshall Ward,Harry,Ward,Marshall,,
"Ewing, Juliana Horatia",Juliana,Ewing,Horatia,,,"Ewing, Juliana HoratiWa",Juliana,Ewing,HoratiWa,,
John Cunningham Saunders,John,Saunders,Cunningham,,,John CunninghAm Saunders,John,Saunders,CunninghAm,,
"Cook, Paul Anthony",Paul,Cook,Anthony,,,"Cook, Paul An5hony",Paul,Cook,An5hony,,
Edward Henry Trotter,Edward,Trotter,Henry,,,Edyward Henry Trotter,Edyward,Trotter,Henry,,
"Bush, Stephen J",Stephen,Bush,J,,,"Bush, StepheM J",StepheM,Bush,J,,
Henry William Bunbury,Henry,Bunbury,William,,,Henry William BunbGury,Henry,BunbGury,William,,
"Acton, Charles Januarius",Charles,Acton,Januarius,,,"bActon, Charles Januarius",Charles,bActon,Januarius,,
Frederic Arthur Kelley,Frederic,Kelley,Arthur,,,Frederic Arthur Keley,Frederic,Keley,Arthur,,
"Montagu, Edwin Samuel",Edwin,Montagu,Samuel,,,Montagu Edwin Samuel,Edwin,Montagu,Samuel,,
Michael E Pegram,Michael,Pegram,E,,,Michael E Pegr7m,Michael,Pegr7m,E,,
"Waterhouse, John William",John,Waterhouse,William,,,"Waterhouse,.John William",John,Waterhouse,William,,
G D'Arcy Boulton,G,Boulton,D'Arcy,,,"G D'Arcy,Boulton",G,Boulton,D'Arcy,,
"Fox-Davies, Arthur Charles",Arthur,Fox-Davies,Charles,,,"Fox-Davies, Arthur Zharles",Arthur,Fox-Davies,Zharles,,
John Henry Jones,John,Jones,Henry,,,John enry Jones,John,Jones,enry,,
"Webb, George James",George,Webb,James,,,Webb. George James,George,Webb,James,,
Louis L Redding,Louis,Redding,L,,,LouisL Redding,Louis,Redding,L,,
"Davies, Hugh Sykes",Hugh,Davies,Sykes,,,"Davies, Hugh SyKes",Hugh,Davies,SyKes,,
John Wallace Linton,John,Linton,Wallace,,,John Wallce Linton,John,Linton,Wallce,,
"Walter, Alan Fitz",Alan,Walter,Fitz,,,"Walter,.Alan Fitz",Alan,Walter,Fitz,,
James B Francis,James,Francis,B,,,James  B Francis,James,Francis,B,,
"Hudson, Robert William",Robert,Hudson,William,,,"Hudson,Robert William",Robert,Hudson,William,,
Kenneth Hamilton Jenkin,Kenneth,Jenkin,Hamilton,,,Kenneth Hamilton Jenin,Kenneth,Jenin,Hamilton,,
"Conway, John S",John,Conway,S,,,"Cnway, John S",John,Cnway,S,,
John Basson Humffray,John,Humffray,Basson,,,Jon Basson Humffray,Jon,Humffray,Basson,,
"Croker, John Wilson",John,Croker,Wilson,,,Croker John Wilson,John,Croker,Wilson,,
"Centre, Carrubbers Christian",Carrubbers,Centre,Christian,,,"Centre, Carrubbers hristian",Carrubbers,Centre,hristian,,
Innes Harold Stranger,Innes,Stranger,Harold,,,Innes.Harold Stranger,Innes,Stranger,Harold,,
"Gosset, William Sealy",William,Gosset,Sealy,,,"Gosset, Willim Sealy",Willim,Gosset,Sealy,,
Charlotte Mary Yonge,Charlotte,Yonge,Mary,,,Charlotte Mary Ynge,Charlotte,Ynge,Mary,,
"Strong, Samuel Henry",Samuel,Strong,Henry,,,"StrPong, Samuel Henry",Samuel,StrPong,Henry,,
"Hills, Richard L",Richard,Hills,L,,,"Hills, Richad L",Richad,Hills,L,,
David Alfred Thomas,David,Thomas,Alfred,,,David Alfred Thomaw,David,Thomaw,Alfred,,
"Englander, A A",A,Englander,A,,,"Englander, AA",A,Englander,A,,
Cha Cha Cohen,Cha,Cohen,Cha,,,Cha Cha Cohsen,Cha,Cohsen,Cha,,
"Greenhill, Alfred George",Alfred,Greenhill,George,,,"Grenhill, Alfred George",Alfred,Grenhill,George,,
Ben T Russell,Ben,Russell,T,,,Ben T Russekll,Ben,Russekll,T,,
"Handley, Wal L",Wal,Handley,L,,,"HandBey, Wal L",Wal,HandBey,L,,
Sheilah Graham Westbrook,Sheilah,Westbrook,Graham,,,Sheilah GQaham Westbrook,Sheilah,Westbrook,GQaham,,
"Santmyer, Helen Hooven",Helen,Santmyer,Hooven,,,"Santmyer, Hlen Hooven",Hlen,Santmyer,Hooven,,
John E Owens,John,Owens,E,,,Joh E Owens,Joh,Owens,E,,
"Tennant, Edward Wyndham",Edward,Tennant,Wyndham,,,"Tenn4ant, Edward Wyndham",Edward,Tenn4ant,Wyndham,,
B V Bowden,B,Bowden,V,,,B V Bwden,B,Bwden,V,,
"Seymour, Edward Hobart",Edward,Seymour,Hobart,,,"Seymour, Eward Hobart",Eward,Seymour,Hobart,,
Arthur Shearly Cripps,Arthur,Cripps,Shearly,,,Arthur Sharly Cripps,Arthur,Cripps,Sharly,,
"Bronson, James H",James,Bronson,H,,,"Bronson,James H",James,Bronson,H,,
Little Jack Little,Little,Little,Jack,,,Little.Jack Little,Little,Little,Jack,,
"Ieuaf, Hywel Ap",Hywel,Ieuaf,Ap,,,"Ieuaf, HywelAp",Hywel,Ieuaf,Ap,,
Ernest Henry Shears,Ernest,Shears,Henry,,,Ernest Henry She4ars,Ernest,She4ars,Henry,,
"Tuke, James Hack",James,Tuke,Hack,,,"Tuke, JamesHack",James,Tuke,Hack,,
George Edward Cates,George,Cates,Edward,,,George Eward Cates,George,Cates,Eward,,
"Nation, Carrie A",Carrie,Nation,A,,,"gNation, Carrie A",Carrie,gNation,A,,
Roy Ward Baker,Roy,Baker,Ward,,,RoY Ward Baker,RoY,Baker,Ward,,
"Taylor, John Mark",John,Taylor,Mark,,,"Taylor, Joh Mark",Joh,Taylor,Mark,,
James Henry Monk,James,Monk,Henry,,,JamesHenry Monk,James,Monk,Henry,,
"Brewer, Ebenezer Cobham",Ebenezer,Brewer,Cobham,,,"Brewer, Ebrnezer Cobham",Ebrnezer,Brewer,Cobham,,
J Bruce Ismay,J,Ismay,Bruce,,,J BruceIsmay,J,Ismay,Bruce,,
"Ford, Brian J",Brian,Ford,J,,,"For, Brian J",Brian,For,J,,
Charles Hesterman Merz,Charles,Merz,Hesterman,,,"Charles Hesterman,Merz",Charles,Merz,Hesterman,,
Anthony Clarke Booth,Anthony,Booth,Clarke,,,Anthony Clarvke Booth,Anthony,Booth,Clarvke,,
"Studios, Little Tardis",Little,Studios,Tardis,,,"Studios, Little TarLdis",Little,Studios,TarLdis,,
John Cooper Forster,John,Forster,Cooper,,,"John Cooper,Forster",John,Forster,Cooper,,
"Williams, Thomas H",Thomas,Williams,H,,,"Williams, Thomas,H",Thomas,Williams,H,,
James Clark Mcreynolds,James,Mcreynolds,Clark,,,Kames Clark Mcreynolds,Kames,Mcreynolds,Clark,,
"Annan, Daniel Francis",Daniel,Annan,Francis,,,"Annan, Daniel Fr2ncis",Daniel,Annan,Fr2ncis,,
George H Bryan,George,Bryan,H,,,George H  Bryan,George,Bryan,H,,
"Fuller, Meta Vaux Warrick",Meta,Fuller,Vaux Warrick,,,"Fuller, Meta VauxWarrick",Meta,Fuller,Vaux Warrick,,
"Wigington, Clarence W",Clarence,Wigington,W,,,"Wigington,, Clarence W",Clarence,Wigington,W,,
William Howe Delancey,William,Delancey,Howe,,,Wilaliam Howe Delancey,Wilaliam,Delancey,Howe,,
"Shahbazi, Alireza Shapour",Alireza,Shahbazi,Shapour,,,"GShahbazi, Alireza Shapour",Alireza,GShahbazi,Shapour,,
"Rogers, George Herbert",George,Rogers,Herbert,,,"Rogers, George Herber",George,Rogers,Herber,,
William F Woodington,William,Woodington,F,,,"William F,Woodington",William,Woodington,F,,
"Massey, William Nathaniel",William,Massey,Nathaniel,,,"Madsey, William Nathaniel",William,Madsey,Nathaniel,,
William Crawford Williamson,William,Williamson,Crawford,,,WillYam Crawford Williamson,WillYam,Williamson,Crawford,,
"Workman, Charles H",Charles,Workman,H,,,"Workman, Charales H",Charales,Workman,H,,
Charles William Bowerman,Charles,Bowerman,William,,,Charles William Boweran,Charles,Boweran,William,,
"Stokes, Henry Sewell",Henry,Stokes,Sewell,,,"Stokes, aenry Sewell",aenry,Stokes,Sewell,,
Habib Nasib Nader,Habib,Nader,Nasib,,,Habib Nasib Nadedr,Habib,Nadedr,Nasib,,
"Esmond, Henry V",Henry,Esmond,V,,,"EsmoFnd, Henry V",Henry,EsmoFnd,V,,
Thomas Walter Jennings,Thomas,Jennings,Walter,,,Thomas  Walter Jennings,Thomas,Jennings,Walter,,
"Dunning, Charles Avery",Charles,Dunning,Avery,,,"Dunn ng, Charles Avery",Charles,Dunn ng,Avery,,
Emrys Ap Iwan,Emrys,Iwan,Ap,,,Emrys sp Iwan,Emrys,Iwan,sp,,
"Saunders, William Wilson",William,Saunders,Wilson,,,"Saunders, Eilliam Wilson",Eilliam,Saunders,Wilson,,
"Gill, Parmjit Singh",Parmjit,Gill,Singh,,,"Gill, Parmjit Sihgh",Parmjit,Gill,Sihgh,,
C H Douglas,C,Douglas,H,,,C  H Douglas,C,Douglas,H,,
"Gwylog, Elisedd Ap",Elisedd,Gwylog,Ap,,,"Gwylog, Elisedd Ad",Elisedd,Gwylog,Ad,,
William Gifford Palgrave,William,Palgrave,Gifford,,,WilliamGifford Palgrave,William,Palgrave,Gifford,,
"Oglesby, Richard James",Richard,Oglesby,James,,,"Oglesby, Richard  James",Richard,Oglesby,James,,
Bryan R Wilson,Bryan,Wilson,R,,,Wryan R Wilson,Wryan,Wilson,R,,
"Stoner, Edmund Clifton",Edmund,Stoner,Clifton,,,"Stoner, EdmundClifton",Edmund,Stoner,Clifton,,
Elizabeth Jennings Graham,Elizabeth,Graham,Jennings,,,ElizabethJennings Graham,Elizabeth,Graham,Jennings,,
"Simms, George Otto",George,Simms,Otto,,,"Simms, George ,Otto",George,Simms,",Otto",,
Moses A Hopkins,Moses,Hopkins,A,,,Moses A Hpkins,Moses,Hpkins,A,,
"Pillay, Gerald J",Gerald,Pillay,J,,,"Pillay,, Gerald J",Gerald,Pillay,J,,
Freddy Shepherd,Freddy,Shepherd,,,,Fredy Shepherd,Fredy,Shepherd,,,
"Blumenthal, Heston",Heston,Blumenthal,,,,"uBlumenthal, Heston",Heston,uBlumenthal,,,
Keith Shine,Keith,Shine,,,,Keith Sine,Keith,Sine,,,
"Lamont, John",John,Lamont,,,,"Lamoht, John",John,Lamoht,,,
John Silkin,John,Silkin,,,,JohnSilkin,John,Silkin,,,
"Courtney, Richard",Richard,Courtney,,,,"Courtey, Richard",Richard,Courtey,,,
Eldridge Cleaver,Eldridge,Cleaver,,,,Eldridgr Cleaver,Eldridgr,Cleaver,,,
"Holdsworth, Dean",Dean,Holdsworth,,,,"Hol8dsworth, Dean",Dean,Hol8dsworth,,,
Duncan Mclaren,Duncan,Mclaren,,,,DuncanMclaren,Duncan,Mclaren,,,
"Newbon, Gary",Gary,Newbon,,,,"NewbLon, Gary",Gary,NewbLon,,,
Brian Greene,Brian,Greene,,,,BriaH Greene,BriaH,Greene,,,
"Willingham, Ken",Ken,Willingham,,,,"Willingham,, Ken",Ken,Willingham,,,
Alfred Waud,Alfred,Waud,,,,AlfredWaud,Alfred,Waud,,,
"David, Dharshini",Dharshini,David,,,,"David,, Dharshini",Dharshini,David,,,
George Ault,George,Ault,,,,GeorgeAult,George,Ault,,,
"Davies, Bryn",Bryn,Davies,,,,"DavieZs, Bryn",Bryn,DavieZs,,,
Richard Jugge,Richard,Jugge,,,,Richard hJugge,Richard,hJugge,,,
"Sinden, Jeremy",Jeremy,Sinden,,,,"Sinden,Jeremy",Jeremy,Sinden,,,
Frederick Cavendish,Frederick,Cavendish,,,,Frederick  Cavendish,Frederick,Cavendish,,,
"Carey, Archibald",Archibald,Carey,,,,"Care7, Archibald",Archibald,Care7,,,
Nicola Stanbridge,Nicola,Stanbridge,,,,Nicola StanbridgFe,Nicola,StanbridgFe,,,
"Beaumont, Dave",Dave,Beaumont,,,,"Beaumont,  Dave",Dave,Beaumont,,,
Ernest Creighton,Ernest,Creighton,,,,Ernest  Creighton,Ernest,Creighton,,,
"Bamford, Maria",Maria,Bamford,,,,Bamford Maria,Maria,Bamford,,,
Michael Harris,Michael,Harris,,,,MicDhael Harris,MicDhael,Harris,,,
"Neame, Philip",Philip,Neame,,,,"Neame, Pnilip",Pnilip,Neame,,,
Raymond Lygo,Raymond,Lygo,,,,Rayumond Lygo,Rayumond,Lygo,,,
"Blaney, Donal",Donal,Blaney,,,,"Blany, Donal",Donal,Blany,,,
Drew Bledsoe,Drew,Bledsoe,,,,Drew BledsoLe,Drew,BledsoLe,,,
"Dingle, Butch",Butch,Dingle,,,,"Dingle,Butch",Butch,Dingle,,,
David Bailey,David,Bailey,,,,David.Bailey,David,Bailey,,,
"Townshend, Cliff",Cliff,Townshend,,,,Townshend Cliff,Cliff,Townshend,,,
Kieran Gibbs,Kieran,Gibbs,,,,Kieran Gibb6,Kieran,Gibb6,,,
"Wolfram, Stephen",Stephen,Wolfram,,,,Wolfram. Stephen,Stephen,Wolfram,,,
Sasha Perera,Sasha,Perera,,,,Sasha Pjrera,Sasha,Pjrera,,,
"Williamson, Mike",Mike,Williamson,,,,"Williamson, Mke",Mke,Williamson,,,
John Amias,John,Amias,,,,JohnAmias,John,Amias,,,
"Garrod, Archibald",Archibald,Garrod,,,,"Garrod, Srchibald",Srchibald,Garrod,,,
Michael King,Michael,King,,,,Michael Kig,Michael,Kig,,,
"Bishop, David",David,Bishop,,,,"BiHhop, David",David,BiHhop,,,
William Lloyd,William,Lloyd,,,,William  Lloyd,William,Lloyd,,,
"Drennan, Martin",Martin,Drennan,,,,"Drennan, Ma,tin","Ma,tin",Drennan,,,
Henry Strauss,Henry,Strauss,,,,Henry  Strauss,Henry,Strauss,,,
"Hollins, Ellis",Ellis,Hollins,,,,"Hollins,,Ellis",Ellis,Hollins,,,
John Pringle,John,Pringle,,,,John Prinle,John,Prinle,,,
"Murray, Matthew",Matthew,Murray,,,,"Murray, Matthdw",Matthdw,Murray,,,
Otis Hartley,Otis,Hartley,,,,OtisHartley,Otis,Hartley,,,
"Hulbert, Jack",Jack,Hulbert,,,,"Hulbert, Jac1k",Jac1k,Hulbert,,,
Francis Freeling,Francis,Freeling,,,,Francis Freheling,Francis,Freheling,,,
"Toone, Frederick",Frederick,Toone,,,,"Tone, Frederick",Frederick,Tone,,,
Chrissie Wellington,Chrissie,Wellington,,,,Chrisie Wellington,Chrisie,Wellington,,,
"Reid, Alex",Alex,Reid,,,,"Reid,.Alex",Alex,Reid,,,
Dean Brill,Dean,Brill,,,,Dean Brll,Dean,Brll,,,
"Anderson, Daphne",Daphne,Anderson,,,,"Ancderson, Daphne",Daphne,Ancderson,,,
Rob Davies,Rob,Davies,,,,Rob  Davies,Rob,Davies,,,
"Gaunt, William",William,Gaunt,,,,"aunt, William",William,aunt,,,
Julie Buckfield,Julie,Buckfield,,,,Julie Buxkfield,Julie,Buxkfield,,,
"Sandel, Michael",Michael,Sandel,,,,Sandel Michael,Michael,Sandel,,,
Sean Haslegrave,Sean,Haslegrave,,,,Sean Hasleghrave,Sean,Hasleghrave,,,
"Braine, John",John,Braine,,,,"Braine, Jhn",Jhn,Braine,,,
George Parshall,George,Parshall,,,,George Prshall,George,Prshall,,,
"Pinn, Robert",Robert,Pinn,,,,"Pin, Robert",Robert,Pin,,,
William King,William,King,,,,William ing,William,ing,,,
"Lake, Greg",Greg,Lake,,,,"Lake,,Greg",Greg,Lake,,,
Jane Birkin,Jane,Birkin,,,,ane Birkin,ane,Birkin,,,
"Curr, Edward",Edward,Curr,,,,Curr Edward,Edward,Curr,,,
Clifford Harper,Clifford,Harper,,,,Clfford Harper,Clfford,Harper,,,
"Mitchell, Tom",Tom,Mitchell,,,,"Mitchell, TUm",TUm,Mitchell,,,
Falconer Madan,Falconer,Madan,,,,Falconer Mhadan,Falconer,Mhadan,,,
"Neate, Patrick",Patrick,Neate,,,,"Neate,Patrick",Patrick,Neate,,,
Barrie Bates,Barrie,Bates,,,,BarrieBates,Barrie,Bates,,,
"Bone, Peter",Peter,Bone,,,,"Bone,.Peter",Peter,Bone,,,
Alfred Butler,Alfred,Butler,,,,Alfref Butler,Alfref,Butler,,,
"Tanqueray, Paul",Paul,Tanqueray,,,,"Tanqueray,  Paul",Paul,Tanqueray,,,
Philip Turner,Philip,Turner,,,,Phil9ip Turner,Phil9ip,Turner,,,
"Robinson, Rachel",Rachel,Robinson,,,,"Robison, Rachel",Rachel,Robison,,,
Gillian Knight,Gillian,Knight,,,,illian Knight,illian,Knight,,,
"French, Nicki",Nicki,French,,,,French  Nicki,Nicki,French,,,
William Foulke,William,Foulke,,,,William FDulke,William,FDulke,,,
"Midgley, Gladys",Gladys,Midgley,,,,Midgley. Gladys,Gladys,Midgley,,,
Dean Downing,Dean,Downing,,,,Dean Dowwning,Dean,Dowwning,,,
"Spedding, Charlie",Charlie,Spedding,,,,"Spedding, Charie",Charie,Spedding,,,
Robert Worcester,Robert,Worcester,,,,HRobert Worcester,HRobert,Worcester,,,
"Martin, Leslie",Leslie,Martin,,,,"Martin, Lesli",Lesli,Martin,,,
Brian Horton,Brian,Horton,,,,Bran Horton,Bran,Horton,,,
"Hill, Oliver",Oliver,Hill,,,,"Hill,, Oliver",Oliver,Hill,,,
Keith Hampson,Keith,Hampson,,,,Keith Hapson,Keith,Hapson,,,
"Powell, Darren",Darren,Powell,,,,"Powdll, Darren",Darren,Powdll,,,
Lloyd Doyley,Lloyd,Doyley,,,,Lloyf Doyley,Lloyf,Doyley,,,
"Dragas, George",George,Dragas,,,,"Dragxas, George",George,Dragxas,,,
Howie Camnitz,Howie,Camnitz,,,,Howie amnitz,Howie,amnitz,,,
"Rickards, John",John,Rickards,,,,"Rickards,  John",John,Rickards,,,
Selwyn Image,Selwyn,Image,,,,Seowyn Image,Seowyn,Image,,,
"Osborne, Sarah",Sarah,Osborne,,,,"Osborne, Saah",Saah,Osborne,,,
Henry Compton,Henry,Compton,,,,HenryCompton,Henry,Compton,,,
"Redmond, Moira",Moira,Redmond,,,,"Rdmond, Moira",Moira,Rdmond,,,
Charles Manners,Charles,Manners,,,,CharlesManners,Charles,Manners,,,
"Hunt, Kenneth",Kenneth,Hunt,,,,"Hunt,, Kenneth",Kenneth,Hunt,,,
Lena Jeger,Lena,Jeger,,,,LenaJeger,Lena,Jeger,,,
"Rush, Ian",Ian,Rush,,,,"Rush,Ian",Ian,Rush,,,
Richard Grimsdale,Richard,Grimsdale,,,,RicharAd Grimsdale,RicharAd,Grimsdale,,,
"Hodges, Johnny",Johnny,Hodges,,,,"Hodges, JohBnny",JohBnny,Hodges,,,
Andrew Wilson,Andrew,Wilson,,,,Andrew WilsLon,Andrew,WilsLon,,,
"Gobbo, James",James,Gobbo,,,,"Goebbo, James",James,Goebbo,,,
Nicholas Nuttall,Nicholas,Nuttall,,,,Nicholas  Nuttall,Nicholas,Nuttall,,,
"Bateman, Sean",Sean,Bateman,,,,"Batemn, Sean",Sean,Batemn,,,
Andy Pick,Andy,Pick,,,,Andy Ppck,Andy,Ppck,,,
"Woolston, Thomas",Thomas,Woolston,,,,"WooOlston, Thomas",Thomas,WooOlston,,,
Barry Quinn,Barry,Quinn,,,,"Barry,Quinn",Barry,Quinn,,,
"Lovich, Lene",Lene,Lovich,,,,"Lovich, DLene",DLene,Lovich,,,
Barry Trapnell,Barry,Trapnell,,,,Barry Tapnell,Barry,Tapnell,,,
"Riddle, Stu",Stu,Riddle,,,,"Riddle, tu",tu,Riddle,,,
Rosamund Clifford,Rosamund,Clifford,,,,Rosamund plifford,Rosamund,plifford,,,
"Montagu, Henry",Henry,Montagu,,,,"Montagt, Henry",Henry,Montagt,,,
Jody Dobrowski,Jody,Dobrowski,,,,Uody Dobrowski,Uody,Dobrowski,,,
"Truelove, Owen",Owen,Truelove,,,,"Truelove,Owen",Owen,Truelove,,,
Jacob Sanders,Jacob,Sanders,,,,Jacob QSanders,Jacob,QSanders,,,
"Abrahams, Esther",Esther,Abrahams,,,,"Abrahams, Esthe",Esthe,Abrahams,,,
Patrick Harvie,Patrick,Harvie,,,,PatrickHarvie,Patrick,Harvie,,,
"Baker, Janet",Janet,Baker,,,,"Bzker, Janet",Janet,Bzker,,,
Robert Vernon,Robert,Vernon,,,,Robert Ver2non,Robert,Ver2non,,,
"Currie, Tony",Tony,Currie,,,,"Currie, T7ony",T7ony,Currie,,,
John Whitbourn,John,Whitbourn,,,,"John,Whitbourn",John,Whitbourn,,,
"Lyell, Nicholas",Nicholas,Lyell,,,,"LyelBl, Nicholas",Nicholas,LyelBl,,,
Tony Rolt,Tony,Rolt,,,,Tony  Rolt,Tony,Rolt,,,
"Brereton, William",William,Brereton,,,,Brereton  William,William,Brereton,,,
Robert Pugh,Robert,Pugh,,,,RobertPugh,Robert,Pugh,,,
"Moore, Billy",Billy,Moore,,,,"Miore, Billy",Billy,Miore,,,
Conrad Gates,Conrad,Gates,,,,ConradGates,Conrad,Gates,,,
"Neitz, David",David,Neitz,,,,"Neitz, DPavid",DPavid,Neitz,,,
Peter Callander,Peter,Callander,,,,Peter  Callander,Peter,Callander,,,
"Hancox, Richard",Richard,Hancox,,,,"Hancox,Richard",Richard,Hancox,,,
Heneage Finch,Heneage,Finch,,,,Heneage  Finch,Heneage,Finch,,,
"Miller, Trevor",Trevor,Miller,,,,"Miller,Trevor",Trevor,Miller,,,
Jeffrey Tate,Jeffrey,Tate,,,,Jeffrey VTate,Jeffrey,VTate,,,
"Francis, Stu",Stu,Francis,,,,"Francis,Stu",Stu,Francis,,,
Leslie Plummer,Leslie,Plummer,,,,LesliePlummer,Leslie,Plummer,,,
"Thomas, Sandy",Sandy,Thomas,,,,Thomas. Sandy,Sandy,Thomas,,,
Albert Hall,Albert,Hall,,,,Albert Hsll,Albert,Hsll,,,
"Cale, John",John,Cale,,,,"Fale, John",John,Fale,,,
Gilbert Longden,Gilbert,Longden,,,,GilbeIt Longden,GilbeIt,Longden,,,
"Abrahams, Sidney",Sidney,Abrahams,,,,"Abrahams, Sudney",Sudney,Abrahams,,,
Alexander Windsor,Alexander,Windsor,,,,AlexanderWindsor,Alexander,Windsor,,,
"Hayes, Frank",Frank,Hayes,,,,"H4ayes, Frank",Frank,H4ayes,,,
Charles Wilmot,Charles,Wilmot,,,,Charles  Wilmot,Charles,Wilmot,,,
"Ludham, Godfrey",Godfrey,Ludham,,,,"Ludham, Godf5ey",Godf5ey,Ludham,,,
Bob Shankly,Bob,Shankly,,,,Bob ShaZnkly,Bob,ShaZnkly,,,
"Silver, Millicent",Millicent,Silver,,,,"Silver,Millicent",Millicent,Silver,,,
Joseph Hewitt,Joseph,Hewitt,,,,JosephHewitt,Joseph,Hewitt,,,
"Lancaster, Stuart",Stuart,Lancaster,,,,"Lancaster, Start",Start,Lancaster,,,
Nigel Roebuck,Nigel,Roebuck,,,,Nigel.Roebuck,Nigel,Roebuck,,,
"Simmons, Rachel",Rachel,Simmons,,,,"Sigmmons, Rachel",Rachel,Sigmmons,,,
Alfred Tasker,Alfred,Tasker,,,,Al6fred Tasker,Al6fred,Tasker,,,
"Imiela, Antoni",Antoni,Imiela,,,,"Imixela, Antoni",Antoni,Imixela,,,
Michael Horovitz,Michael,Horovitz,,,,"Michael,Horovitz",Michael,Horovitz,,,
"Mordt, Nils",Nils,Mordt,,,,"MoDrdt, Nils",Nils,MoDrdt,,,
Robert Bell,Robert,Bell,,,,Robrt Bell,Robrt,Bell,,,
"Hughes, Bettany",Bettany,Hughes,,,,"eHughes, Bettany",Bettany,eHughes,,,
Tom Sykes,Tom,Sykes,,,,Tojm Sykes,Tojm,Sykes,,,
"Ryder, Janet",Janet,Ryder,,,,"Ryder, Jantet",Jantet,Ryder,,,
Tony Di Bart,Tony,Di,,,Bart,Tony Di aBart,Tony,Di,,,aBart
George Beet Jnr.,George,Beet,,,Jnr,George B0eet Jnr.,George,B0eet,,,Jnr
William Rathbone III,William,Rathbone,,,III,William Rathbone  III,William,Rathbone,,,III
Henry Wise Jr.,Henry,Wise,,,Jr,Henry WiseJr.,Henry,Wise,,,Jr
A Jackson Jr.,A,Jackson,,,Jr,A  Jackson Jr.,A,Jackson,,,Jr
Kenny Cooper Sr.,Kenny,Cooper,,,Sr,Kenny Cooper  Sr.,Kenny,Cooper,,,Sr
Andrew Hugine Jr.,Andrew,Hugine,,,Jr,Andrew Hugine Jr..,Andrew,Hugine,,,Jr
Elmer P Martin Jr.,Elmer,Martin,P,,Jr,Elmer P MBrtin Jr.,Elmer,MBrtin,P,,Jr
Thomas Tresham I,Thomas,Tresham,,,I,Thoas Tresham I,Thoas,Tresham,,,I
Thomas Wedgwood IV,Thomas,Wedgwood,,,IV,Thomas Wedgwood  IV,Thomas,Wedgwood,,,IV
Thomas Assheton Smith I,Thomas,Smith,Assheton,,I,Thomas Assheton Zmith I,Thomas,Zmith,Assheton,,I
George Beet Snr.,George,Beet,,,Snr,George Bwet Snr.,George,Bwet,,,Snr
Aubrey De Vere III,Aubrey,De Vere,,,III,Augbrey De Vere III,Augbrey,De Vere,,,III
John Shaw Jr,John,Shaw,,,Jr,"John Shaw,Jr",John,Shaw,,,Jr
George Shenton Sr,George,Shenton,,,Sr,Gerge Shenton Sr,Gerge,Shenton,,,Sr
John Wesley Work III,John,Work,Wesley,,III,John Wesley Work.III,John,Work,Wesley,,III
Josiah Wedgwood III,Josiah,Wedgwood,,,III,Josiah Wedgwood  III,Josiah,Wedgwood,,,III
Joseph Burke II,Joseph,Burke,,,II,Joseph Burke RI,Joseph,Burke,,,RI
