name,first,last,middle,title,suffix,name_noised,first_noised,last_noised,middle_noised,title_noised,suffix_noised
Clodoaldo Paulino De Lima,Clodoaldo,De Lima,Paulino,,,Clodoaldo PaulinEo De Lima,Clodoaldo,De Lima,PaulinEo,,
"Martins, Valdemar Rodrigues",Valdemar,Martins,Rodrigues,,,"Martins,  Valdemar Rodrigues",Valdemar,Martins,Rodrigues,,
Camilo Torres Tenorio,Camilo,Tenorio,Torres,,,Camilo Trres Tenorio,Camilo,Tenorio,Trres,,
"Ribas, Andreson Dourado",Andreson,Ribas,Dourado,,,"Fibas, Andreson Dourado",Andreson,Fibas,Dourado,,
Luis Ignacio Quinteros,Luis,Quinteros,Ignacio,,,Luis  Ignacio Quinteros,Luis,Quinteros,Ignacio,,
"Franco, Carmen Rosa",Carmen,Franco,Rosa,,,"Franco, Carmem Rosa",Carmem,Franco,Rosa,,
Eduardo Adelino Da Silva,Eduardo,Da Silva,Adelino,,,Eduardo Adelino DaSilva,Eduardo,DaSilva,Adelino,,
"Gancia, Carlo Vallarino",Carlo,Gancia,Vallarino,,,"Gancia, Carlo Valfarino",Carlo,Gancia,Valfarino,,
Rui Gil Moniz,Rui,Moniz,Gil,,,Rui Gil Moniz,Rui,Moniz,Gil,,
"Franco, Valdomiro Vaz",Valdomiro,Franco,Vaz,,,"Franco, Valdomir8o Vaz",Valdomir8o,Franco,Vaz,,
Pedro Manuel Mendes Ribeiro,Pedro,Ribeiro,Manuel Mendes,,,Pedro Manuel Mendes Rimbeiro,Pedro,Rimbeiro,Manuel Mendes,,
"Da Cruz, Renaldo Lopes",Renaldo,Da Cruz,Lopes,,,"Da Cruz, RenaldoLopes",Renaldo,Da Cruz,Lopes,,
Daniel Silva Dos Santos,Daniel,Santos,Silva Dos,,,Daniel Silva Dos Ssntos,Daniel,Ssntos,Silva Dos,,
"Peirano, Miguel Gustavo",Miguel,Peirano,Gustavo,,,"Peirano,Miguel Gustavo",Miguel,Peirano,Gustavo,,
Jairo Luis Blumer,Jairo,Blumer,Luis,,,Jairo Luis Bumer,Jairo,Bumer,Luis,,
"Gandolfi, Javier Marcelo",Javier,Gandolfi,Marcelo,,,"Gandolfi,,Javier Marcelo",Javier,Gandolfi,Marcelo,,
Ana Carolina Reston,Ana,Reston,Carolina,,,nAna Carolina Reston,nAna,Reston,Carolina,,
"De Rueda, Jorge Bravo",Jorge,De Rueda,Bravo,,,"De Rueda, Jorge Bravpo",Jorge,De Rueda,Bravpo,,
Ramiro Ledesma Ramos,Ramiro,Ramos,Ledesma,,,Ramio Ledesma Ramos,Ramio,Ramos,Ledesma,,
"Owobokiri, Richard Daddy",Richard,Owobokiri,Daddy,,,"Owobokiri, Richrd Daddy",Richrd,Owobokiri,Daddy,,
Carlos Fernando Navarro Montoya,Carlos,Montoya,Fernando Navarro,,,Carlos Fernando Navarro Montqya,Carlos,Montqya,Fernando Navarro,,
"Miszak, Ana Cepinska",Ana,Miszak,Cepinska,,,"Miszak, Ana Cep2inska",Ana,Miszak,Cep2inska,,
Luis A Eguiguren,Luis,Eguiguren,A,,,Luis A EguViguren,Luis,EguViguren,A,,
Mary Anne De Paredes,Mary,De Paredes,Anne,,,Mary Anne De Pqredes,Mary,De Pqredes,Anne,,
"Storni, Edgardo Gabriel",Edgardo,Storni,Gabriel,,,"Storni, Edgardo Tabriel",Edgardo,Storni,Tabriel,,
"Alva, Felipe Pinglo",Felipe,Alva,Pinglo,,,Alva. Felipe Pinglo,Felipe,Alva,Pinglo,,
Luis Eduardo Aute,Luis,Aute,Eduardo,,,Luis Ed3ardo Aute,Luis,Aute,Ed3ardo,,
"Claro, Adriano Correia",Adriano,Claro,Correia,,,"Clarc, Adriano Correia",Adriano,Clarc,Correia,,
Virginia Ruano Pascual,Virginia,Pascual,Ruano,,,"Virginia,Ruano Pascual",Virginia,Pascual,Ruano,,
"Reyes, Alfonso Gumucio",Alfonso,Reyes,Gumucio,,,"Reyes,,Alfonso Gumucio",Alfonso,Reyes,Gumucio,,
Carlos Julio Arosemena Tola,Carlos,Tola,Julio Arosemena,,,CarlosJulio Arosemena Tola,Carlos,Tola,Julio Arosemena,,
"Witte, Jean Carlo",Jean,Witte,Carlo,,,"Witte,, Jean Carlo",Jean,Witte,Carlo,,
Alberto Rodriguez Larreta,Alberto,Larreta,Rodriguez,,,Alberto Rodrigues Larreta,Alberto,Larreta,Rodrigues,,
"Reis, Marcos Roberto Silveira",Marcos,Reis,Roberto Silveira,,,"Reis, Marcos Roberto SilveirGa",Marcos,Reis,Roberto SilveirGa,,
Bruno Marques Menezes,Bruno,Menezes,Marques,,,Bruno Marques MeneCzes,Bruno,MeneCzes,Marques,,
"Vera, Luis R",Luis,Vera,R,,,"Vera, Lauis R",Lauis,Vera,R,,
Columbano Bordalo Pinheiro,Columbano,Pinheiro,Bordalo,,,Columbano Bordalo  Pinheiro,Columbano,Pinheiro,Bordalo,,
"Pereira, Domingos Leite",Domingos,Pereira,Leite,,,"PePeira, Domingos Leite",Domingos,PePeira,Leite,,
Givanildo Vieira De Souza,Givanildo,De Souza,Vieira,,,Givani4ldo Vieira De Souza,Givani4ldo,De Souza,Vieira,,
"Soares, Juliano Gomes",Juliano,Soares,Gomes,,,"Soares, Juliano Goes",Juliano,Soares,Goes,,
Luis Alberto Lacalle,Luis,Lacalle,Alberto,,,Luis Alberto  Lacalle,Luis,Lacalle,Alberto,,
"Amaral, Tarsila Do",Tarsila,Amaral,Do,,,"Amaral, 3Tarsila Do",3Tarsila,Amaral,Do,,
"Diez, Hormando Vaca",Hormando,Diez,Vaca,,,Diez Hormando Vaca,Hormando,Diez,Vaca,,
Ricardo Bruni Marx,Ricardo,Marx,Bruni,,,Ricardo.Bruni Marx,Ricardo,Marx,Bruni,,
"Dominguez, Ramon A",Ramon,Dominguez,A,,,"Dominuez, Ramon A",Ramon,Dominuez,A,,
Alfredo Armas Alfonzo,Alfredo,Alfonzo,Armas,,,Alfredo rmas Alfonzo,Alfredo,Alfonzo,rmas,,
"Clarke, Henri Jacques Guillaume",Henri,Clarke,Jacques Guillaume,,,"Clarke, Hejri Jacques Guillaume",Hejri,Clarke,Jacques Guillaume,,
Felix Dja Ettien,Felix,Ettien,Dja,,,Felix Nja Ettien,Felix,Ettien,Nja,,
"Hombre, Francisco El",Francisco,Hombre,El,,,"Hombre, Francisco LEl",Francisco,Hombre,LEl,,
Antonio Vespucio Liberti,Antonio,Liberti,Vespucio,,,Antonio Veispucio Liberti,Antonio,Liberti,Veispucio,,
"Ledesma, Cristian Rolando",Cristian,Ledesma,Rolando,,,"Ledesma,Cristian Rolando",Cristian,Ledesma,Rolando,,
Francisco Jairo Silva Santos,Francisco,Santos,Jairo Silva,,,Francisco Nairo Silva Santos,Francisco,Santos,Nairo Silva,,
"Encalada, Manuel Blanco",Manuel,Encalada,Blanco,,,"Encalada, Manuel Blranco",Manuel,Encalada,Blranco,,
Francisco Diego Maciel,Francisco,Maciel,Diego,,,Francitsco Diego Maciel,Francitsco,Maciel,Diego,,
"Dionisio, Christian Correa",Christian,Dionisio,Correa,,,"Dionosio, Christian Correa",Christian,Dionosio,Correa,,
Rodrigo Correa Dantas,Rodrigo,Dantas,Correa,,,"Rodrigo Correa,Dantas",Rodrigo,Dantas,Correa,,
"Sousa, John Philip",John,Sousa,Philip,,,"Sousa, ohn Philip",ohn,Sousa,Philip,,
"Williams, Michael J",Michael,Williams,J,,,"Williams, Michwael J",Michwael,Williams,J,,
Rene R Douglas,Rene,Douglas,R,,,Rene R Rouglas,Rene,Rouglas,R,,
"Sodre, Pierre Veiga",Pierre,Sodre,Veiga,,,"Sodre,.Pierre Veiga",Pierre,Sodre,Veiga,,
Gerardo Dos Santos,Gerardo,Santos,Dos,,,Gerardo Dos antos,Gerardo,antos,Dos,,
Ellen Gracie Northfleet,Ellen,Northfleet,Gracie,,,EllenGracie Northfleet,Ellen,Northfleet,Gracie,,
Juan Manuel Barrientos,Juan,Barrientos,Manuel,,,uJuan Manuel Barrientos,uJuan,Barrientos,Manuel,,
"Grau, Roberto Diego",Roberto,Grau,Diego,,,"Gau, Roberto Diego",Roberto,Gau,Diego,,
Evilasio Leite Da Costa,Evilasio,Da Costa,Leite,,,Evilasio Lete Da Costa,Evilasio,Da Costa,Lete,,
"Oliveira, Willer Souza",Willer,Oliveira,Souza,,,"Olivera, Willer Souza",Willer,Olivera,Souza,,
Ricardo Francisco Rojas,Ricardo,Rojas,Francisco,,,Ricardo Francisco RojaYs,Ricardo,RojaYs,Francisco,,
"Yanten, Mario Sanchez",Mario,Yanten,Sanchez,,,"YanteG, Mario Sanchez",Mario,YanteG,Sanchez,,
Luis Carrero Blanco,Luis,Blanco,Carrero,,,uis Carrero Blanco,uis,Blanco,Carrero,,
Pedro Mujica Carassa,Pedro,Carassa,Mujica,,,"Pedro Mujica,Carassa",Pedro,Carassa,Mujica,,
"Burlon, Jose Maria Flores",Jose,Burlon,Maria Flores,,,"BurHon, Jose Maria Flores",Jose,BurHon,Maria Flores,,
Muller Santos Da Silva,Muller,Da Silva,Santos,,,MullerSantos Da Silva,Muller,Da Silva,Santos,,
"Massera, Emilio Eduardo",Emilio,Massera,Eduardo,,,"Masser5a, Emilio Eduardo",Emilio,Masser5a,Eduardo,,
Luis Pereira Robson,Luis,Robson,Pereira,,,Luis Per4ira Robson,Luis,Robson,Per4ira,,
Samuel Herbert Wilson,Samuel,Wilson,Herbert,,,Samuel Herbert Wiilson,Samuel,Wiilson,Herbert,,
"Lozano, John Harold",John,Lozano,Harold,,,"Lozano, JFhn Harold",JFhn,Lozano,Harold,,
Rafael Costa Silva Sandes,Rafael,Sandes,Costa Silva,,,Rafmael Costa Silva Sandes,Rafmael,Sandes,Costa Silva,,
"Pupo, Rodrigo Tovar",Rodrigo,Pupo,Tovar,,,"Pipo, Rodrigo Tovar",Rodrigo,Pipo,Tovar,,
Diego Pereira Correa,Diego,Correa,Pereira,,,Diego Pereira Corra,Diego,Corra,Pereira,,
"Rugeles, Manuel Felipe",Manuel,Rugeles,Felipe,,,"Rugeles, Mayuel Felipe",Mayuel,Rugeles,Felipe,,
Eric A Williams,Eric,Williams,A,,,ric A Williams,ric,Williams,A,,
Luis Roberto Alves,Luis,Alves,Roberto,,,Luis Reberto Alves,Luis,Alves,Reberto,,
"Alvarez, Oscar Marcelino",Oscar,Alvarez,Marcelino,,,"Alvarez, Oscar Mar3celino",Oscar,Alvarez,Mar3celino,,
Ruan Felipe Vianna Ferreira,Ruan,Ferreira,Felipe Vianna,,,rRuan Felipe Vianna Ferreira,rRuan,Ferreira,Felipe Vianna,,
"Cordas, Dino ",Dino,Cordas,,,,"Cordas, Dio ",Dio,Cordas,,,
Juan March Ordinas,Juan,Ordinas,March,,,Juan Mardh Ordinas,Juan,Ordinas,Mardh,,
"Santos, Cleberson Souza",Cleberson,Santos,Souza,,,"Santos, Cleberson  Souza",Cleberson,Santos,Souza,,
Andre Luiz Ladaga,Andre,Ladaga,Luiz,,,Andre  Luiz Ladaga,Andre,Ladaga,Luiz,,
"Llama, Cristian Ezequiel",Cristian,Llama,Ezequiel,,,"Llama, Cristian.Ezequiel",Cristian,Llama,Ezequiel,,
Alfredo Salazar Southwell,Alfredo,Southwell,Salazar,,,Alfredo Salazar Sothwell,Alfredo,Sothwell,Salazar,,
Caio Vianna Martins,Caio,Martins,Vianna,,,Caio Vhianna Martins,Caio,Martins,Vhianna,,
"Molina, Juan Ignacio",Juan,Molina,Ignacio,,,"MoMina, Juan Ignacio",Juan,MoMina,Ignacio,,
Fiorella D'Croz Brusatin,Fiorella,Brusatin,D'Croz,,,"Fiorella D""Croz Brusatin",Fiorella,Brusatin,"D""Croz",,
"Pleite, Willy Meyer",Willy,Pleite,Meyer,,,"Pleite, WilLy Meyer",WilLy,Pleite,Meyer,,
Jorge Rodrigo Barrios,Jorge,Barrios,Rodrigo,,,"Jor,e Rodrigo Barrios","Jor,e",Barrios,Rodrigo,,
"Luzia, Maxlei Dos Santos",Maxlei,Luzia,Dos Santos,,,"Luzia,Maxlei Dos Santos",Maxlei,Luzia,Dos Santos,,
Fernando Luiz Guilherme,Fernando,Guilherme,Luiz,,,Fernando Luiz Guilherm,Fernando,Guilherm,Luiz,,
"Troy, Charlene Engelhard",Charlene,Troy,Engelhard,,,"Troy, Cuharlene Engelhard",Cuharlene,Troy,Engelhard,,
Mary Astor,Mary,Astor,,,,Mary  Astor,Mary,Astor,,,
"Lima, Gabriel",Gabriel,Lima,,,,"Lima,,Gabriel",Gabriel,Lima,,,
Enrique Saborido,Enrique,Saborido,,,,nrique Saborido,nrique,Saborido,,,
"Balboa, Javier",Javier,Balboa,,,,Balboa Javier,Javier,Balboa,,,
Rodrigo Flores,Rodrigo,Flores,,,,Rodrigo Flres,Rodrigo,Flres,,,
"Carrozzo, Evangelina",Evangelina,Carrozzo,,,,"Carrozo, Evangelina",Evangelina,Carrozo,,,
"Trevisan, Iracema",Iracema,Trevisan,,,,"Trevisn, Iracema",Iracema,Trevisn,,,
Omar Vizquel,Omar,Vizquel,,,,JOmar Vizquel,JOmar,Vizquel,,,
"Goyeneche, Roberto",Roberto,Goyeneche,,,,"Goyenech, Roberto",Roberto,Goyenech,,,
Artur Santos,Artur,Santos,,,,Artur  Santos,Artur,Santos,,,
"Costa, Da",Da,Costa,,,,Costa Da,Da,Costa,,,
"Secco, Deborah",Deborah,Secco,,,,"Secco, jeborah",jeborah,Secco,,,
Aurora Miranda,Aurora,Miranda,,,,"A,rora Miranda","A,rora",Miranda,,,
"Da Silva, Afonso",Afonso,Da Silva,,,,"Da ilva, Afonso",Afonso,Da ilva,,,
Esther Vilar,Esther,Vilar,,,,Esth3r Vilar,Esth3r,Vilar,,,
"Coelho, Paulo",Paulo,Coelho,,,,"Coe1lho, Paulo",Paulo,Coe1lho,,,
Mike Tyson,Mike,Tyson,,,,Mike.Tyson,Mike,Tyson,,,
"Caicedo, Felipe",Felipe,Caicedo,,,,"Caicedo, Feli-e",Feli-e,Caicedo,,,
Julio Olalla,Julio,Olalla,,,,Julo Olalla,Julo,Olalla,,,
"Rivelino, Roberto",Roberto,Rivelino,,,,"Rivelino, oberto",oberto,Rivelino,,,
Fernando Morena,Fernando,Morena,,,,Fernano Morena,Fernano,Morena,,,
Segundo Castillo,Segundo,Castillo,,,,Segundo Castkllo,Segundo,Castkllo,,,
"Aguirre, Ricardo",Ricardo,Aguirre,,,,"Aguirre, RicardB",RicardB,Aguirre,,,
Floris Takens,Floris,Takens,,,,Flors Takens,Flors,Takens,,,
"Chabala, David",David,Chabala,,,,"Chabala, Da,vid","Da,vid",Chabala,,,
Manuel Gondra,Manuel,Gondra,,,,Manuel Gonda,Manuel,Gonda,,,
"Migliore, Pablo",Pablo,Migliore,,,,Migliore Pablo,Pablo,Migliore,,,
Brenda Hughes,Brenda,Hughes,,,,Brenda qHughes,Brenda,qHughes,,,
"Varsavsky, Martin",Martin,Varsavsky,,,,"Varsavsky,,Martin",Martin,Varsavsky,,,
Hugo Mariutti,Hugo,Mariutti,,,,HuGo Mariutti,HuGo,Mariutti,,,
"Teixeira, Paulo",Paulo,Teixeira,,,,"Teixeira,, Paulo",Paulo,Teixeira,,,
Arianney Nogueira,Arianney,Nogueira,,,,Arianney NogKeira,Arianney,NogKeira,,,
"Traverso, Alfredo",Alfredo,Traverso,,,,Traverso Alfredo,Alfredo,Traverso,,,
Acelino Freitas,Acelino,Freitas,,,,Acelino Treitas,Acelino,Treitas,,,
"Coghen, Mercedes",Mercedes,Coghen,,,,"Coghen, Meprcedes",Meprcedes,Coghen,,,
Otavio Juliano,Otavio,Juliano,,,,Otavio Julian5o,Otavio,Julian5o,,,
"Santos, Kelson",Kelson,Santos,,,,"Eantos, Kelson",Kelson,Eantos,,,
Paulo Duarte,Paulo,Duarte,,,,Paulo DuarXte,Paulo,DuarXte,,,
"Vergara, Unai",Unai,Vergara,,,,"Vergafa, Unai",Unai,Vergafa,,,
Sitti Navarro,Sitti,Navarro,,,,Sitti Nabarro,Sitti,Nabarro,,,
"Pittman, Eliana",Eliana,Pittman,,,,"Pittman, Eliaa",Eliaa,Pittman,,,
Pedro Bordaberry,Pedro,Bordaberry,,,,Pedro Bordberry,Pedro,Bordberry,,,
"Mendes, Elvira",Elvira,Mendes,,,,"Mendes,  Elvira",Elvira,Mendes,,,
Octavio Ianni,Octavio,Ianni,,,,"Octavio,Ianni",Octavio,Ianni,,,
"Angelelli, Enrique",Enrique,Angelelli,,,,"Angelelli, Enriqie",Enriqie,Angelelli,,,
Diego Caupaphara,Diego,Caupaphara,,,,Diego CaupEaphara,Diego,CaupEaphara,,,
"Motos, Teresa",Teresa,Motos,,,,"Motos, TerDesa",TerDesa,Motos,,,
Jorge Fossati,Jorge,Fossati,,,,Jeorge Fossati,Jeorge,Fossati,,,
"Abrabanel, Isaac",Isaac,Abrabanel,,,,"Abrabanel, Isafac",Isafac,Abrabanel,,,
"Vega, Makenzie",Makenzie,Vega,,,,"Vega,Makenzie",Makenzie,Vega,,,
Claudio Milar,Claudio,Milar,,,,Claudio Milzr,Claudio,Milzr,,,
"Ribeiro, Fernanda",Fernanda,Ribeiro,,,,Ribeiro Fernanda,Fernanda,Ribeiro,,,
Fernanda Montenegro,Fernanda,Montenegro,,,,Fernanda  Montenegro,Fernanda,Montenegro,,,
"O'Reilly, Alejandro",Alejandro,O'Reilly,,,,"O'Reilly, Alejwandro",Alejwandro,O'Reilly,,,
"Belli, Laura",Laura,Belli,,,,"elli, Laura",Laura,elli,,,
Avec Tristesse,Avec,Tristesse,,,,Aec Tristesse,Aec,Tristesse,,,
Shirley Gomes,Shirley,Gomes,,,,Shirley omes,Shirley,omes,,,
"Pedros, Reynald",Reynald,Pedros,,,,"PedRos, Reynald",Reynald,PedRos,,,
Ricardo Villa,Ricardo,Villa,,,,"Ricardo Vi,lla",Ricardo,"Vi,lla",,,
"Pepitone, Joe",Joe,Pepitone,,,,"Pepitone, Jo",Jo,Pepitone,,,
Oscar Torlacoff,Oscar,Torlacoff,,,,Oscar  Torlacoff,Oscar,Torlacoff,,,
"Feofiloff, Paulo",Paulo,Feofiloff,,,,"FeofilofSf, Paulo",Paulo,FeofilofSf,,,
Fanny Lu,Fanny,Lu,,,,Facnny Lu,Facnny,Lu,,,
"Lezama, Raimundo",Raimundo,Lezama,,,,"Lezama, Raimunfdo",Raimunfdo,Lezama,,,
"Family, Parra",Parra,Family,,,,"Fmily, Parra",Parra,Fmily,,,
Marcelo Fromer,Marcelo,Fromer,,,,Marceko Fromer,Marceko,Fromer,,,
"Cruz, Joaquim",Joaquim,Cruz,,,,"Cruz,Joaquim",Joaquim,Cruz,,,
Claudio Naranjo,Claudio,Naranjo,,,,Claudio.Naranjo,Claudio,Naranjo,,,
"Dookeran, Winston",Winston,Dookeran,,,,"Dook3ran, Winston",Winston,Dook3ran,,,
Arnaldo Coelho,Arnaldo,Coelho,,,,ArnaldoCoelho,Arnaldo,Coelho,,,
"Lombardi, Bruna",Bruna,Lombardi,,,,"Lombardi, Brunw",Brunw,Lombardi,,,
Sergio Batista,Sergio,Batista,,,,ergio Batista,ergio,Batista,,,
"Silva, Giant",Giant,Silva,,,,"Silva, Gint",Gint,Silva,,,
Argenis Salazar,Argenis,Salazar,,,,Agenis Salazar,Agenis,Salazar,,,
"Diaz, Carlos",Carlos,Diaz,,,,"Diz, Carlos",Carlos,Diz,,,
Patricio Urrutia,Patricio,Urrutia,,,,Patrcio Urrutia,Patrcio,Urrutia,,,
"Burgos, Roxana",Roxana,Burgos,,,,"Burgos,  Roxana",Roxana,Burgos,,,
Marisa Monte,Marisa,Monte,,,,Ma4isa Monte,Ma4isa,Monte,,,
"Bonds, De'Aundre",De'Aundre,Bonds,,,,"Bonds,  De'Aundre",De'Aundre,Bonds,,,
Gabriel Heinze,Gabriel,Heinze,,,,Gabriel Hwinze,Gabriel,Hwinze,,,
"House, Alex",Alex,House,,,,"House, Alec",Alec,House,,,
Luis Scola,Luis,Scola,,,,Luis 8Scola,Luis,8Scola,,,
"Paul, Sean",Sean,Paul,,,,"Paul, SeNn",SeNn,Paul,,,
Francesca Hawkins,Francesca,Hawkins,,,,Francevca Hawkins,Francevca,Hawkins,,,
"Nunes, Vasco",Vasco,Nunes,,,,"Nunes,, Vasco",Vasco,Nunes,,,
Hany Kauam,Hany,Kauam,,,,Hany Kaum,Hany,Kaum,,,
"Torres, Dilson",Dilson,Torres,,,,"ToLrres, Dilson",Dilson,ToLrres,,,
Sequeira Costa,Sequeira,Costa,,,,SequeiraCosta,Sequeira,Costa,,,
"Aydar, Mariana",Mariana,Aydar,,,,"Aydar,Mariana",Mariana,Aydar,,,
Santa Fe,Santa,Fe,,,,Manta Fe,Manta,Fe,,,
"Marinello, Beatriz",Beatriz,Marinello,,,,"MariKnello, Beatriz",Beatriz,MariKnello,,,
Daniel Hernandes,Daniel,Hernandes,,,,Daniel Hrnandes,Daniel,Hrnandes,,,
"Estrada, Emilio",Emilio,Estrada,,,,"Estrada,,Emilio",Emilio,Estrada,,,
Veronica Blume,Veronica,Blume,,,,Veronica Bltme,Veronica,Bltme,,,
"Terra, Gabriel",Gabriel,Terra,,,,"Terrs, Gabriel",Gabriel,Terrs,,,
Lyndon Hooper,Lyndon,Hooper,,,,Lyndon Hooger,Lyndon,Hooger,,,
"Eduardo, Carlos",Carlos,Eduardo,,,,"Eluardo, Carlos",Carlos,Eluardo,,,
Patricia Janiot,Patricia,Janiot,,,,Patricia  Janiot,Patricia,Janiot,,,
"Naveira, Natalie",Natalie,Naveira,,,,"Na7veira, Natalie",Natalie,Na7veira,,,
Natalia Dorado,Natalia,Dorado,,,,"Natalia,Dorado",Natalia,Dorado,,,
"Davidson, Elaine",Elaine,Davidson,,,,"Davicson, Elaine",Elaine,Davicson,,,
Ernesto Figueiredo,Ernesto,Figueiredo,,,,Ernesto FigueIredo,Ernesto,FigueIredo,,,
"Menezes, Paulo",Paulo,Menezes,,,,"Menees, Paulo",Paulo,Menees,,,
Pedro Diniz,Pedro,Diniz,,,,Pdro Diniz,Pdro,Diniz,,,
"Calomino, Pedro",Pedro,Calomino,,,,"Calomino,Pedro",Pedro,Calomino,,,
Pedro Geromel,Pedro,Geromel,,,,Pedro Gerlmel,Pedro,Gerlmel,,,
"Alessandri, Fernando",Fernando,Alessandri,,,,Alessandri Fernando,Fernando,Alessandri,,,
Camila Pitanga,Camila,Pitanga,,,,Camila Pitang,Camila,Pitang,,,
"Ramon, Anselmo",Anselmo,Ramon,,,,"Ramon, Aynselmo",Aynselmo,Ramon,,,
Colin Rivas,Colin,Rivas,,,,ColinRivas,Colin,Rivas,,,
"Amigorena, Santiago",Santiago,Amigorena,,,,"Amigorema, Santiago",Santiago,Amigorema,,,
George Forsyth,George,Forsyth,,,,George ForsytZh,George,ForsytZh,,,
"Buyo, Francisco",Francisco,Buyo,,,,"Buyo,Francisco",Francisco,Buyo,,,
Carlos Soublette,Carlos,Soublette,,,,Carlos.Soublette,Carlos,Soublette,,,
"Wirth, Oscar",Oscar,Wirth,,,,Wirth. Oscar,Oscar,Wirth,,,
Adi Rocha,Adi,Rocha,,,,Adi.Rocha,Adi,Rocha,,,
"Millar, Rodrigo",Rodrigo,Millar,,,,"Millar,,Rodrigo",Rodrigo,Millar,,,
Ricardo Sperafico,Ricardo,Sperafico,,,,Ricayrdo Sperafico,Ricayrdo,Sperafico,,,
"Calzadilla, Ernesto",Ernesto,Calzadilla,,,,"Calzadillia, Ernesto",Ernesto,Calzadillia,,,
Flavio Davino,Flavio,Davino,,,,Flavio Davin5o,Flavio,Davin5o,,,
"Preussler, Roxana",Roxana,Preussler,,,,"Preussler, gRoxana",gRoxana,Preussler,,,
Marcelo Branco,Marcelo,Branco,,,,Marcelo  Branco,Marcelo,Branco,,,
"Moura, Eli-Eri",Eli-Eri,Moura,,,,"Moura, EliK-Eri",EliK-Eri,Moura,,,
Roland Blanco,Roland,Blanco,,,,Roland  Blanco,Roland,Blanco,,,
"Duroc, Geraud",Geraud,Duroc,,,,"Duroc,Geraud",Geraud,Duroc,,,
Alfonso Leng,Alfonso,Leng,,,,AlfoAnso Leng,AlfoAnso,Leng,,,
"Plaza, Galo",Galo,Plaza,,,,"Plaza, Gal",Gal,Plaza,,,
Gustavo Dezotti,Gustavo,Dezotti,,,,Gustavo  Dezotti,Gustavo,Dezotti,,,
"Barros, Leila",Leila,Barros,,,,"Barros, LeiEla",LeiEla,Barros,,,
Diego Tardelli,Diego,Tardelli,,,,DiegTo Tardelli,DiegTo,Tardelli,,,
"Barbat, Luis",Luis,Barbat,,,,"BarbaQ, Luis",Luis,BarbaQ,,,
Krista Allen,Krista,Allen,,,,Krista  Allen,Krista,Allen,,,
"Empire, Inca",Inca,Empire,,,,"Empire,, Inca",Inca,Empire,,,
Cristiano Passos,Cristiano,Passos,,,,Cristiano mPassos,Cristiano,mPassos,,,
"Piglia, Ricardo",Ricardo,Piglia,,,,"Pig1ia, Ricardo",Ricardo,Pig1ia,,,
Diego Maradona,Diego,Maradona,,,,Dieg Maradona,Dieg,Maradona,,,
"Carey, Mariah",Mariah,Carey,,,,"Carey,,Mariah",Mariah,Carey,,,
Matias Vila,Matias,Vila,,,,"Matias,Vila",Matias,Vila,,,
"Serna, Mauricio",Mauricio,Serna,,,,"Serna,.Mauricio",Mauricio,Serna,,,
Ennio Candotti,Ennio,Candotti,,,,Enhnio Candotti,Enhnio,Candotti,,,
"Arroyuelo, Javier",Javier,Arroyuelo,,,,"Arroyuelo,,Javier",Javier,Arroyuelo,,,
Carlota Castrejana,Carlota,Castrejana,,,,Carlota.Castrejana,Carlota,Castrejana,,,
"Tjon-A-Ten, Varina",Varina,Tjon-A-Ten,,,,"Tjon-A-Ten, Varin",Varin,Tjon-A-Ten,,,
Marco Soares,Marco,Soares,,,,Marc Soares,Marc,Soares,,,
"Bozano, Julio",Julio,Bozano,,,,"Bozano,  Julio",Julio,Bozano,,,
Nuno Claro,Nuno,Claro,,,,NPuno Claro,NPuno,Claro,,,
"Alfred, Shondell",Shondell,Alfred,,,,"Afred, Shondell",Shondell,Afred,,,
Ted Robledo,Ted,Robledo,,,,Ted Roledo,Ted,Roledo,,,
"Camacho, Mario",Mario,Camacho,,,,"Camancho, Mario",Mario,Camancho,,,
Rafael Godoy,Rafael,Godoy,,,,Rafael Gody,Rafael,Gody,,,
"Dimenstein, Gilberto",Gilberto,Dimenstein,,,,"Dimenstein, fGilberto",fGilberto,Dimenstein,,,
Leo Dan,Leo,Dan,,,,Leo DaQ,Leo,DaQ,,,
"Augusto, Infante",Infante,Augusto,,,,"Auguksto, Infante",Infante,Auguksto,,,
Rubens Farias Jr.,Rubens,Farias,,,Jr,Rubens Farias J.,Rubens,Farias,,,J
H John Heinz IV,H,Heinz,John,,IV,H Johb Heinz IV,H,Heinz,Johb,,IV
Diego Almagro II,Diego,Almagro,,,II,Diego Almagro I,Diego,Almagro,,,I
Ras Shorty I,Ras,Shorty,,,I,Rs Shorty I,Rs,Shorty,,,I
Julio Medina III,Julio,Medina,,,III,JTlio Medina III,JTlio,Medina,,,III
Juan Manuel Fangio II,Juan,Fangio,Manuel,,II,Juan Manuel  Fangio II,Juan,Fangio,Manuel,,II
