name,first,middle,last
Willi Schrder,Willi,,Schrder
"Patrignani, Camilo A.",Camilo,A,Patrignani
Ferid Chouchane,Ferid,,Chouchane
Richard Jordan,Richard,,Jordan
"Rossolimo, Amanda",Amanda,,Rossolimo
"McWilliams, Terry",Terry,,McWilliams
"Linder, Christian",Christian,,Linder
William Nicholson,William,,Nicholson
Gustav Ingvar Rydell,Gustav,Ingvar,Rydell
"Dominguez, Pablo",Pablo,,Dominguez
"Varecka, Tj",Tj,,Varecka
Hanif Kureishi,Hanif,,Kureishi
"Roman, Barbara",Barbara,,Roman
"Ozbolt, Joe",Joe,,Ozbolt
"Morales, Rufino",Rufino,,Morales
"Langarica, Claudia",Claudia,,Langarica
"Hlavacek, Michael",Michael,,Hlavacek
Victor Rivera,Victor,,Rivera
"Mejia, Maria",Maria,,Mejia
David A. Klarner,David,A,Klarner
"Grennan, Grainne M.",Grainne,M,Grennan
Shuta Yoshino,Shuta,,Yoshino
Grard Denecheau,Grard,,Denecheau
Michael Shannon,Michael,,Shannon
"Aviles, Carmen",Carmen,,Aviles
Carlos Lannes,Carlos,,Lannes
"Cook, Amanda",Amanda,,Cook
Stig-Gran Johansson,Stig-Gran,,Johansson
"Ritter, Jennifer",Jennifer,,Ritter
"Johnson, Patty",Patty,,Johnson
Mahoula Kramou,Mahoula,,Kramou
Dee Wallace,Dee,,Wallace
Beat Meister,Beat,,Meister
"Sano, Hiroaki",Hiroaki,,Sano
Charlotte Ayanna,Charlotte,,Ayanna
Kenta Kazuno,Kenta,,Kazuno
Norio Ito,Norio,,Ito
Tatyana Vasilyevna Ananko,Tatyana,Vasilyevna,Ananko
"Tighe, Maureen",Maureen,,Tighe
"Damuth, Kevin",Kevin,,Damuth
"Sanchez, Ronald",Ronald,,Sanchez
Thomas B. Wilson,Thomas,B,Wilson
Jeong Yong-Gyun,Jeong,,Yong-Gyun
Maria Lazarou,Maria,,Lazarou
"Lukas, Amy",Amy,,Lukas
"Eshleman, Ryo",Ryo,,Eshleman
Lutz Benter,Lutz,,Benter
Frank Montaldi,Frank,,Montaldi
"Harbour, Phoebe L.",Phoebe,L,Harbour
Robert W. Brooks,Robert,W,Brooks
"Parker, Megan",Megan,,Parker
"Rickner, Abby",Abby,,Rickner
Lancine Fofana,Lancine,,Fofana
Ralph Harold Yandell,Ralph,Harold,Yandell
"Royal, Amy E.",Amy,E,Royal
Robert Langlois,Robert,,Langlois
"Sloan, Bradley",Bradley,,Sloan
Ken Russell,Ken,,Russell
"Smith, Jennifer",Jennifer,,Smith
Wu Shude,Wu,,Shude
Steve Martin,Steve,,Martin
"Yamada, Haruki",Haruki,,Yamada
Matthew Broderick,Matthew,,Broderick
"Gallagher, Claire W.",Claire,W,Gallagher
Mrton Lrincz,Mrton,,Lrincz
Judy Reynolds,Judy,,Reynolds
"Begoc, Pierre",Pierre,,Begoc
Hilary Duff,Hilary,,Duff
Harold R. Ives,Harold,R,Ives
"Cheung, Lap Kei",Lap,Kei,Cheung
"Decarli, Debbie",Debbie,,Decarli
"Harlock, David",David,,Harlock
"Caruso, Isabella",Isabella,,Caruso
Atanas Ivanov Gerov,Atanas,Ivanov,Gerov
"Merkin, Rachel L.",Rachel,L,Merkin
Jana Kapustov,Jana,,Kapustov
"Sandor, Doru",Doru,,Sandor
"Jansen, Daniel",Daniel,,Jansen
Yasuaki Mitsumori,Yasuaki,,Mitsumori
Brian Alexander Glennie,Brian,Alexander,Glennie
Jakub Jaworski,Jakub,,Jaworski
"McCarthy, Marybeth A.",Marybeth,A,McCarthy
Ali Akansu,Ali,,Akansu
"Jordan, Joanne",Joanne,,Jordan
Mark Herring,Mark,,Herring
Daniel G. Sullivan,Daniel,G,Sullivan
Zsuzsanna Tiba,Zsuzsanna,,Tiba
Karen Elise Baldwin,Karen,Elise,Baldwin
Micha Kuda,Micha,,Kuda
"Merrin, Zach P.",Zach,P,Merrin
Andrea Rolla,Andrea,,Rolla
Ruslan Biktyakov,Ruslan,,Biktyakov
Herman Suizo,Herman,,Suizo
"Carlson, Ryann",Ryann,,Carlson
Tjalling Koopmans,Tjalling,,Koopmans
"Draughon, Tammy",Tammy,,Draughon
Vasco de Carvalho,Vasco,de,Carvalho
"Xiarhos, Ashlynne O.",Ashlynne,O,Xiarhos
Erland Franz Herkenrath,Erland,Franz,Herkenrath
"Guida, Diego",Diego,,Guida
"Harmon, Joanna",Joanna,,Harmon
Zoghman Mebkhout,Zoghman,,Mebkhout
"Pakstis, Sarah K.",Sarah,K,Pakstis
"Ulery, Julie A.",Julie,A,Ulery
Joss Whedon,Joss,,Whedon
Scott Cooper,Scott,,Cooper
Christian Carion,Christian,,Carion
Song Jin-U,Song,,Jin-U
"Carroll, Anne",Anne,,Carroll
"Osborne, Joseph P.",Joseph,P,Osborne
"Heo, Kyungdoo",Kyungdoo,,Heo
"Carney, Veronique",Veronique,,Carney
Michael Gordon Ker,Michael,Gordon,Ker
Yasutaka Ihara,Yasutaka,,Ihara
Basheer Mohamed Al-Khewani,Basheer,Mohamed,Al-Khewani
Loni Klettl,Loni,,Klettl
"Meacham, Denise",Denise,,Meacham
Stephen King,Stephen,,King
"Cochrane, Krysta",Krysta,,Cochrane
Alison Margaret Knowles,Alison,Margaret,Knowles
"Mcclish, Mickel",Mickel,,Mcclish
"Baratta, Gustavo",Gustavo,,Baratta
"Mish, Brad",Brad,,Mish
"Couture, Jocelyn",Jocelyn,,Couture
"Bedbury, Nick",Nick,,Bedbury
"Bigoni, Brian",Brian,,Bigoni
"Zaccheo, Billy",Billy,,Zaccheo
Zavana Aranga,Zavana,,Aranga
"Wells, Christine",Christine,,Wells
Klaus Hahn,Klaus,,Hahn
"Haylor, Richard",Richard,,Haylor
"O'Grady, Sean T.",Sean,T,O'Grady
"Brady, Lauren",Lauren,,Brady
Edgard Viseur,Edgard,,Viseur
"McCarron, Emma L.",Emma,L,McCarron
Andrea eri,Andrea,,eri
Eric Emil Lindroth,Eric,Emil,Lindroth
Akiyoshi Hongo,Akiyoshi,,Hongo
Song In-Jun,Song,,In-Jun
"Weerakoon, Neil",Neil,,Weerakoon
Benjamin Youla,Benjamin,,Youla
"Zappala, Lisa M.",Lisa,M,Zappala
"Stoddart, Jason",Jason,,Stoddart
"Paula, Manny M.",Manny,M,Paula
Ian Hamilton Wrigley,Ian,Hamilton,Wrigley
"Anthony, Larry",Larry,,Anthony
"Fudacz, Nancy",Nancy,,Fudacz
"Quiros, Christian",Christian,,Quiros
Wael Fahim Mostafa,Wael,Fahim,Mostafa
"Johnson, Susan L.",Susan,L,Johnson
"Humen, Laura B.",Laura,B,Humen
Hajime Watanuki,Hajime,,Watanuki
Georges Casimir Semelaigne,Georges,Casimir,Semelaigne
"Crandell, Kristina",Kristina,,Crandell
Olive Higgins Prouty,Olive,Higgins,Prouty
Jocelyn Moorhouse,Jocelyn,,Moorhouse
Fan Jie,Fan,,Jie
Gerhard J. Woeginger,Gerhard,J,Woeginger
Paul Golding,Paul,,Golding
Russell Banks,Russell,,Banks
Agustn Caldern Dez,Agustn,Caldern,Dez
Zhu Minzhu,Zhu,,Minzhu
Adam Jamie McGeorge,Adam,Jamie,McGeorge
"Bartlett, James W.",James,W,Bartlett
"Scapillato, Tim",Tim,,Scapillato
Claudia Strobl,Claudia,,Strobl
Irak'li Ch'och'ua,Irak'li,,Ch'och'ua
Fares Al-Ferjani,Fares,,Al-Ferjani
"Griffin, Kathryn S.",Kathryn,S,Griffin
"Martin, Christie L.",Christie,L,Martin
Monica Lanz,Monica,,Lanz
"Oates, Brian G.",Brian,G,Oates
"Jagutis, Jared J.",Jared,J,Jagutis
Houssine Kharja,Houssine,,Kharja
Chris Pratt,Chris,,Pratt
Hanna Viktoria Helgesson,Hanna,Viktoria,Helgesson
"Weirick, Chad R.",Chad,R,Weirick
"LaPointe, Talia A.",Talia,A,LaPointe
Esmeral Tunluer,Esmeral,,Tunluer
Gemma Arterton,Gemma,,Arterton
"Platzer, Shannon",Shannon,,Platzer
John Stiray,John,,Stiray
Ailana Fraser,Ailana,,Fraser
Maurice Edelston,Maurice,,Edelston
"Canney, Lori",Lori,,Canney
Shane William Archbold,Shane,William,Archbold
Wu Naiqun,Wu,,Naiqun
"L'Abbe, Fabienne",Fabienne,,L'Abbe
"Rush, Jeff",Jeff,,Rush
"Olivera, Gabriela",Gabriela,,Olivera
Adja Marieme Diop,Adja,Marieme,Diop
Leandra Wiloma Smeda,Leandra,Wiloma,Smeda
"Hobson, Robin J.",Robin,J,Hobson
Shiwe Octavia Nogwanya,Shiwe,Octavia,Nogwanya
"Fasan, Andrea",Andrea,,Fasan
Alvin Paul Wegeman,Alvin,Paul,Wegeman
"Hall, Robert",Robert,,Hall
Bernard Bourreau,Bernard,,Bourreau
Nataliya Tsyganova,Nataliya,,Tsyganova
Aksel Frederik Andersen,Aksel,Frederik,Andersen
"Fair, Stephen",Stephen,,Fair
"Modica, Nicole",Nicole,,Modica
Douglas George Churchill,Douglas,George,Churchill
Wilhelm Killing,Wilhelm,,Killing
"Johnson, Rhonda",Rhonda,,Johnson
George Nonomura,George,,Nonomura
Nils Kristian Eriksen,Nils,Kristian,Eriksen
Thrasyllus of Mendes,Thrasyllus,of,Mendes
Jerry Seinfeld,Jerry,,Seinfeld
Rudy Gauwe,Rudy,,Gauwe
"Kelly, John",John,,Kelly
Ahmed Abdul Basith,Ahmed,Abdul,Basith
"Brandt, Jaiden L.",Jaiden,L,Brandt
Julie Gerecht,Julie,,Gerecht
"Delmez, John A.",John,A,Delmez
"Howard, Sofia",Sofia,,Howard
Peter Matthews,Peter,,Matthews
"Purves, Brendan",Brendan,,Purves
"Egorov, Alexey",Alexey,,Egorov
Yevgeny Yuryevich Natsvin,Yevgeny,Yuryevich,Natsvin
Colin Firth,Colin,,Firth
Valerie Curtin,Valerie,,Curtin
Antonio Nestor Garca,Antonio,Nestor,Garca
"Haapala, Juha",Juha,,Haapala
"Bagnulo, Matthew",Matthew,,Bagnulo
Sidney Graham,Sidney,,Graham
Lennart Eisner,Lennart,,Eisner
"Benz, Brad",Brad,,Benz
"Shockley, Stacy",Stacy,,Shockley
Annette Bening,Annette,,Bening
"Vanfossen, Amy L.",Amy,L,Vanfossen
Sergio Chianella,Sergio,,Chianella
"Gertken, Jodi A.",Jodi,A,Gertken
"Barz, Wynde",Wynde,,Barz
Joseph Ludwig Raabe,Joseph,Ludwig,Raabe
"Mullins, Padraig",Padraig,,Mullins
"Fletcher, Graham A.",Graham,A,Fletcher
Dag Hopen,Dag,,Hopen
Isabelle Adjani,Isabelle,,Adjani
Jere Lee Elliott,Jere,Lee,Elliott
Denzel Washington,Denzel,,Washington
"Jo, Yoshiko",Yoshiko,,Jo
"Agudelo, John A.",John,A,Agudelo
"Scopelites, Kari",Kari,,Scopelites
Peter Koefoed,Peter,,Koefoed
"Morse, Vanessa",Vanessa,,Morse
Josh A. Cagan,Josh,A,Cagan
"Burnett, Jotham",Jotham,,Burnett
Guy Hirsch,Guy,,Hirsch
"Long, Caiying",Caiying,,Long
Paolo Ferrando,Paolo,,Ferrando
Marek Gawkowski,Marek,,Gawkowski
Chris Robanske,Chris,,Robanske
Tong Hui,Tong,,Hui
Seifu Mekonnen,Seifu,,Mekonnen
"Benson, Jill",Jill,,Benson
"Dixon, David",David,,Dixon
"Nelson, Joan E.",Joan,E,Nelson
Gregg Araki,Gregg,,Araki
"O'Brien, Bobby Earle",Bobby,Earle,O'Brien
"Warner, Chip",Chip,,Warner
Miroslav Jka,Miroslav,,Jka
"Yi, Li",Li,,Yi
Martin Ansa Ortz,Martin,Ansa,Ortz
"Shaffer, Allison",Allison,,Shaffer
Andrzej Bogdan Chylinski,Andrzej,Bogdan,Chylinski
"Swain, Scott A.",Scott,A,Swain
"Todd, Ken",Ken,,Todd
"Weidensaul, Nicole",Nicole,,Weidensaul
"Woo, Jong Jung",Jong,Jung,Woo
"Kimball, Jeff",Jeff,,Kimball
Valentina Serghei,Valentina,,Serghei
"Roach, Gabe",Gabe,,Roach
Hirofumi Sakai,Hirofumi,,Sakai
"Kelly, Ryan D.",Ryan,D,Kelly
David Connor,David,,Connor
Marcel Vlad,Marcel,,Vlad
"Moniak, Daniel",Daniel,,Moniak
Stanko Despot,Stanko,,Despot
"Merkel, Patricia",Patricia,,Merkel
Billy Mark Morgan,Billy,Mark,Morgan
"Suris, Edgar",Edgar,,Suris
"Brooks, Daniel",Daniel,,Brooks
"Blakney, Luz A.",Luz,A,Blakney
Harrison Ford,Harrison,,Ford
Karim Saddam Minshid,Karim,Saddam,Minshid
David Moret,David,,Moret
Yoshitaka Tokunaga,Yoshitaka,,Tokunaga
"Schriner, Amber",Amber,,Schriner
Takashige Matsumoto,Takashige,,Matsumoto
"Petersen, David",David,,Petersen
James Cameron,James,,Cameron
"Rotherham, Suzanne",Suzanne,,Rotherham
Denis Ulanov,Denis,,Ulanov
"Johnson, Neil",Neil,,Johnson
"Zerressen, Mike",Mike,,Zerressen
"Robbins, Allison",Allison,,Robbins
Stefan Wgerbauer,Stefan,,Wgerbauer
Hubert Hhne,Hubert,,Hhne
David Earl McGill,David,Earl,McGill
Kyriaki Kouvari,Kyriaki,,Kouvari
Tatiana De Rosnay,Tatiana,De,Rosnay
Ryan Kwanten,Ryan,,Kwanten
Teruko Nakano,Teruko,,Nakano
Gustaf Eugen Bergman,Gustaf,Eugen,Bergman
Leonel Gabriel Priz,Leonel,Gabriel,Priz
"Kearney, Mary K.",Mary,K,Kearney
Teruko Yamada,Teruko,,Yamada
Guy de Maupassant,Guy,de,Maupassant
Stefanie Horn,Stefanie,,Horn
Mario Mattioli,Mario,,Mattioli
"Barnett, Shanon",Shanon,,Barnett
Tommy Lee Jones,Tommy,Lee,Jones
Vladas Jankauskas,Vladas,,Jankauskas
Renato Martini,Renato,,Martini
Constantin Popovici,Constantin,,Popovici
Jacek Tadeusz Morajko,Jacek,Tadeusz,Morajko
George Edward Mara,George,Edward,Mara
"Saad, Mohammad",Mohammad,,Saad
"Seney, Matt",Matt,,Seney
Alec Baldwin,Alec,,Baldwin
Emanuele Di Gregorio,Emanuele,Di,Gregorio
"Martino, Paul",Paul,,Martino
"Tranchina, Sara",Sara,,Tranchina
"Staffin, Kevin",Kevin,,Staffin
"Goldstein, Jessi F.",Jessi,F,Goldstein
"Hybels, David",David,,Hybels
"Bischoff, Charlie",Charlie,,Bischoff
Mladen Bestvina,Mladen,,Bestvina
"Levangie, Peter",Peter,,Levangie
Alyssa Milano,Alyssa,,Milano
"Vuono, Jeffrey",Jeffrey,,Vuono
Oscar Ral Bidegain,Oscar,Ral,Bidegain
Godwin Okpara,Godwin,,Okpara
Li Yanyan,Li,,Yanyan
"Blanchard, Tim",Tim,,Blanchard
Rafael Nickel,Rafael,,Nickel
Susanne Losch,Susanne,,Losch
Peter Weller,Peter,,Weller
"Colleran, Tim",Tim,,Colleran
Ariel Ramos Wilson,Ariel,Ramos,Wilson
Devon Sawa,Devon,,Sawa
Brian Azzarello,Brian,,Azzarello
"Hernandez, Elizabeth",Elizabeth,,Hernandez
Laura Vargas Koch,Laura,Vargas,Koch
Keira Knightley,Keira,,Knightley
Yevgeny Lomach,Yevgeny,,Lomach
Selin Oruz,Selin,,Oruz
Gnter Siegmund,Gnter,,Siegmund
"Mota, Juan",Juan,,Mota
Abdul Mansaray,Abdul,,Mansaray
"Rawdon, Dick",Dick,,Rawdon
James W. Davis,James,W,Davis
Birhanu Yemataw Balew,Birhanu,Yemataw,Balew
"Sorenson, Wendy",Wendy,,Sorenson
Giorgio Cecchetti,Giorgio,,Cecchetti
Erik Lars Lindeberg,Erik,Lars,Lindeberg
Leung Chun Wing,Leung,Chun,Wing
Elisabeth Shue,Elisabeth,,Shue
"Thomas, John C.",John,C,Thomas
"Seymour, Alan C.",Alan,C,Seymour
Georges Van Haelen,Georges,Van,Haelen
"Cohen, Mark",Mark,,Cohen
Franc itnik,Franc,,itnik
Eugne Legrand,Eugne,,Legrand
"Pratt, Daniel J.",Daniel,J,Pratt
"Cho, Tai Hee",Tai,Hee,Cho
"Bilimoria, Bhavin",Bhavin,,Bilimoria
"Pearce, Raymond A.",Raymond,A,Pearce
Joseph Weber,Joseph,,Weber
"Burrows, Jennifer",Jennifer,,Burrows
"Thompson, Jace",Jace,,Thompson
Rao Vucini,Rao,,Vucini
Ayman Mazhar,Ayman,,Mazhar
"Salem, Juliana B.",Juliana,B,Salem
Robin Godfrey Hodder,Robin,Godfrey,Hodder
Jonathan Adam Holland,Jonathan,Adam,Holland
"Kneller, Sian",Sian,,Kneller
Pter Vpi,Pter,,Vpi
"Liao, Kuo Chih",Kuo,Chih,Liao
"Jaskiewicz, Ryan",Ryan,,Jaskiewicz
Fethi Ghariani,Fethi,,Ghariani
"Carlen, Katarina",Katarina,,Carlen
Arto Salomaa,Arto,,Salomaa
Quentin Tarantino,Quentin,,Tarantino
Jnos Rehus-Uzor,Jnos,,Rehus-Uzor
"Juengel, Dave",Dave,,Juengel
Teresa Cohen,Teresa,,Cohen
"Vigneron, Peter",Peter,,Vigneron
Daniel Gillespie,Daniel,,Gillespie
"Dawes, Bridget K.",Bridget,K,Dawes
"Merrill, Kathryn",Kathryn,,Merrill
Michael Adams,Michael,,Adams
"Stevens, Aaron Z.",Aaron,Z,Stevens
Aleksandar ivkovic,Aleksandar,,ivkovic
"Hashida, Akiko",Akiko,,Hashida
Matthew Sarmento,Matthew,,Sarmento
"Dandaraw, Susan",Susan,,Dandaraw
"Branum, Ashley",Ashley,,Branum
"Rebella, Dan",Dan,,Rebella
Haakon Piro Bryhn,Haakon,Piro,Bryhn
Edward Furlong,Edward,,Furlong
Markus Pittner,Markus,,Pittner
Anthony Frederick Holles,Anthony,Frederick,Holles
"Staub, Christine",Christine,,Staub
Richard Couch,Richard,,Couch
Hao Kexin,Hao,,Kexin
"Price, Tim",Tim,,Price
Moumouni Siuley,Moumouni,,Siuley
Melanie Matthews,Melanie,,Matthews
"Goodwin, Elizabeth",Elizabeth,,Goodwin
Andr Claude,Andr,,Claude
Robert De Niro,Robert,De,Niro
"Bushong, Cailtlin",Cailtlin,,Bushong
Pierino Caccialupi,Pierino,,Caccialupi
"Reddy, Naveen",Naveen,,Reddy
"Hijri, Mohamed",Mohamed,,Hijri
Delphine Lansac,Delphine,,Lansac
"Kelly, Thomas",Thomas,,Kelly
Ken Steven Tsujiura,Ken,Steven,Tsujiura
Cindy Eadie,Cindy,,Eadie
Michael Shaara,Michael,,Shaara
"Horning, Peter",Peter,,Horning
Max Hofmeister,Max,,Hofmeister
"Sahnd, Kevin",Kevin,,Sahnd
"Klarich, Lee",Lee,,Klarich
John Houston Craige,John,Houston,Craige
"Bretz, Virgil",Virgil,,Bretz
Nick Thompson,Nick,,Thompson
"Rivera, Miguel",Miguel,,Rivera
Anatoly Ivanovich Nazarenko,Anatoly,Ivanovich,Nazarenko
Yves-Louis Pinaud,Yves-Louis,,Pinaud
"Hicks, Thomas",Thomas,,Hicks
Philippe Stott,Philippe,,Stott
Bill Chen,Bill,,Chen
Colin Farrell,Colin,,Farrell
Paul Schupp,Paul,,Schupp
Micha Bieniek,Micha,,Bieniek
Ludovic Gal,Ludovic,,Gal
"Rudman, Nicholas III",Nicholas,,Rudman
Han Wenxia,Han,,Wenxia
Claudia Barth,Claudia,,Barth
"Lane, Kathryn E.",Kathryn,E,Lane
Bill Pullman,Bill,,Pullman
"Vierzba, Nicole M.",Nicole,M,Vierzba
"Sack, Myra",Myra,,Sack
"Galarneau, Jason",Jason,,Galarneau
"Sackles, Paul E.",Paul,E,Sackles
Igor Solopov,Igor,,Solopov
"Nam, Kyung J.",Kyung,J,Nam
"Murphy, Leah J.",Leah,J,Murphy
Jason Schafer,Jason,,Schafer
Johannes Lauridsen,Johannes,,Lauridsen
"Ziegler, Ron",Ron,,Ziegler
Lyman Currier,Lyman,,Currier
Kokoutse Fabrice Dabla,Kokoutse,Fabrice,Dabla
"Mccullough, Sarah",Sarah,,Mccullough
"Liang, Steven W.",Steven,W,Liang
Alain Portes,Alain,,Portes
Georges Grosjean,Georges,,Grosjean
Pernille Svarre Nielsen,Pernille,Svarre,Nielsen
"Elliott, Karey",Karey,,Elliott
"Graham, Scott C.",Scott,C,Graham
Julio Cabrera Balsa,Julio,Cabrera,Balsa
Ibrain Crombet McKenzie,Ibrain,Crombet,McKenzie
Andrew Birkin,Andrew,,Birkin
Beniamin Kuciski,Beniamin,,Kuciski
"Wong, Ken Mun",Ken,Mun,Wong
River Phoenix,River,,Phoenix
"Cheung, Tak Hong",Tak,Hong,Cheung
Swen Schuller,Swen,,Schuller
"Brady, Tye M.",Tye,M,Brady
"Biwott, Shadrack",Shadrack,,Biwott
Claude Jean-Prost,Claude,,Jean-Prost
"Hagwood, Jennifer M.",Jennifer,M,Hagwood
"Parent, Joe",Joe,,Parent
"Neal, Samuel R.",Samuel,R,Neal
"Fischer, Brad",Brad,,Fischer
"Lucey, Jim",Jim,,Lucey
Hisayoshi Harasawa,Hisayoshi,,Harasawa
John Coffey,John,,Coffey
"Hernandez, Francisco M.",Francisco,M,Hernandez
Kristian Seip,Kristian,,Seip
Ivan Demyanenko,Ivan,,Demyanenko
"Manley, Mark",Mark,,Manley
Kazimierz Sichulski,Kazimierz,,Sichulski
Mikhailis Kalomoiris,Mikhailis,,Kalomoiris
"Egge, Jerry",Jerry,,Egge
Nicolaas Pieneman,Nicolaas,,Pieneman
"Tavolacci, John",John,,Tavolacci
John Zakrzewski,John,,Zakrzewski
"Tuch, Ramon",Ramon,,Tuch
"Leblanc, Daniel",Daniel,,Leblanc
"Ferrigno, Pat A.",Pat,A,Ferrigno
Ronnie Drrenmatt,Ronnie,,Drrenmatt
Yeter Seviml,Yeter,,Seviml
"Dalmas, Susana",Susana,,Dalmas
Zach Dean,Zach,,Dean
Alistair Davis,Alistair,,Davis
Dusn Kovcs,Dusn,,Kovcs
"White, Gail M.",Gail,M,White
"Sheil, William",William,,Sheil
George Clooney,George,,Clooney
Joel Lebowitz,Joel,,Lebowitz
Jens Jensen Nygrd,Jens,Jensen,Nygrd
Ralph Gorman Hills,Ralph,Gorman,Hills
"Makishima, Ryuhei",Ryuhei,,Makishima
Gary Michael Stenlund,Gary,Michael,Stenlund
"Elliott, Richard",Richard,,Elliott
Jane Patterson,Jane,,Patterson
Bolesaw Czaiski,Bolesaw,,Czaiski
Albert Joseph Hulsebosch,Albert,Joseph,Hulsebosch
"Salvas, David G.",David,G,Salvas
Antonella Palmisano,Antonella,,Palmisano
Ligiah Villalobos,Ligiah,,Villalobos
"Blasberg, Jeanne M.",Jeanne,M,Blasberg
"List, Jay",Jay,,List
Ronald John Blaker,Ronald,John,Blaker
"Chung, Joan",Joan,,Chung
"Weeks, Karissa",Karissa,,Weeks
"Mott, Joseph",Joseph,,Mott
"Schaefer, Samalya",Samalya,,Schaefer
"Silver, Karen",Karen,,Silver
"Sellers, David",David,,Sellers
Paula McKenzie,Paula,,McKenzie
Christine Cavanaugh,Christine,,Cavanaugh
Keith Chapman Hartley,Keith,Chapman,Hartley
"Dang, Minh V.",Minh,V,Dang
Adam Alleca,Adam,,Alleca
Ernst G. Straus,Ernst,G,Straus
Elwood Watson Godfrey,Elwood,Watson,Godfrey
"McConnell, Margaret C.",Margaret,C,McConnell
Ahmed Goumar,Ahmed,,Goumar
"Kush, Michael",Michael,,Kush
Jake Gyllenhaal,Jake,,Gyllenhaal
"Hanisko, Kaitlyn",Kaitlyn,,Hanisko
"Pageau, Isabelle",Isabelle,,Pageau
"Muia, Marc",Marc,,Muia
Ronald C. Read,Ronald,C,Read
"Sasaki, Yoshiaki",Yoshiaki,,Sasaki
Peter Gordon Parrott,Peter,Gordon,Parrott
"Zamore, Turner",Turner,,Zamore
"Maezaki, Masayo",Masayo,,Maezaki
Wesley Strick,Wesley,,Strick
Peter Leismller,Peter,,Leismller
"Rancourt, Bernard",Bernard,,Rancourt
Isaac Gilbert Sinkot,Isaac,Gilbert,Sinkot
"Kumin, Alexandra",Alexandra,,Kumin
Otto Dersch,Otto,,Dersch
Teodor Florian,Teodor,,Florian
John W. Young,John,W,Young
Russ Courtnall,Russ,,Courtnall
Brian Conrey,Brian,,Conrey
Melissa Boarts,Melissa,,Boarts
George Huston Bare,George,Huston,Bare
"Bennett, Rogelio",Rogelio,,Bennett
"McCabe, William",William,,McCabe
Kristine Elisabeth Tnnander,Kristine,Elisabeth,Tnnander
Vladimir Vadimovich Malkov,Vladimir,Vadimovich,Malkov
Andrew Burton,Andrew,,Burton
"McDermott, Laura M.",Laura,M,McDermott
"Carr, Oliver III",Oliver,,Carr
"Hutt, Roger",Roger,,Hutt
Peter Campbell Renner,Peter,Campbell,Renner
Paul Hanley,Paul,,Hanley
Marguerita Goua Lou,Marguerita,Goua,Lou
Philip Adrian Goedluck,Philip,Adrian,Goedluck
Marjorie Acker Phillips,Marjorie,Acker,Phillips
"Kaczka, Greg",Greg,,Kaczka
"Zyryanov, Sergey",Sergey,,Zyryanov
"Wessmann, Sarah P.",Sarah,P,Wessmann
"Villafane, Juan",Juan,,Villafane
Carl Sander Santesson,Carl,Sander,Santesson
"Godin, Kenneth C.",Kenneth,C,Godin
"Glenney, Jonathan",Jonathan,,Glenney
"Beir, Andrew",Andrew,,Beir
"Chiasson, Rejean",Rejean,,Chiasson
David Harold Cummings,David,Harold,Cummings
John Briley,John,,Briley
"Wegerdt, Paul A.",Paul,A,Wegerdt
Els Rens,Els,,Rens
Manuel Majo Hernndez,Manuel,Majo,Hernndez
Eduardo Sastre,Eduardo,,Sastre
Josephine Henning,Josephine,,Henning
Brendan Fraser,Brendan,,Fraser
"Bazhina, Sasha",Sasha,,Bazhina
Marta Tibor,Marta,,Tibor
"Weaver, David",David,,Weaver
"Russey, Daniel",Daniel,,Russey
Won Ok-Im,Won,,Ok-Im
"Flock, Sean",Sean,,Flock
"Lacroix, Hugo",Hugo,,Lacroix
"Miller, Taylor",Taylor,,Miller
Shah Rukh Khan,Shah,Rukh,Khan
"Wisnewski, Francia E.",Francia,E,Wisnewski
Benjamin Weiss,Benjamin,,Weiss
Toshihiko Iwasaki,Toshihiko,,Iwasaki
Heath Ledger,Heath,,Ledger
Espen Kofstad,Espen,,Kofstad
Mikhail Pavlovich Balenkov,Mikhail,Pavlovich,Balenkov
"Zhang, Cong",Cong,,Zhang
Serena M. Aunon,Serena,M,Aunon
Kahori Uchiyama,Kahori,,Uchiyama
"Robinson, Francine",Francine,,Robinson
"Astorino, Michael",Michael,,Astorino
"Towner, Kenny",Kenny,,Towner
Cristian Bajan,Cristian,,Bajan
Seynou Loum,Seynou,,Loum
"O'Horo, Susan",Susan,,O'Horo
Sun Qingmei,Sun,,Qingmei
Glen Morgan,Glen,,Morgan
"Helvey, Jason",Jason,,Helvey
Charles William Harbidge,Charles,William,Harbidge
Roger Behm,Roger,,Behm
Borislav Krastev Gidikov,Borislav,Krastev,Gidikov
Christian Ludger Ohiri,Christian,Ludger,Ohiri
"Oliver, Carter P.",Carter,P,Oliver
Michael Cera,Michael,,Cera
Paul Manuel,Paul,,Manuel
Jon Favreau,Jon,,Favreau
"Ramirez, Felipe",Felipe,,Ramirez
Pl Bakos,Pl,,Bakos
"Gleason, Marilee E.",Marilee,E,Gleason
"Aase, Geir Harald",Geir,Harald,Aase
Jonathan Watson,Jonathan,,Watson
"Jablonski, Steven",Steven,,Jablonski
Madeleine Thtu,Madeleine,,Thtu
"Santiago, Maggie",Maggie,,Santiago
Bruce Edward Richardson,Bruce,Edward,Richardson
"Hamer, Ashley",Ashley,,Hamer
Isaac Irving Brokaw,Isaac,Irving,Brokaw
"Kramer, Shelby",Shelby,,Kramer
Jos Ricardo Rodrigues,Jos,Ricardo,Rodrigues
Greg Coolidge,Greg,,Coolidge
"Stowell, Joanna",Joanna,,Stowell
"Elston, Whitney S.",Whitney,S,Elston
Peter Short,Peter,,Short
Marthin Peter Kornbakk,Marthin,Peter,Kornbakk
Irene Fischer,Irene,,Fischer
"Schneider, Jeffrey",Jeffrey,,Schneider
Joseph Liberman,Joseph,,Liberman
"Madden, Elizabeth",Elizabeth,,Madden
"Gamino, Ray",Ray,,Gamino
Niels Alfred Wamberg,Niels,Alfred,Wamberg
"Kaighin, Sandra L.",Sandra,L,Kaighin
"McNamara, Michael J.",Michael,J,McNamara
"Dunbar, Diane",Diane,,Dunbar
"Favorite, Elizabeth C.",Elizabeth,C,Favorite
"Teng, Kun Hsiang",Kun,Hsiang,Teng
Dursun Ali Eriba,Dursun,Ali,Eriba
Nathalie Gingras,Nathalie,,Gingras
Engelbert Lulla,Engelbert,,Lulla
Liu Guoke,Liu,,Guoke
"McLucas, Doug",Doug,,McLucas
"Wright, Kim S.",Kim,S,Wright
"Wisniewski, Marek",Marek,,Wisniewski
Laurence Dworet,Laurence,,Dworet
Robert Steinberg,Robert,,Steinberg
Olena Hrytsiuk,Olena,,Hrytsiuk
"Ito, Mark T.",Mark,T,Ito
Andrea Bettinelli,Andrea,,Bettinelli
"Crowe, Mary",Mary,,Crowe
"Sandvik, Christine",Christine,,Sandvik
Julien Lefvre,Julien,,Lefvre
"Cubillos, Camilo A.",Camilo,A,Cubillos
Liu Qiang,Liu,,Qiang
Seo Yun-Hui,Seo,,Yun-Hui
"Rigalt, Ann M.",Ann,M,Rigalt
"Feeney, Jodi M.",Jodi,M,Feeney
Nancy McLen Ferrer,Nancy,McLen,Ferrer
"Sylvester, Bridget K.",Bridget,K,Sylvester
"Foley, Kimberley",Kimberley,,Foley
Mahmoud Moustafa Fathalla,Mahmoud,Moustafa,Fathalla
"Freni, Robert N.",Robert,N,Freni
"Molk, Josh T.",Josh,T,Molk
Joel Warren Shankle,Joel,Warren,Shankle
"Corley, Jillian O.",Jillian,O,Corley
Karel Lidick,Karel,,Lidick
Edward Acquah,Edward,,Acquah
"Lindgren, Carly",Carly,,Lindgren
Mohamed Abdullatif Al-Qassar,Mohamed,Abdullatif,Al-Qassar
"Ahluwalia, Aditya",Aditya,,Ahluwalia
Cheung Mei Han,Cheung,Mei,Han
Aleksandr Nekrasov,Aleksandr,,Nekrasov
Henry Lion,Henry,,Lion
"Schwietz, Mark B.",Mark,B,Schwietz
"Sollish, Elizabeth",Elizabeth,,Sollish
"Welch, Gregory",Gregory,,Welch
Edward Rugoff,Edward,,Rugoff
Rabah Labiod,Rabah,,Labiod
Diane Lane,Diane,,Lane
Peter von Allmen,Peter,von,Allmen
Youssef Omar Isahak,Youssef,Omar,Isahak
"Gill, Russell W.",Russell,W,Gill
"Osman, Shereef",Shereef,,Osman
"Pawlowski, Eric P.",Eric,P,Pawlowski
"Scott, Robyn",Robyn,,Scott
"Gerhardt, Grace H.",Grace,H,Gerhardt
William Thomas Passmore,William,Thomas,Passmore
Jonas Armstrong,Jonas,,Armstrong
Lara Flynn Boyle,Lara,Flynn,Boyle
Jos Passera,Jos,,Passera
"Greeson, Laura",Laura,,Greeson
"D'Angelo, Nick",Nick,,D'Angelo
Koku Mensah Ahiaku,Koku,Mensah,Ahiaku
Thijs Visser,Thijs,,Visser
"Graves, Jenny A.",Jenny,A,Graves
Masakatsu Miyamoto,Masakatsu,,Miyamoto
"Walker, Tony",Tony,,Walker
Alexandru Froda,Alexandru,,Froda
Marie Farge,Marie,,Farge
"Fawley, Nancy",Nancy,,Fawley
Piotr Jerzy Langosz,Piotr,Jerzy,Langosz
"Edwards, Thomas B.",Thomas,B,Edwards
"Zubler, Aaron P.",Aaron,P,Zubler
"Phares, Marshall",Marshall,,Phares
"Boudreau, Wade A.",Wade,A,Boudreau
Justyna Banasiak,Justyna,,Banasiak
"Wong, Kenneth",Kenneth,,Wong
"Walters, Jason",Jason,,Walters
Ian McKellen,Ian,,McKellen
"Debruin, Matthew",Matthew,,Debruin
"Campbell, Gary W.",Gary,W,Campbell
William Cole,William,,Cole
"Preston, Billy",Billy,,Preston
Murray R. Spiegel,Murray,R,Spiegel
Lorentz Eichstadt,Lorentz,,Eichstadt
Thomas Ulrich,Thomas,,Ulrich
"Stilwell, Tyler",Tyler,,Stilwell
Jess Snchez Gonzlez,Jess,Snchez,Gonzlez
"Amico, Joseph M.",Joseph,M,Amico
Tyson Cleotis Chandler,Tyson,Cleotis,Chandler
Chris Sanders,Chris,,Sanders
Anatoly Samoilenko,Anatoly,,Samoilenko
Jeff Arch,Jeff,,Arch
Kim Alison Little,Kim,Alison,Little
"Vincent, Christine",Christine,,Vincent
"Forbes, James",James,,Forbes
Norihiko Kurahashi,Norihiko,,Kurahashi
Alois Holk,Alois,,Holk
Marc Nevens,Marc,,Nevens
Peter David Latham,Peter,David,Latham
Erich Koschik,Erich,,Koschik
Tommy Jan Mrth,Tommy,Jan,Mrth
"Najjar, Sabine",Sabine,,Najjar
"Soraghan, Tara",Tara,,Soraghan
Kamran Panjavi,Kamran,,Panjavi
Gabriel Alejandro Deck,Gabriel,Alejandro,Deck
Gina Bass,Gina,,Bass
"Leone, Peter",Peter,,Leone
Mohamed Latif,Mohamed,,Latif
John August,John,,August
"Prechtel, Jonathan H.",Jonathan,H,Prechtel
Jan Eric Johnson,Jan,Eric,Johnson
"Blinder, Yehuda",Yehuda,,Blinder
"Hildebrand, Shep",Shep,,Hildebrand
"Hood, John",John,,Hood
David Thoreau,David,,Thoreau
"Bjarnason, Ronald",Ronald,,Bjarnason
Kim Hyeon-Mi,Kim,,Hyeon-Mi
"Lake, Michaelen",Michaelen,,Lake
Gary Oldman,Gary,,Oldman
Gaspard Manesse,Gaspard,,Manesse
"Wheatcroft, Don",Don,,Wheatcroft
Edward Allan Anderson,Edward,Allan,Anderson
Rui Loja Fernandes,Rui,Loja,Fernandes
Louis Frommelt,Louis,,Frommelt
"Perlo, Sarah",Sarah,,Perlo
"Lopez, Gerardo",Gerardo,,Lopez
Lucy Stephan,Lucy,,Stephan
John Kyazze,John,,Kyazze
Ivn Gonzlez Santos,Ivn,Gonzlez,Santos
"Land, Susan",Susan,,Land
"Huber, Martin F.",Martin,F,Huber
Ma Wei,Ma,,Wei
Thierry Fabre,Thierry,,Fabre
"Boland, Will",Will,,Boland
Scott Rosenberg,Scott,,Rosenberg
"Nielsen, Danielle",Danielle,,Nielsen
Gheorghe Csegezi,Gheorghe,,Csegezi
"O'Grady, Beth E.",Beth,E,O'Grady
"Waite, Emily S.",Emily,S,Waite
"Lincoln, Patrick Brennan",Patrick,Brennan,Lincoln
Li Fengfeng,Li,,Fengfeng
Thibault Rossard,Thibault,,Rossard
"Cho, Youngseong",Youngseong,,Cho
Shinji Okazaki,Shinji,,Okazaki
"Rohrbach, Edward B.",Edward,B,Rohrbach
Javier Condor Long,Javier,Condor,Long
Charles M. Newman,Charles,M,Newman
"Good, Brendan",Brendan,,Good
Safarish Khan,Safarish,,Khan
"Byer, Alexandria",Alexandria,,Byer
Ramn Balcells Comas,Ramn,Balcells,Comas
Tom Clancy,Tom,,Clancy
Giuliano Galiazzo,Giuliano,,Galiazzo
Sacha Baron Cohen,Sacha,Baron,Cohen
Andrew Wilson,Andrew,,Wilson
Sergey Chesnokov,Sergey,,Chesnokov
Brian Johnson,Brian,,Johnson
"Cartier, Laurie",Laurie,,Cartier
"Schubert, Sarah",Sarah,,Schubert
Kerstin Mller,Kerstin,,Mller
Ernst Hrlimann,Ernst,,Hrlimann
Charles Speed Garner,Charles,Speed,Garner
John Vincent McIntyre,John,Vincent,McIntyre
Leif Hkon Hansen,Leif,Hkon,Hansen
"McKeever, Margaret",Margaret,,McKeever
Aleksandra Ivanovna Antonova,Aleksandra,Ivanovna,Antonova
Gerda Muller Karger,Gerda,Muller,Karger
Gerhard Gunther Rodehau,Gerhard,Gunther,Rodehau
Erik Oscar Heiberg,Erik,Oscar,Heiberg
Mel Gibson,Mel,,Gibson
"Kherat, Sam",Sam,,Kherat
"McDowall, Regan",Regan,,McDowall
"Eliason, David",David,,Eliason
"Fox, Sarah E.",Sarah,E,Fox
Elena Avram,Elena,,Avram
Mohammed Rabii,Mohammed,,Rabii
"Wiswell, Amy L.",Amy,L,Wiswell
"Faught, Jody",Jody,,Faught
Gertrud Regina Schfer,Gertrud,Regina,Schfer
Ramn Artigas Rigal,Ramn,Artigas,Rigal
Winston E. Scott,Winston,E,Scott
Brian Matthew Duensing,Brian,Matthew,Duensing
Yasha Manasherov,Yasha,,Manasherov
Kevin Smith,Kevin,,Smith
Zorobabel Rodrguez Rodrguez,Zorobabel,Rodrguez,Rodrguez
Malcolm Perkins Baker,Malcolm,Perkins,Baker
Bourhan Abro,Bourhan,,Abro
"Freer, Anne",Anne,,Freer
Haruki Kadokawa,Haruki,,Kadokawa
Ture Hkan Pettersson,Ture,Hkan,Pettersson
Elijah Wood,Elijah,,Wood
Nikolaos Zamanos,Nikolaos,,Zamanos
Christina Ricci,Christina,,Ricci
Marc Courtney Thompson,Marc,Courtney,Thompson
"Sullivan, Tim",Tim,,Sullivan
Sebastien James Edgar,Sebastien,James,Edgar
"Spann-Ly, Loc",Loc,,Spann-Ly
Keisuke Murai,Keisuke,,Murai
"Jarchow, Jaye A.",Jaye,A,Jarchow
Eniko Eva Kiefer,Eniko,Eva,Kiefer
John Wang Pedersen,John,Wang,Pedersen
"Hagan, John",John,,Hagan
"Huisinga, Sjoerd",Sjoerd,,Huisinga
"Mcinerney, Michelle",Michelle,,Mcinerney
Danny Rubin,Danny,,Rubin
Ferenc Temesvri,Ferenc,,Temesvri
Eduardo Noriega,Eduardo,,Noriega
Steven Chandra,Steven,,Chandra
"Kennedy, Wendy",Wendy,,Kennedy
Devon Hyde,Devon,,Hyde
Bndicte Augst,Bndicte,,Augst
"Palandri, Shawn",Shawn,,Palandri
Adrien Brody,Adrien,,Brody
Antonio Fernndez Ortz,Antonio,Fernndez,Ortz
Gayle Broughton,Gayle,,Broughton
"Li, Ailin",Ailin,,Li
Ivano Zasio,Ivano,,Zasio
"Fischer, Mark",Mark,,Fischer
"Bufe, Lauren",Lauren,,Bufe
Sara Linna Eriksson,Sara,Linna,Eriksson
Robin Williams,Robin,,Williams
"Douglas, Kevin",Kevin,,Douglas
"Mckenney, Ashley",Ashley,,Mckenney
"Nakasone, Jeffery J.",Jeffery,J,Nakasone
Hanami Sekine,Hanami,,Sekine
Michel Olivier Rouyer,Michel,Olivier,Rouyer
Roderick Taylor,Roderick,,Taylor
"Hoyt, Aimee",Aimee,,Hoyt
Victor Kolyvagin,Victor,,Kolyvagin
Karen Theresa Like,Karen,Theresa,Like
"McCarthy, Stephen M.",Stephen,M,McCarthy
Michel Bouquet,Michel,,Bouquet
"Loenen, Jeff",Jeff,,Loenen
Charles Norman Currey,Charles,Norman,Currey
"Diaz, Lisette",Lisette,,Diaz
"Ingold, Karen",Karen,,Ingold
"Peragine, Michael",Michael,,Peragine
Hamdan Hamzah,Hamdan,,Hamzah
Gerrit Wiebe Bijlsma,Gerrit,Wiebe,Bijlsma
"Lengel, Patti",Patti,,Lengel
"Cassetty, Thomas G.",Thomas,G,Cassetty
Sarkis Ayoub Moussa,Sarkis,Ayoub,Moussa
Marco Andrea Giungi,Marco,Andrea,Giungi
Harold N. Dash,Harold,N,Dash
"Ellison, Katelyn E.",Katelyn,E,Ellison
"Brown, Lisa",Lisa,,Brown
"Perry, Amy",Amy,,Perry
Megan Lane,Megan,,Lane
"Adelman, Doug",Doug,,Adelman
Jean Meeus,Jean,,Meeus
Ilias Louka,Ilias,,Louka
Julia Wierscher,Julia,,Wierscher
Miguel I. Ebreo,Miguel,I,Ebreo
"Berg, Elizabeth",Elizabeth,,Berg
Gholam Vafakhah,Gholam,,Vafakhah
Alexandros Laliotis,Alexandros,,Laliotis
Evelyne Tschopp,Evelyne,,Tschopp
"Szymanski, Steven P.",Steven,P,Szymanski
Krlis Ptersons,Krlis,,Ptersons
"Denning, Elizabeth Jane",Elizabeth,Jane,Denning
"Signal, Linda",Linda,,Signal
"Manick, Alexandra R.",Alexandra,R,Manick
Tian Qin,Tian,,Qin
"Sylvia, Ryan",Ryan,,Sylvia
"Jean, Sarah",Sarah,,Jean
"Robbins, Kristal M.",Kristal,M,Robbins
Eitaro Suzuki,Eitaro,,Suzuki
Emma Dyke,Emma,,Dyke
Bruce Lyons,Bruce,,Lyons
Lai-Sang Young,Lai-Sang,,Young
Tatyana Sergeyevna Stukalova,Tatyana,Sergeyevna,Stukalova
Miguel Mir Genes,Miguel,Mir,Genes
"Wade, Michelle M.",Michelle,M,Wade
Somchai Limpichat,Somchai,,Limpichat
Csaba Steig,Csaba,,Steig
"Glass, Roy L.",Roy,L,Glass
"Bryda, Karl",Karl,,Bryda
Luc Besson,Luc,,Besson
"Micue, Tracey M.",Tracey,M,Micue
Maja Corina Grnbek,Maja,Corina,Grnbek
Arsne Lucchini,Arsne,,Lucchini
Michael Robert Johnson,Michael,Robert,Johnson
Daniel Tesfaye,Daniel,,Tesfaye
"Perkins, Jennifer L.",Jennifer,L,Perkins
"Hentschel, Mario",Mario,,Hentschel
"Kauffmann, Hayley",Hayley,,Kauffmann
Stefan Kaltschtz,Stefan,,Kaltschtz
"Pinkoski, Gerard",Gerard,,Pinkoski
"Holzhauer, Maya Fe",Maya,Fe,Holzhauer
Helmut Strumpf,Helmut,,Strumpf
Sara B. Cooper,Sara,B,Cooper
"Errecart, Josh L.",Josh,L,Errecart
"Siwek, Donna M.",Donna,M,Siwek
Hans Egill Hansen,Hans,Egill,Hansen
"Delfosse, Anne",Anne,,Delfosse
"Milton, Daniel A.",Daniel,A,Milton
Mehdi Ghorbani,Mehdi,,Ghorbani
Mahmoud Abdel Aziz,Mahmoud,Abdel,Aziz
Herman Murray,Herman,,Murray
Leo Martino Sarti,Leo,Martino,Sarti
Somers William Cox,Somers,William,Cox
Chris Radant,Chris,,Radant
Arnold Scholz,Arnold,,Scholz
Krzysztof Andrzej Bujar,Krzysztof,Andrzej,Bujar
"Miceli, Michael A.",Michael,A,Miceli
"Vegas, Julia",Julia,,Vegas
"Haag, Jeffrey B.",Jeffrey,B,Haag
"Aziz, Meredith",Meredith,,Aziz
"Todd, Samuel",Samuel,,Todd
Jean Bourgain,Jean,,Bourgain
"Bashaw, Phil",Phil,,Bashaw
"Yoon, Hwan Jung",Hwan,Jung,Yoon
"Raney, Tom",Tom,,Raney
Kurt R. Stein,Kurt,R,Stein
Lambertus Benenga,Lambertus,,Benenga
Stefan Mlyakov,Stefan,,Mlyakov
Mariana Cress,Mariana,,Cress
Stephen Rea,Stephen,,Rea
Mun Yu-Ra,Mun,,Yu-Ra
"Osterlind, Meghan S.",Meghan,S,Osterlind
Robert Keres,Robert,,Keres
"Stevens, Martha",Martha,,Stevens
Magnar Nikolai Isaksen,Magnar,Nikolai,Isaksen
Moussa Omar Mohamed,Moussa,Omar,Mohamed
"Woods, Christine",Christine,,Woods
"Harris, Stacey L.",Stacey,L,Harris
"Putman, Michael",Michael,,Putman
"Edge, Norma",Norma,,Edge
Robin Bakker,Robin,,Bakker
"Fenske, Naomi",Naomi,,Fenske
"Dickson, Megan",Megan,,Dickson
Marcel Blanchard,Marcel,,Blanchard
Sybrand Lourens Botes,Sybrand,Lourens,Botes
"Foresta, Zachary",Zachary,,Foresta
"Tawaki, Shinji",Shinji,,Tawaki
"Grotz, David",David,,Grotz
Thomas Handschin,Thomas,,Handschin
Marie Vchov,Marie,,Vchov
Johan Teyler,Johan,,Teyler
Richard Swineshead,Richard,,Swineshead
"Wada, Noriko",Noriko,,Wada
Ahmed Zairi Zammel,Ahmed,Zairi,Zammel
Vladimr Dvoek,Vladimr,,Dvoek
Katsumi Shibata,Katsumi,,Shibata
Michael Keaton,Michael,,Keaton
"Talhelm, Alan",Alan,,Talhelm
"Shaffer, Douglas J.",Douglas,J,Shaffer
Conrad Leinemann,Conrad,,Leinemann
Charlie Cohen,Charlie,,Cohen
Terry Ronald Tiffee,Terry,Ronald,Tiffee
Hartley Cecil Saunders,Hartley,Cecil,Saunders
Willem Dafoe,Willem,,Dafoe
Shigemi Tamura,Shigemi,,Tamura
"Dyson, Paul J.",Paul,J,Dyson
Hebert Brol Cardenas,Hebert,Brol,Cardenas
"Porras, Natalia",Natalia,,Porras
"Christian, Jeffrey",Jeffrey,,Christian
